"NUTS2.Code","ISO2","agr","coa.oil.gas","pro","ely.elc","ser","air.wtp.tran"
"AT11","AT",11.23,NA,NA,11.5015703634,NA,0.5499
"AT12","AT",11.53,NA,NA,11.5015703634,NA,0.5499
"AT13","AT",11.74,NA,NA,11.5015703634,NA,0.5499
"AT21","AT",12.24,NA,NA,11.5015703634,NA,0.5499
"AT22","AT",11.76,NA,NA,11.5015703634,NA,0.5499
"AT31","AT",12.46,NA,NA,11.5015703634,NA,0.5499
"AT32","AT",12.01,NA,NA,11.5015703634,NA,0.5499
"AT33","AT",11.53,NA,NA,11.5015703634,NA,0.5499
"AT34","AT",12.48,NA,NA,11.5015703634,NA,0.5499
"BE10","BE",12.12,NA,NA,0.18606699078,NA,0.99264
"BE21","BE",12.06,NA,NA,0.18606699078,NA,0.99264
"BE22","BE",12.36,NA,NA,0.18606699078,NA,0.99264
"BE23","BE",11.79,NA,NA,0.18606699078,NA,0.99264
"BE24","BE",12.39,NA,NA,0.18606699078,NA,0.99264
"BE25","BE",10.65,NA,NA,0.18606699078,NA,0.99264
"BE31","BE",12.42,NA,NA,0.18606699078,NA,0.99264
"BE32","BE",12.36,NA,NA,0.18606699078,NA,0.99264
"BE33","BE",17.79,NA,NA,0.18606699078,NA,0.99264
"BE34","BE",17.58,NA,NA,0.18606699078,NA,0.99264
"BE35","BE",14.79,NA,NA,0.18606699078,NA,0.99264
"BG31","BG",19.74,NA,NA,2.262300873,NA,1.07724
"BG32","BG",15.99,NA,NA,2.262300873,NA,1.07724
"BG33","BG",15.84,NA,NA,2.262300873,NA,1.07724
"BG34","BG",15.9,NA,NA,2.262300873,NA,1.07724
"BG41","BG",19.08,NA,NA,2.262300873,NA,1.07724
"BG42","BG",15.93,NA,NA,2.262300873,NA,1.07724
"CZ01","CZ",12.55,NA,NA,0.47994624369,NA,1.51152
"CZ02","CZ",11.75,NA,NA,0.47994624369,NA,1.51152
"CZ03","CZ",11.33,NA,NA,0.47994624369,NA,1.51152
"CZ04","CZ",11.5,NA,NA,0.47994624369,NA,1.51152
"CZ05","CZ",11.93,NA,NA,0.47994624369,NA,1.51152
"CZ06","CZ",11.34,NA,NA,0.47994624369,NA,1.51152
"CZ07","CZ",11.79,NA,NA,0.47994624369,NA,1.51152
"CZ08","CZ",11.21,NA,NA,0.47994624369,NA,1.51152
"DE11","DE",9.3,NA,NA,0.347375128205,NA,0.29046
"DE12","DE",8.04,NA,NA,0.347375128205,NA,0.29046
"DE13","DE",11.49,NA,NA,0.347375128205,NA,0.29046
"DE14","DE",11.49,NA,NA,0.347375128205,NA,0.29046
"DE21","DE",7.53,NA,NA,0.347375128205,NA,0.29046
"DE22","DE",7.29,NA,NA,0.347375128205,NA,0.29046
"DE23","DE",7.2,NA,NA,0.347375128205,NA,0.29046
"DE24","DE",11.22,NA,NA,0.347375128205,NA,0.29046
"DE25","DE",9.78,NA,NA,0.347375128205,NA,0.29046
"DE26","DE",9.45,NA,NA,0.347375128205,NA,0.29046
"DE27","DE",7.86,NA,NA,0.347375128205,NA,0.29046
"DE30","DE",15.36,NA,NA,0.347375128205,NA,0.29046
"DE40","DE",6.78,NA,NA,0.347375128205,NA,0.29046
"DE50","DE",10.02,NA,NA,0.347375128205,NA,0.29046
"DE60","DE",10.14,NA,NA,0.347375128205,NA,0.29046
"DE71","DE",7.92,NA,NA,0.347375128205,NA,0.29046
"DE72","DE",11.37,NA,NA,0.347375128205,NA,0.29046
"DE73","DE",11.28,NA,NA,0.347375128205,NA,0.29046
"DE80","DE",7.83,NA,NA,0.347375128205,NA,0.29046
"DE91","DE",7.65,NA,NA,0.347375128205,NA,0.29046
"DE92","DE",7.92,NA,NA,0.347375128205,NA,0.29046
"DE93","DE",7.68,NA,NA,0.347375128205,NA,0.29046
"DE94","DE",9.99,NA,NA,0.347375128205,NA,0.29046
"DEA1","DE",10.14,NA,NA,0.347375128205,NA,0.29046
"DEA2","DE",8.4,NA,NA,0.347375128205,NA,0.29046
"DEA3","DE",8.4,NA,NA,0.347375128205,NA,0.29046
"DEA4","DE",8.1,NA,NA,0.347375128205,NA,0.29046
"DEA5","DE",11.16,NA,NA,0.347375128205,NA,0.29046
"DEB1","DE",11.4,NA,NA,0.347375128205,NA,0.29046
"DEB2","DE",8.61,NA,NA,0.347375128205,NA,0.29046
"DEB3","DE",7.92,NA,NA,0.347375128205,NA,0.29046
"DEC0","DE",7.85,NA,NA,0.347375128205,NA,0.29046
"DED2","DE",6.63,NA,NA,0.347375128205,NA,0.29046
"DED4","DE",7.29,NA,NA,0.347375128205,NA,0.29046
"DED5","DE",7.05,NA,NA,0.347375128205,NA,0.29046
"DEE0","DE",7.17,NA,NA,0.347375128205,NA,0.29046
"DEF0","DE",7.95,NA,NA,0.347375128205,NA,0.29046
"DEG0","DE",9.3,NA,NA,0.347375128205,NA,0.29046
"EL30","EL",16.71,NA,NA,1.907188605,NA,0
"EL41","EL",33,NA,NA,1.907188605,NA,0
"EL42","EL",28.32,NA,NA,1.907188605,NA,0
"EL43","EL",22.77,NA,NA,1.907188605,NA,0
"EL51","EL",19.17,NA,NA,1.907188605,NA,0
"EL52","EL",19.62,NA,NA,1.907188605,NA,0
"EL53","EL",11.58,NA,NA,1.907188605,NA,0
"EL54","EL",9.57,NA,NA,1.907188605,NA,0
"EL61","EL",11.88,NA,NA,1.907188605,NA,0
"EL62","EL",15.18,NA,NA,1.907188605,NA,0
"EL63","EL",15.9,NA,NA,1.907188605,NA,0
"EL64","EL",16.05,NA,NA,1.907188605,NA,0
"EL65","EL",11.61,NA,NA,1.907188605,NA,0
"FR10","FR",11.49,NA,NA,1.83902873817273,NA,0.5217
"FRB0","FR",11.34,NA,NA,1.83902873817273,NA,0.5217
"FRC1","FR",17.28,NA,NA,1.83902873817273,NA,0.5217
"FRC2","FR",15.78,NA,NA,1.83902873817273,NA,0.5217
"FRD1","FR",11.31,NA,NA,1.83902873817273,NA,0.5217
"FRD2","FR",11.46,NA,NA,1.83902873817273,NA,0.5217
"FRE1","FR",11.97,NA,NA,1.83902873817273,NA,0.5217
"FRE2","FR",11.97,NA,NA,1.83902873817273,NA,0.5217
"FRF1","FR",15.78,NA,NA,1.83902873817273,NA,0.5217
"FRF2","FR",16.47,NA,NA,1.83902873817273,NA,0.5217
"FRF3","FR",17.16,NA,NA,1.83902873817273,NA,0.5217
"FRG0","FR",11.1,NA,NA,1.83902873817273,NA,0.5217
"FRH0","FR",11.13,NA,NA,1.83902873817273,NA,0.5217
"FRI1","FR",11.82,NA,NA,1.83902873817273,NA,0.5217
"FRI2","FR",11.49,NA,NA,1.83902873817273,NA,0.5217
"FRI3","FR",11.19,NA,NA,1.83902873817273,NA,0.5217
"FRJ1","FR",11.37,NA,NA,1.83902873817273,NA,0.5217
"FRJ2","FR",10.89,NA,NA,1.83902873817273,NA,0.5217
"FRK1","FR",12,NA,NA,1.83902873817273,NA,0.5217
"FRK2","FR",11.55,NA,NA,1.83902873817273,NA,0.5217
"FRL0","FR",19.11,NA,NA,1.83902873817273,NA,0.5217
"FRM0","FR",18.66,NA,NA,1.83902873817273,NA,0.5217
"HR02","HR",17.31,NA,NA,6.6256180416,NA,1.67226
"HR03","HR",17.31,NA,NA,6.6256180416,NA,1.67226
"HR05","HR",17.31,NA,NA,6.6256180416,NA,1.67226
"HR06","HR",17.31,NA,NA,6.6256180416,NA,1.67226
"ITC1","IT",9,NA,NA,2.13030426,NA,0.38352
"ITC2","IT",9,NA,NA,2.13030426,NA,0.38352
"ITC3","IT",17.25,NA,NA,2.13030426,NA,0.38352
"ITC4","IT",12.84,NA,NA,2.13030426,NA,0.38352
"ITF1","IT",12.15,NA,NA,2.13030426,NA,0.38352
"ITF2","IT",13.35,NA,NA,2.13030426,NA,0.38352
"ITF3","IT",16.65,NA,NA,2.13030426,NA,0.38352
"ITF4","IT",12.57,NA,NA,2.13030426,NA,0.38352
"ITF5","IT",9.42,NA,NA,2.13030426,NA,0.38352
"ITF6","IT",12.99,NA,NA,2.13030426,NA,0.38352
"ITG1","IT",20.76,NA,NA,2.13030426,NA,0.38352
"ITG2","IT",13.05,NA,NA,2.13030426,NA,0.38352
"ITH1","IT",17.55,NA,NA,2.13030426,NA,0.38352
"ITH2","IT",0,NA,NA,2.13030426,NA,0.38352
"ITH3","IT",9.69,NA,NA,2.13030426,NA,0.38352
"ITH4","IT",8.52,NA,NA,2.13030426,NA,0.38352
"ITH5","IT",8.97,NA,NA,2.13030426,NA,0.38352
"ITI1","IT",11.22,NA,NA,2.13030426,NA,0.38352
"ITI2","IT",9.9,NA,NA,2.13030426,NA,0.38352
"ITI3","IT",11.61,NA,NA,2.13030426,NA,0.38352
"ITI4","IT",16.17,NA,NA,2.13030426,NA,0.38352
"HU11","HU",17.1,NA,NA,0.292246364544,NA,1.02366
"HU12","HU",18.33,NA,NA,0.292246364544,NA,1.02366
"HU21","HU",16.97,NA,NA,0.292246364544,NA,1.02366
"HU22","HU",10.53,NA,NA,0.292246364544,NA,1.02366
"HU23","HU",15.81,NA,NA,0.292246364544,NA,1.02366
"HU31","HU",16.62,NA,NA,0.292246364544,NA,1.02366
"HU32","HU",19.55,NA,NA,0.292246364544,NA,1.02366
"HU33","HU",18.01,NA,NA,0.292246364544,NA,1.02366
"AT11","AT",16.26,NA,NA,5.996591406,NA,1.47204
"AT12","AT",18.72,NA,NA,5.996591406,NA,1.47204
"AT13","AT",14.19,NA,NA,5.996591406,NA,1.47204
"AT21","AT",11.91,NA,NA,5.996591406,NA,1.47204
"AT22","AT",15.48,NA,NA,5.996591406,NA,1.47204
"AT31","AT",15,NA,NA,5.996591406,NA,1.47204
"AT32","AT",11.67,NA,NA,5.996591406,NA,1.47204
"AT33","AT",11.94,NA,NA,5.996591406,NA,1.47204
"AT34","AT",11.13,NA,NA,5.996591406,NA,1.47204
"PL21","PL",13.44,NA,NA,0.1307448894,NA,0.6909
"PL22","PL",12.84,NA,NA,0.1307448894,NA,0.6909
"PL41","PL",12.57,NA,NA,0.1307448894,NA,0.6909
"PL42","PL",11.16,NA,NA,0.1307448894,NA,0.6909
"PL43","PL",17.85,NA,NA,0.1307448894,NA,0.6909
"PL51","PL",10.5,NA,NA,0.1307448894,NA,0.6909
"PL52","PL",10.5,NA,NA,0.1307448894,NA,0.6909
"PL61","PL",11.01,NA,NA,0.1307448894,NA,0.6909
"PL62","PL",11.01,NA,NA,0.1307448894,NA,0.6909
"PL63","PL",11.01,NA,NA,0.1307448894,NA,0.6909
"PL71","PL",17.7,NA,NA,0.1307448894,NA,0.6909
"PL72","PL",13.17,NA,NA,0.1307448894,NA,0.6909
"PL81","PL",12.33,NA,NA,0.1307448894,NA,0.6909
"PL82","PL",13.23,NA,NA,0.1307448894,NA,0.6909
"PL84","PL",11.25,NA,NA,0.1307448894,NA,0.6909
"PL91","PL",12.66,NA,NA,0.1307448894,NA,0.6909
"PL92","PL",12.21,NA,NA,0.1307448894,NA,0.6909
"RO11","RO",14.82,NA,NA,5.127906816,NA,0.45684
"RO12","RO",15,NA,NA,5.127906816,NA,0.45684
"RO21","RO",16.74,NA,NA,5.127906816,NA,0.45684
"RO22","RO",19.98,NA,NA,5.127906816,NA,0.45684
"RO31","RO",19.8,NA,NA,5.127906816,NA,0.45684
"RO32","RO",22.47,NA,NA,5.127906816,NA,0.45684
"RO41","RO",19.26,NA,NA,5.127906816,NA,0.45684
"RO42","RO",14.91,NA,NA,5.127906816,NA,0.45684
"SI03","SI",15.21,NA,NA,4.0058410944,NA,2.14602
"SI04","SI",16.26,NA,NA,4.0058410944,NA,2.14602
"SK01","SK",19.53,NA,NA,2.9723288859,NA,1.51152
"SK02","SK",19.53,NA,NA,2.9723288859,NA,1.51152
"SK03","SK",19.53,NA,NA,2.9723288859,NA,1.51152
"SK04","SK",19.53,NA,NA,2.9723288859,NA,1.51152
