"NUTS2.Code","ISO2","AGR","MIN","MFG","EGW","CNS","TRD","OTP","WTP","CMN","OFI","OBS","REA","PUB","OSG"
"AT11","AT",11.23,0,0,11.5015703634,0,0,0.5499,0,0,0,0,0,0,0
"AT12","AT",11.53,0,0,11.5015703634,0,0,0.5499,0,0,0,0,0,0,0
"AT13","AT",11.74,0,0,11.5015703634,0,0,0.5499,0,0,0,0,0,0,0
"AT21","AT",12.24,0,0,11.5015703634,0,0,0.5499,0,0,0,0,0,0,0
"AT22","AT",11.76,0,0,11.5015703634,0,0,0.5499,0,0,0,0,0,0,0
"AT31","AT",12.46,0,0,11.5015703634,0,0,0.5499,0,0,0,0,0,0,0
"AT32","AT",12.01,0,0,11.5015703634,0,0,0.5499,0,0,0,0,0,0,0
"AT33","AT",11.53,0,0,11.5015703634,0,0,0.5499,0,0,0,0,0,0,0
"AT34","AT",12.48,0,0,11.5015703634,0,0,0.5499,0,0,0,0,0,0,0
"BE10","BE",12.12,0,0,0.18606699078,0,0,0.99264,0,0,0,0,0,0,0
"BE21","BE",12.06,0,0,0.18606699078,0,0,0.99264,0,0,0,0,0,0,0
"BE22","BE",12.36,0,0,0.18606699078,0,0,0.99264,0,0,0,0,0,0,0
"BE23","BE",11.79,0,0,0.18606699078,0,0,0.99264,0,0,0,0,0,0,0
"BE24","BE",12.39,0,0,0.18606699078,0,0,0.99264,0,0,0,0,0,0,0
"BE25","BE",10.65,0,0,0.18606699078,0,0,0.99264,0,0,0,0,0,0,0
"BE31","BE",12.42,0,0,0.18606699078,0,0,0.99264,0,0,0,0,0,0,0
"BE32","BE",12.36,0,0,0.18606699078,0,0,0.99264,0,0,0,0,0,0,0
"BE33","BE",17.79,0,0,0.18606699078,0,0,0.99264,0,0,0,0,0,0,0
"BE34","BE",17.58,0,0,0.18606699078,0,0,0.99264,0,0,0,0,0,0,0
"BE35","BE",14.79,0,0,0.18606699078,0,0,0.99264,0,0,0,0,0,0,0
"BG31","BG",19.74,0,0,2.262300873,0,0,1.07724,0,0,0,0,0,0,0
"BG32","BG",15.99,0,0,2.262300873,0,0,1.07724,0,0,0,0,0,0,0
"BG33","BG",15.84,0,0,2.262300873,0,0,1.07724,0,0,0,0,0,0,0
"BG34","BG",15.9,0,0,2.262300873,0,0,1.07724,0,0,0,0,0,0,0
"BG41","BG",19.08,0,0,2.262300873,0,0,1.07724,0,0,0,0,0,0,0
"BG42","BG",15.93,0,0,2.262300873,0,0,1.07724,0,0,0,0,0,0,0
"CZ01","CZ",12.55,0,0,0.47994624369,0,0,1.51152,0,0,0,0,0,0,0
"CZ02","CZ",11.75,0,0,0.47994624369,0,0,1.51152,0,0,0,0,0,0,0
"CZ03","CZ",11.33,0,0,0.47994624369,0,0,1.51152,0,0,0,0,0,0,0
"CZ04","CZ",11.5,0,0,0.47994624369,0,0,1.51152,0,0,0,0,0,0,0
"CZ05","CZ",11.93,0,0,0.47994624369,0,0,1.51152,0,0,0,0,0,0,0
"CZ06","CZ",11.34,0,0,0.47994624369,0,0,1.51152,0,0,0,0,0,0,0
"CZ07","CZ",11.79,0,0,0.47994624369,0,0,1.51152,0,0,0,0,0,0,0
"CZ08","CZ",11.21,0,0,0.47994624369,0,0,1.51152,0,0,0,0,0,0,0
"DE11","DE",9.3,0,0,0.347375128205,0,0,0.29046,0,0,0,0,0,0,0
"DE12","DE",8.04,0,0,0.347375128205,0,0,0.29046,0,0,0,0,0,0,0
"DE13","DE",11.49,0,0,0.347375128205,0,0,0.29046,0,0,0,0,0,0,0
"DE14","DE",11.49,0,0,0.347375128205,0,0,0.29046,0,0,0,0,0,0,0
"DE21","DE",7.53,0,0,0.347375128205,0,0,0.29046,0,0,0,0,0,0,0
"DE22","DE",7.29,0,0,0.347375128205,0,0,0.29046,0,0,0,0,0,0,0
"DE23","DE",7.2,0,0,0.347375128205,0,0,0.29046,0,0,0,0,0,0,0
"DE24","DE",11.22,0,0,0.347375128205,0,0,0.29046,0,0,0,0,0,0,0
"DE25","DE",9.78,0,0,0.347375128205,0,0,0.29046,0,0,0,0,0,0,0
"DE26","DE",9.45,0,0,0.347375128205,0,0,0.29046,0,0,0,0,0,0,0
"DE27","DE",7.86,0,0,0.347375128205,0,0,0.29046,0,0,0,0,0,0,0
"DE30","DE",15.36,0,0,0.347375128205,0,0,0.29046,0,0,0,0,0,0,0
"DE40","DE",6.78,0,0,0.347375128205,0,0,0.29046,0,0,0,0,0,0,0
"DE50","DE",10.02,0,0,0.347375128205,0,0,0.29046,0,0,0,0,0,0,0
"DE60","DE",10.14,0,0,0.347375128205,0,0,0.29046,0,0,0,0,0,0,0
"DE71","DE",7.92,0,0,0.347375128205,0,0,0.29046,0,0,0,0,0,0,0
"DE72","DE",11.37,0,0,0.347375128205,0,0,0.29046,0,0,0,0,0,0,0
"DE73","DE",11.28,0,0,0.347375128205,0,0,0.29046,0,0,0,0,0,0,0
"DE80","DE",7.83,0,0,0.347375128205,0,0,0.29046,0,0,0,0,0,0,0
"DE91","DE",7.65,0,0,0.347375128205,0,0,0.29046,0,0,0,0,0,0,0
"DE92","DE",7.92,0,0,0.347375128205,0,0,0.29046,0,0,0,0,0,0,0
"DE93","DE",7.68,0,0,0.347375128205,0,0,0.29046,0,0,0,0,0,0,0
"DE94","DE",9.99,0,0,0.347375128205,0,0,0.29046,0,0,0,0,0,0,0
"DEA1","DE",10.14,0,0,0.347375128205,0,0,0.29046,0,0,0,0,0,0,0
"DEA2","DE",8.4,0,0,0.347375128205,0,0,0.29046,0,0,0,0,0,0,0
"DEA3","DE",8.4,0,0,0.347375128205,0,0,0.29046,0,0,0,0,0,0,0
"DEA4","DE",8.1,0,0,0.347375128205,0,0,0.29046,0,0,0,0,0,0,0
"DEA5","DE",11.16,0,0,0.347375128205,0,0,0.29046,0,0,0,0,0,0,0
"DEB1","DE",11.4,0,0,0.347375128205,0,0,0.29046,0,0,0,0,0,0,0
"DEB2","DE",8.61,0,0,0.347375128205,0,0,0.29046,0,0,0,0,0,0,0
"DEB3","DE",7.92,0,0,0.347375128205,0,0,0.29046,0,0,0,0,0,0,0
"DEC0","DE",7.85,0,0,0.347375128205,0,0,0.29046,0,0,0,0,0,0,0
"DED2","DE",6.63,0,0,0.347375128205,0,0,0.29046,0,0,0,0,0,0,0
"DED4","DE",7.29,0,0,0.347375128205,0,0,0.29046,0,0,0,0,0,0,0
"DED5","DE",7.05,0,0,0.347375128205,0,0,0.29046,0,0,0,0,0,0,0
"DEE0","DE",7.17,0,0,0.347375128205,0,0,0.29046,0,0,0,0,0,0,0
"DEF0","DE",7.95,0,0,0.347375128205,0,0,0.29046,0,0,0,0,0,0,0
"DEG0","DE",9.3,0,0,0.347375128205,0,0,0.29046,0,0,0,0,0,0,0
"EL30","EL",16.71,0,0,1.907188605,0,0,0,0,0,0,0,0,0,0
"EL41","EL",33,0,0,1.907188605,0,0,0,0,0,0,0,0,0,0
"EL42","EL",28.32,0,0,1.907188605,0,0,0,0,0,0,0,0,0,0
"EL43","EL",22.77,0,0,1.907188605,0,0,0,0,0,0,0,0,0,0
"EL51","EL",19.17,0,0,1.907188605,0,0,0,0,0,0,0,0,0,0
"EL52","EL",19.62,0,0,1.907188605,0,0,0,0,0,0,0,0,0,0
"EL53","EL",11.58,0,0,1.907188605,0,0,0,0,0,0,0,0,0,0
"EL54","EL",9.57,0,0,1.907188605,0,0,0,0,0,0,0,0,0,0
"EL61","EL",11.88,0,0,1.907188605,0,0,0,0,0,0,0,0,0,0
"EL62","EL",15.18,0,0,1.907188605,0,0,0,0,0,0,0,0,0,0
"EL63","EL",15.9,0,0,1.907188605,0,0,0,0,0,0,0,0,0,0
"EL64","EL",16.05,0,0,1.907188605,0,0,0,0,0,0,0,0,0,0
"EL65","EL",11.61,0,0,1.907188605,0,0,0,0,0,0,0,0,0,0
"FR10","FR",11.49,0,0,1.83902873817273,0,0,0.5217,0,0,0,0,0,0,0
"FRB0","FR",11.34,0,0,1.83902873817273,0,0,0.5217,0,0,0,0,0,0,0
"FRC1","FR",17.28,0,0,1.83902873817273,0,0,0.5217,0,0,0,0,0,0,0
"FRC2","FR",15.78,0,0,1.83902873817273,0,0,0.5217,0,0,0,0,0,0,0
"FRD1","FR",11.31,0,0,1.83902873817273,0,0,0.5217,0,0,0,0,0,0,0
"FRD2","FR",11.46,0,0,1.83902873817273,0,0,0.5217,0,0,0,0,0,0,0
"FRE1","FR",11.97,0,0,1.83902873817273,0,0,0.5217,0,0,0,0,0,0,0
"FRE2","FR",11.97,0,0,1.83902873817273,0,0,0.5217,0,0,0,0,0,0,0
"FRF1","FR",15.78,0,0,1.83902873817273,0,0,0.5217,0,0,0,0,0,0,0
"FRF2","FR",16.47,0,0,1.83902873817273,0,0,0.5217,0,0,0,0,0,0,0
"FRF3","FR",17.16,0,0,1.83902873817273,0,0,0.5217,0,0,0,0,0,0,0
"FRG0","FR",11.1,0,0,1.83902873817273,0,0,0.5217,0,0,0,0,0,0,0
"FRH0","FR",11.13,0,0,1.83902873817273,0,0,0.5217,0,0,0,0,0,0,0
"FRI1","FR",11.82,0,0,1.83902873817273,0,0,0.5217,0,0,0,0,0,0,0
"FRI2","FR",11.49,0,0,1.83902873817273,0,0,0.5217,0,0,0,0,0,0,0
"FRI3","FR",11.19,0,0,1.83902873817273,0,0,0.5217,0,0,0,0,0,0,0
"FRJ1","FR",11.37,0,0,1.83902873817273,0,0,0.5217,0,0,0,0,0,0,0
"FRJ2","FR",10.89,0,0,1.83902873817273,0,0,0.5217,0,0,0,0,0,0,0
"FRK1","FR",12,0,0,1.83902873817273,0,0,0.5217,0,0,0,0,0,0,0
"FRK2","FR",11.55,0,0,1.83902873817273,0,0,0.5217,0,0,0,0,0,0,0
"FRL0","FR",19.11,0,0,1.83902873817273,0,0,0.5217,0,0,0,0,0,0,0
"FRM0","FR",18.66,0,0,1.83902873817273,0,0,0.5217,0,0,0,0,0,0,0
"HR02","HR",17.31,0,0,6.6256180416,0,0,1.67226,0,0,0,0,0,0,0
"HR03","HR",17.31,0,0,6.6256180416,0,0,1.67226,0,0,0,0,0,0,0
"HR05","HR",17.31,0,0,6.6256180416,0,0,1.67226,0,0,0,0,0,0,0
"HR06","HR",17.31,0,0,6.6256180416,0,0,1.67226,0,0,0,0,0,0,0
"ITC1","IT",9,0,0,2.13030426,0,0,0.38352,0,0,0,0,0,0,0
"ITC2","IT",9,0,0,2.13030426,0,0,0.38352,0,0,0,0,0,0,0
"ITC3","IT",17.25,0,0,2.13030426,0,0,0.38352,0,0,0,0,0,0,0
"ITC4","IT",12.84,0,0,2.13030426,0,0,0.38352,0,0,0,0,0,0,0
"ITF1","IT",12.15,0,0,2.13030426,0,0,0.38352,0,0,0,0,0,0,0
"ITF2","IT",13.35,0,0,2.13030426,0,0,0.38352,0,0,0,0,0,0,0
"ITF3","IT",16.65,0,0,2.13030426,0,0,0.38352,0,0,0,0,0,0,0
"ITF4","IT",12.57,0,0,2.13030426,0,0,0.38352,0,0,0,0,0,0,0
"ITF5","IT",9.42,0,0,2.13030426,0,0,0.38352,0,0,0,0,0,0,0
"ITF6","IT",12.99,0,0,2.13030426,0,0,0.38352,0,0,0,0,0,0,0
"ITG1","IT",20.76,0,0,2.13030426,0,0,0.38352,0,0,0,0,0,0,0
"ITG2","IT",13.05,0,0,2.13030426,0,0,0.38352,0,0,0,0,0,0,0
"ITH1","IT",17.55,0,0,2.13030426,0,0,0.38352,0,0,0,0,0,0,0
"ITH2","IT",0,0,0,2.13030426,0,0,0.38352,0,0,0,0,0,0,0
"ITH3","IT",9.69,0,0,2.13030426,0,0,0.38352,0,0,0,0,0,0,0
"ITH4","IT",8.52,0,0,2.13030426,0,0,0.38352,0,0,0,0,0,0,0
"ITH5","IT",8.97,0,0,2.13030426,0,0,0.38352,0,0,0,0,0,0,0
"ITI1","IT",11.22,0,0,2.13030426,0,0,0.38352,0,0,0,0,0,0,0
"ITI2","IT",9.9,0,0,2.13030426,0,0,0.38352,0,0,0,0,0,0,0
"ITI3","IT",11.61,0,0,2.13030426,0,0,0.38352,0,0,0,0,0,0,0
"ITI4","IT",16.17,0,0,2.13030426,0,0,0.38352,0,0,0,0,0,0,0
"HU11","HU",17.1,0,0,0.292246364544,0,0,1.02366,0,0,0,0,0,0,0
"HU12","HU",18.33,0,0,0.292246364544,0,0,1.02366,0,0,0,0,0,0,0
"HU21","HU",16.97,0,0,0.292246364544,0,0,1.02366,0,0,0,0,0,0,0
"HU22","HU",10.53,0,0,0.292246364544,0,0,1.02366,0,0,0,0,0,0,0
"HU23","HU",15.81,0,0,0.292246364544,0,0,1.02366,0,0,0,0,0,0,0
"HU31","HU",16.62,0,0,0.292246364544,0,0,1.02366,0,0,0,0,0,0,0
"HU32","HU",19.55,0,0,0.292246364544,0,0,1.02366,0,0,0,0,0,0,0
"HU33","HU",18.01,0,0,0.292246364544,0,0,1.02366,0,0,0,0,0,0,0
"AT11","AT",16.26,0,0,5.996591406,0,0,1.47204,0,0,0,0,0,0,0
"AT12","AT",18.72,0,0,5.996591406,0,0,1.47204,0,0,0,0,0,0,0
"AT13","AT",14.19,0,0,5.996591406,0,0,1.47204,0,0,0,0,0,0,0
"AT21","AT",11.91,0,0,5.996591406,0,0,1.47204,0,0,0,0,0,0,0
"AT22","AT",15.48,0,0,5.996591406,0,0,1.47204,0,0,0,0,0,0,0
"AT31","AT",15,0,0,5.996591406,0,0,1.47204,0,0,0,0,0,0,0
"AT32","AT",11.67,0,0,5.996591406,0,0,1.47204,0,0,0,0,0,0,0
"AT33","AT",11.94,0,0,5.996591406,0,0,1.47204,0,0,0,0,0,0,0
"AT34","AT",11.13,0,0,5.996591406,0,0,1.47204,0,0,0,0,0,0,0
"PL21","PL",13.44,0,0,0.1307448894,0,0,0.6909,0,0,0,0,0,0,0
"PL22","PL",12.84,0,0,0.1307448894,0,0,0.6909,0,0,0,0,0,0,0
"PL41","PL",12.57,0,0,0.1307448894,0,0,0.6909,0,0,0,0,0,0,0
"PL42","PL",11.16,0,0,0.1307448894,0,0,0.6909,0,0,0,0,0,0,0
"PL43","PL",17.85,0,0,0.1307448894,0,0,0.6909,0,0,0,0,0,0,0
"PL51","PL",10.5,0,0,0.1307448894,0,0,0.6909,0,0,0,0,0,0,0
"PL52","PL",10.5,0,0,0.1307448894,0,0,0.6909,0,0,0,0,0,0,0
"PL61","PL",11.01,0,0,0.1307448894,0,0,0.6909,0,0,0,0,0,0,0
"PL62","PL",11.01,0,0,0.1307448894,0,0,0.6909,0,0,0,0,0,0,0
"PL63","PL",11.01,0,0,0.1307448894,0,0,0.6909,0,0,0,0,0,0,0
"PL71","PL",17.7,0,0,0.1307448894,0,0,0.6909,0,0,0,0,0,0,0
"PL72","PL",13.17,0,0,0.1307448894,0,0,0.6909,0,0,0,0,0,0,0
"PL81","PL",12.33,0,0,0.1307448894,0,0,0.6909,0,0,0,0,0,0,0
"PL82","PL",13.23,0,0,0.1307448894,0,0,0.6909,0,0,0,0,0,0,0
"PL84","PL",11.25,0,0,0.1307448894,0,0,0.6909,0,0,0,0,0,0,0
"PL91","PL",12.66,0,0,0.1307448894,0,0,0.6909,0,0,0,0,0,0,0
"PL92","PL",12.21,0,0,0.1307448894,0,0,0.6909,0,0,0,0,0,0,0
"RO11","RO",14.82,0,0,5.127906816,0,0,0.45684,0,0,0,0,0,0,0
"RO12","RO",15,0,0,5.127906816,0,0,0.45684,0,0,0,0,0,0,0
"RO21","RO",16.74,0,0,5.127906816,0,0,0.45684,0,0,0,0,0,0,0
"RO22","RO",19.98,0,0,5.127906816,0,0,0.45684,0,0,0,0,0,0,0
"RO31","RO",19.8,0,0,5.127906816,0,0,0.45684,0,0,0,0,0,0,0
"RO32","RO",22.47,0,0,5.127906816,0,0,0.45684,0,0,0,0,0,0,0
"RO41","RO",19.26,0,0,5.127906816,0,0,0.45684,0,0,0,0,0,0,0
"RO42","RO",14.91,0,0,5.127906816,0,0,0.45684,0,0,0,0,0,0,0
"SI03","SI",15.21,0,0,4.0058410944,0,0,2.14602,0,0,0,0,0,0,0
"SI04","SI",16.26,0,0,4.0058410944,0,0,2.14602,0,0,0,0,0,0,0
"SK01","SK",19.53,0,0,2.9723288859,0,0,1.51152,0,0,0,0,0,0,0
"SK02","SK",19.53,0,0,2.9723288859,0,0,1.51152,0,0,0,0,0,0,0
"SK03","SK",19.53,0,0,2.9723288859,0,0,1.51152,0,0,0,0,0,0,0
"SK04","SK",19.53,0,0,2.9723288859,0,0,1.51152,0,0,0,0,0,0,0
