"","ENDW_COMMi","PROD_COMMj","REGr","Value"
"1","capital","b_t","alb",0
"2","capital","b_t","anuz",0
"3","capital","b_t","aut",0
"4","capital","b_t","bel",0
"5","capital","b_t","bgr",-0.000625098999835504
"6","capital","b_t","blr",0
"7","capital","b_t","bra",0
"8","capital","b_t","can_xna",0
"9","capital","b_t","cas",0
"10","capital","b_t","che",0
"11","capital","b_t","chn",0
"12","capital","b_t","cyp",0
"13","capital","b_t","cze",0
"14","capital","b_t","deu",0
"15","capital","b_t","dnk",0
"16","capital","b_t","esp",0
"17","capital","b_t","est",0
"18","capital","b_t","fin",0
"19","capital","b_t","fra",0
"20","capital","b_t","gbr",0
"21","capital","b_t","grc",-2.77379142893612e-07
"22","capital","b_t","hrv",0
"23","capital","b_t","hun",-1.263711243662e-07
"24","capital","b_t","idn",0
"25","capital","b_t","ind",0
"26","capital","b_t","irl",0
"27","capital","b_t","ita",0
"28","capital","b_t","jpn",0
"29","capital","b_t","kor",0
"30","capital","b_t","lam_l",0
"31","capital","b_t","lam_m",0
"32","capital","b_t","ltu",0
"33","capital","b_t","lux",0
"34","capital","b_t","lva",0
"35","capital","b_t","mea_h",0
"36","capital","b_t","mea_m",0
"37","capital","b_t","mex",0
"38","capital","b_t","mlt",0
"39","capital","b_t","naf",0
"40","capital","b_t","nld",0
"41","capital","b_t","nor",0
"42","capital","b_t","oas_cpa",0
"43","capital","b_t","oas_l",0
"44","capital","b_t","oas_m",0
"45","capital","b_t","pak",0
"46","capital","b_t","pol",0
"47","capital","b_t","prt",0
"48","capital","b_t","rou",-0.00974714895288621
"49","capital","b_t","rus",0
"50","capital","b_t","ssa_l",0
"51","capital","b_t","ssa_m",0
"52","capital","b_t","svk",0
"53","capital","b_t","svn",0
"54","capital","b_t","swe",0
"55","capital","b_t","tur",-1.06605825529431e-06
"56","capital","b_t","twn",0
"57","capital","b_t","ukr",0
"58","capital","b_t","usa",0
"59","capital","b_t","xee",0
"60","capital","b_t","xef",0
"61","capital","b_t","xer",0
"62","capital","b_t","zaf",0
"63","capital","c_b","alb",0
"64","capital","c_b","anuz",0
"65","capital","c_b","aut",0
"66","capital","c_b","bel",0
"67","capital","c_b","bgr",-0.00193297133809891
"68","capital","c_b","blr",0
"69","capital","c_b","bra",0
"70","capital","c_b","can_xna",0
"71","capital","c_b","cas",0
"72","capital","c_b","che",0
"73","capital","c_b","chn",0
"74","capital","c_b","cyp",0
"75","capital","c_b","cze",0
"76","capital","c_b","deu",0
"77","capital","c_b","dnk",0
"78","capital","c_b","esp",0
"79","capital","c_b","est",0
"80","capital","c_b","fin",0
"81","capital","c_b","fra",0
"82","capital","c_b","gbr",0
"83","capital","c_b","grc",-9.61916016266673e-07
"84","capital","c_b","hrv",0
"85","capital","c_b","hun",-5.59154435542571e-07
"86","capital","c_b","idn",0
"87","capital","c_b","ind",0
"88","capital","c_b","irl",0
"89","capital","c_b","ita",0
"90","capital","c_b","jpn",0
"91","capital","c_b","kor",0
"92","capital","c_b","lam_l",0
"93","capital","c_b","lam_m",0
"94","capital","c_b","ltu",0
"95","capital","c_b","lux",0
"96","capital","c_b","lva",0
"97","capital","c_b","mea_h",0
"98","capital","c_b","mea_m",0
"99","capital","c_b","mex",0
"100","capital","c_b","mlt",0
"101","capital","c_b","naf",0
"102","capital","c_b","nld",0
"103","capital","c_b","nor",0
"104","capital","c_b","oas_cpa",0
"105","capital","c_b","oas_l",0
"106","capital","c_b","oas_m",0
"107","capital","c_b","pak",0
"108","capital","c_b","pol",0
"109","capital","c_b","prt",0
"110","capital","c_b","rou",-0.0137835937743505
"111","capital","c_b","rus",0
"112","capital","c_b","ssa_l",0
"113","capital","c_b","ssa_m",0
"114","capital","c_b","svk",0
"115","capital","c_b","svn",0
"116","capital","c_b","swe",0
"117","capital","c_b","tur",-2.05554103223979e-06
"118","capital","c_b","twn",0
"119","capital","c_b","ukr",0
"120","capital","c_b","usa",0
"121","capital","c_b","xee",0
"122","capital","c_b","xef",0
"123","capital","c_b","xer",0
"124","capital","c_b","zaf",0
"125","capital","cmn","alb",0
"126","capital","cmn","anuz",0
"127","capital","cmn","aut",0
"128","capital","cmn","bel",0
"129","capital","cmn","bgr",-0.000534940258970088
"130","capital","cmn","blr",0
"131","capital","cmn","bra",0
"132","capital","cmn","can_xna",0
"133","capital","cmn","cas",0
"134","capital","cmn","che",0
"135","capital","cmn","chn",0
"136","capital","cmn","cyp",0
"137","capital","cmn","cze",0
"138","capital","cmn","deu",0
"139","capital","cmn","dnk",0
"140","capital","cmn","esp",0
"141","capital","cmn","est",0
"142","capital","cmn","fin",0
"143","capital","cmn","fra",0
"144","capital","cmn","gbr",0
"145","capital","cmn","grc",-2.61385954915257e-07
"146","capital","cmn","hrv",0
"147","capital","cmn","hun",-1.14405729081465e-07
"148","capital","cmn","idn",0
"149","capital","cmn","ind",0
"150","capital","cmn","irl",0
"151","capital","cmn","ita",0
"152","capital","cmn","jpn",0
"153","capital","cmn","kor",0
"154","capital","cmn","lam_l",0
"155","capital","cmn","lam_m",0
"156","capital","cmn","ltu",0
"157","capital","cmn","lux",0
"158","capital","cmn","lva",0
"159","capital","cmn","mea_h",0
"160","capital","cmn","mea_m",0
"161","capital","cmn","mex",0
"162","capital","cmn","mlt",0
"163","capital","cmn","naf",0
"164","capital","cmn","nld",0
"165","capital","cmn","nor",0
"166","capital","cmn","oas_cpa",0
"167","capital","cmn","oas_l",0
"168","capital","cmn","oas_m",0
"169","capital","cmn","pak",0
"170","capital","cmn","pol",0
"171","capital","cmn","prt",0
"172","capital","cmn","rou",-0.0126342180102361
"173","capital","cmn","rus",0
"174","capital","cmn","ssa_l",0
"175","capital","cmn","ssa_m",0
"176","capital","cmn","svk",0
"177","capital","cmn","svn",0
"178","capital","cmn","swe",0
"179","capital","cmn","tur",-1.06886317855622e-06
"180","capital","cmn","twn",0
"181","capital","cmn","ukr",0
"182","capital","cmn","usa",0
"183","capital","cmn","xee",0
"184","capital","cmn","xef",0
"185","capital","cmn","xer",0
"186","capital","cmn","zaf",0
"187","capital","cmt","alb",0
"188","capital","cmt","anuz",0
"189","capital","cmt","aut",0
"190","capital","cmt","bel",0
"191","capital","cmt","bgr",-0.000625098999835504
"192","capital","cmt","blr",0
"193","capital","cmt","bra",0
"194","capital","cmt","can_xna",0
"195","capital","cmt","cas",0
"196","capital","cmt","che",0
"197","capital","cmt","chn",0
"198","capital","cmt","cyp",0
"199","capital","cmt","cze",0
"200","capital","cmt","deu",0
"201","capital","cmt","dnk",0
"202","capital","cmt","esp",0
"203","capital","cmt","est",0
"204","capital","cmt","fin",0
"205","capital","cmt","fra",0
"206","capital","cmt","gbr",0
"207","capital","cmt","grc",-2.77379142893612e-07
"208","capital","cmt","hrv",0
"209","capital","cmt","hun",-1.263711243662e-07
"210","capital","cmt","idn",0
"211","capital","cmt","ind",0
"212","capital","cmt","irl",0
"213","capital","cmt","ita",0
"214","capital","cmt","jpn",0
"215","capital","cmt","kor",0
"216","capital","cmt","lam_l",0
"217","capital","cmt","lam_m",0
"218","capital","cmt","ltu",0
"219","capital","cmt","lux",0
"220","capital","cmt","lva",0
"221","capital","cmt","mea_h",0
"222","capital","cmt","mea_m",0
"223","capital","cmt","mex",0
"224","capital","cmt","mlt",0
"225","capital","cmt","naf",0
"226","capital","cmt","nld",0
"227","capital","cmt","nor",0
"228","capital","cmt","oas_cpa",0
"229","capital","cmt","oas_l",0
"230","capital","cmt","oas_m",0
"231","capital","cmt","pak",0
"232","capital","cmt","pol",0
"233","capital","cmt","prt",0
"234","capital","cmt","rou",-0.00974714895288621
"235","capital","cmt","rus",0
"236","capital","cmt","ssa_l",0
"237","capital","cmt","ssa_m",0
"238","capital","cmt","svk",0
"239","capital","cmt","svn",0
"240","capital","cmt","swe",0
"241","capital","cmt","tur",-1.06605825529431e-06
"242","capital","cmt","twn",0
"243","capital","cmt","ukr",0
"244","capital","cmt","usa",0
"245","capital","cmt","xee",0
"246","capital","cmt","xef",0
"247","capital","cmt","xer",0
"248","capital","cmt","zaf",0
"249","capital","cns","alb",0
"250","capital","cns","anuz",0
"251","capital","cns","aut",0
"252","capital","cns","bel",0
"253","capital","cns","bgr",-0.00447856063992984
"254","capital","cns","blr",0
"255","capital","cns","bra",0
"256","capital","cns","can_xna",0
"257","capital","cns","cas",0
"258","capital","cns","che",0
"259","capital","cns","chn",0
"260","capital","cns","cyp",0
"261","capital","cns","cze",0
"262","capital","cns","deu",0
"263","capital","cns","dnk",0
"264","capital","cns","esp",0
"265","capital","cns","est",0
"266","capital","cns","fin",0
"267","capital","cns","fra",0
"268","capital","cns","gbr",0
"269","capital","cns","grc",-6.91944915587899e-06
"270","capital","cns","hrv",0
"271","capital","cns","hun",-3.34719670437959e-06
"272","capital","cns","idn",0
"273","capital","cns","ind",0
"274","capital","cns","irl",0
"275","capital","cns","ita",0
"276","capital","cns","jpn",0
"277","capital","cns","kor",0
"278","capital","cns","lam_l",0
"279","capital","cns","lam_m",0
"280","capital","cns","ltu",0
"281","capital","cns","lux",0
"282","capital","cns","lva",0
"283","capital","cns","mea_h",0
"284","capital","cns","mea_m",0
"285","capital","cns","mex",0
"286","capital","cns","mlt",0
"287","capital","cns","naf",0
"288","capital","cns","nld",0
"289","capital","cns","nor",0
"290","capital","cns","oas_cpa",0
"291","capital","cns","oas_l",0
"292","capital","cns","oas_m",0
"293","capital","cns","pak",0
"294","capital","cns","pol",0
"295","capital","cns","prt",0
"296","capital","cns","rou",-0.0552528703056196
"297","capital","cns","rus",0
"298","capital","cns","ssa_l",0
"299","capital","cns","ssa_m",0
"300","capital","cns","svk",0
"301","capital","cns","svn",0
"302","capital","cns","swe",0
"303","capital","cns","tur",-2.53939100606675e-05
"304","capital","cns","twn",0
"305","capital","cns","ukr",0
"306","capital","cns","usa",0
"307","capital","cns","xee",0
"308","capital","cns","xef",0
"309","capital","cns","xer",0
"310","capital","cns","zaf",0
"311","capital","crp","alb",0
"312","capital","crp","anuz",0
"313","capital","crp","aut",0
"314","capital","crp","bel",0
"315","capital","crp","bgr",-0.000625098999835504
"316","capital","crp","blr",0
"317","capital","crp","bra",0
"318","capital","crp","can_xna",0
"319","capital","crp","cas",0
"320","capital","crp","che",0
"321","capital","crp","chn",0
"322","capital","crp","cyp",0
"323","capital","crp","cze",0
"324","capital","crp","deu",0
"325","capital","crp","dnk",0
"326","capital","crp","esp",0
"327","capital","crp","est",0
"328","capital","crp","fin",0
"329","capital","crp","fra",0
"330","capital","crp","gbr",0
"331","capital","crp","grc",-2.77379142893612e-07
"332","capital","crp","hrv",0
"333","capital","crp","hun",-1.263711243662e-07
"334","capital","crp","idn",0
"335","capital","crp","ind",0
"336","capital","crp","irl",0
"337","capital","crp","ita",0
"338","capital","crp","jpn",0
"339","capital","crp","kor",0
"340","capital","crp","lam_l",0
"341","capital","crp","lam_m",0
"342","capital","crp","ltu",0
"343","capital","crp","lux",0
"344","capital","crp","lva",0
"345","capital","crp","mea_h",0
"346","capital","crp","mea_m",0
"347","capital","crp","mex",0
"348","capital","crp","mlt",0
"349","capital","crp","naf",0
"350","capital","crp","nld",0
"351","capital","crp","nor",0
"352","capital","crp","oas_cpa",0
"353","capital","crp","oas_l",0
"354","capital","crp","oas_m",0
"355","capital","crp","pak",0
"356","capital","crp","pol",0
"357","capital","crp","prt",0
"358","capital","crp","rou",-0.00974714895288621
"359","capital","crp","rus",0
"360","capital","crp","ssa_l",0
"361","capital","crp","ssa_m",0
"362","capital","crp","svk",0
"363","capital","crp","svn",0
"364","capital","crp","swe",0
"365","capital","crp","tur",-1.06605825529431e-06
"366","capital","crp","twn",0
"367","capital","crp","ukr",0
"368","capital","crp","usa",0
"369","capital","crp","xee",0
"370","capital","crp","xef",0
"371","capital","crp","xer",0
"372","capital","crp","zaf",0
"373","capital","ctl","alb",0
"374","capital","ctl","anuz",0
"375","capital","ctl","aut",0
"376","capital","ctl","bel",0
"377","capital","ctl","bgr",-0.00193297133809891
"378","capital","ctl","blr",0
"379","capital","ctl","bra",0
"380","capital","ctl","can_xna",0
"381","capital","ctl","cas",0
"382","capital","ctl","che",0
"383","capital","ctl","chn",0
"384","capital","ctl","cyp",0
"385","capital","ctl","cze",0
"386","capital","ctl","deu",0
"387","capital","ctl","dnk",0
"388","capital","ctl","esp",0
"389","capital","ctl","est",0
"390","capital","ctl","fin",0
"391","capital","ctl","fra",0
"392","capital","ctl","gbr",0
"393","capital","ctl","grc",-9.61916016266673e-07
"394","capital","ctl","hrv",0
"395","capital","ctl","hun",-5.59154435542571e-07
"396","capital","ctl","idn",0
"397","capital","ctl","ind",0
"398","capital","ctl","irl",0
"399","capital","ctl","ita",0
"400","capital","ctl","jpn",0
"401","capital","ctl","kor",0
"402","capital","ctl","lam_l",0
"403","capital","ctl","lam_m",0
"404","capital","ctl","ltu",0
"405","capital","ctl","lux",0
"406","capital","ctl","lva",0
"407","capital","ctl","mea_h",0
"408","capital","ctl","mea_m",0
"409","capital","ctl","mex",0
"410","capital","ctl","mlt",0
"411","capital","ctl","naf",0
"412","capital","ctl","nld",0
"413","capital","ctl","nor",0
"414","capital","ctl","oas_cpa",0
"415","capital","ctl","oas_l",0
"416","capital","ctl","oas_m",0
"417","capital","ctl","pak",0
"418","capital","ctl","pol",0
"419","capital","ctl","prt",0
"420","capital","ctl","rou",-0.0137835937743505
"421","capital","ctl","rus",0
"422","capital","ctl","ssa_l",0
"423","capital","ctl","ssa_m",0
"424","capital","ctl","svk",0
"425","capital","ctl","svn",0
"426","capital","ctl","swe",0
"427","capital","ctl","tur",-2.05554103223979e-06
"428","capital","ctl","twn",0
"429","capital","ctl","ukr",0
"430","capital","ctl","usa",0
"431","capital","ctl","xee",0
"432","capital","ctl","xef",0
"433","capital","ctl","xer",0
"434","capital","ctl","zaf",0
"435","capital","eqm","alb",0
"436","capital","eqm","anuz",0
"437","capital","eqm","aut",0
"438","capital","eqm","bel",0
"439","capital","eqm","bgr",-0.000625098999835504
"440","capital","eqm","blr",0
"441","capital","eqm","bra",0
"442","capital","eqm","can_xna",0
"443","capital","eqm","cas",0
"444","capital","eqm","che",0
"445","capital","eqm","chn",0
"446","capital","eqm","cyp",0
"447","capital","eqm","cze",0
"448","capital","eqm","deu",0
"449","capital","eqm","dnk",0
"450","capital","eqm","esp",0
"451","capital","eqm","est",0
"452","capital","eqm","fin",0
"453","capital","eqm","fra",0
"454","capital","eqm","gbr",0
"455","capital","eqm","grc",-2.77379142893612e-07
"456","capital","eqm","hrv",0
"457","capital","eqm","hun",-1.263711243662e-07
"458","capital","eqm","idn",0
"459","capital","eqm","ind",0
"460","capital","eqm","irl",0
"461","capital","eqm","ita",0
"462","capital","eqm","jpn",0
"463","capital","eqm","kor",0
"464","capital","eqm","lam_l",0
"465","capital","eqm","lam_m",0
"466","capital","eqm","ltu",0
"467","capital","eqm","lux",0
"468","capital","eqm","lva",0
"469","capital","eqm","mea_h",0
"470","capital","eqm","mea_m",0
"471","capital","eqm","mex",0
"472","capital","eqm","mlt",0
"473","capital","eqm","naf",0
"474","capital","eqm","nld",0
"475","capital","eqm","nor",0
"476","capital","eqm","oas_cpa",0
"477","capital","eqm","oas_l",0
"478","capital","eqm","oas_m",0
"479","capital","eqm","pak",0
"480","capital","eqm","pol",0
"481","capital","eqm","prt",0
"482","capital","eqm","rou",-0.00974714895288621
"483","capital","eqm","rus",0
"484","capital","eqm","ssa_l",0
"485","capital","eqm","ssa_m",0
"486","capital","eqm","svk",0
"487","capital","eqm","svn",0
"488","capital","eqm","swe",0
"489","capital","eqm","tur",-1.06605825529431e-06
"490","capital","eqm","twn",0
"491","capital","eqm","ukr",0
"492","capital","eqm","usa",0
"493","capital","eqm","xee",0
"494","capital","eqm","xef",0
"495","capital","eqm","xer",0
"496","capital","eqm","zaf",0
"497","capital","fin","alb",0
"498","capital","fin","anuz",0
"499","capital","fin","aut",0
"500","capital","fin","bel",0
"501","capital","fin","bgr",-0.00417157032950024
"502","capital","fin","blr",0
"503","capital","fin","bra",0
"504","capital","fin","can_xna",0
"505","capital","fin","cas",0
"506","capital","fin","che",0
"507","capital","fin","chn",0
"508","capital","fin","cyp",0
"509","capital","fin","cze",0
"510","capital","fin","deu",0
"511","capital","fin","dnk",0
"512","capital","fin","esp",0
"513","capital","fin","est",0
"514","capital","fin","fin",0
"515","capital","fin","fra",0
"516","capital","fin","gbr",0
"517","capital","fin","grc",-6.60019189683498e-06
"518","capital","fin","hrv",0
"519","capital","fin","hun",-3.12129351489391e-06
"520","capital","fin","idn",0
"521","capital","fin","ind",0
"522","capital","fin","irl",0
"523","capital","fin","ita",0
"524","capital","fin","jpn",0
"525","capital","fin","kor",0
"526","capital","fin","lam_l",0
"527","capital","fin","lam_m",0
"528","capital","fin","ltu",0
"529","capital","fin","lux",0
"530","capital","fin","lva",0
"531","capital","fin","mea_h",0
"532","capital","fin","mea_m",0
"533","capital","fin","mex",0
"534","capital","fin","mlt",0
"535","capital","fin","naf",0
"536","capital","fin","nld",0
"537","capital","fin","nor",0
"538","capital","fin","oas_cpa",0
"539","capital","fin","oas_l",0
"540","capital","fin","oas_m",0
"541","capital","fin","pak",0
"542","capital","fin","pol",0
"543","capital","fin","prt",0
"544","capital","fin","rou",-0.0558994160668235
"545","capital","fin","rus",0
"546","capital","fin","ssa_l",0
"547","capital","fin","ssa_m",0
"548","capital","fin","svk",0
"549","capital","fin","svn",0
"550","capital","fin","swe",0
"551","capital","fin","tur",-2.53939100606675e-05
"552","capital","fin","twn",0
"553","capital","fin","ukr",0
"554","capital","fin","usa",0
"555","capital","fin","xee",0
"556","capital","fin","xef",0
"557","capital","fin","xer",0
"558","capital","fin","zaf",0
"559","capital","frs","alb",0
"560","capital","frs","anuz",0
"561","capital","frs","aut",0
"562","capital","frs","bel",0
"563","capital","frs","bgr",-0.00193297133809891
"564","capital","frs","blr",0
"565","capital","frs","bra",0
"566","capital","frs","can_xna",0
"567","capital","frs","cas",0
"568","capital","frs","che",0
"569","capital","frs","chn",0
"570","capital","frs","cyp",0
"571","capital","frs","cze",0
"572","capital","frs","deu",0
"573","capital","frs","dnk",0
"574","capital","frs","esp",0
"575","capital","frs","est",0
"576","capital","frs","fin",0
"577","capital","frs","fra",0
"578","capital","frs","gbr",0
"579","capital","frs","grc",-9.61916016266673e-07
"580","capital","frs","hrv",0
"581","capital","frs","hun",-5.59154435542571e-07
"582","capital","frs","idn",0
"583","capital","frs","ind",0
"584","capital","frs","irl",0
"585","capital","frs","ita",0
"586","capital","frs","jpn",0
"587","capital","frs","kor",0
"588","capital","frs","lam_l",0
"589","capital","frs","lam_m",0
"590","capital","frs","ltu",0
"591","capital","frs","lux",0
"592","capital","frs","lva",0
"593","capital","frs","mea_h",0
"594","capital","frs","mea_m",0
"595","capital","frs","mex",0
"596","capital","frs","mlt",0
"597","capital","frs","naf",0
"598","capital","frs","nld",0
"599","capital","frs","nor",0
"600","capital","frs","oas_cpa",0
"601","capital","frs","oas_l",0
"602","capital","frs","oas_m",0
"603","capital","frs","pak",0
"604","capital","frs","pol",0
"605","capital","frs","prt",0
"606","capital","frs","rou",-0.0137835937743505
"607","capital","frs","rus",0
"608","capital","frs","ssa_l",0
"609","capital","frs","ssa_m",0
"610","capital","frs","svk",0
"611","capital","frs","svn",0
"612","capital","frs","swe",0
"613","capital","frs","tur",-2.05554103223979e-06
"614","capital","frs","twn",0
"615","capital","frs","ukr",0
"616","capital","frs","usa",0
"617","capital","frs","xee",0
"618","capital","frs","xef",0
"619","capital","frs","xer",0
"620","capital","frs","zaf",0
"621","capital","fsh","alb",0
"622","capital","fsh","anuz",0
"623","capital","fsh","aut",0
"624","capital","fsh","bel",0
"625","capital","fsh","bgr",-0.00193297133809891
"626","capital","fsh","blr",0
"627","capital","fsh","bra",0
"628","capital","fsh","can_xna",0
"629","capital","fsh","cas",0
"630","capital","fsh","che",0
"631","capital","fsh","chn",0
"632","capital","fsh","cyp",0
"633","capital","fsh","cze",0
"634","capital","fsh","deu",0
"635","capital","fsh","dnk",0
"636","capital","fsh","esp",0
"637","capital","fsh","est",0
"638","capital","fsh","fin",0
"639","capital","fsh","fra",0
"640","capital","fsh","gbr",0
"641","capital","fsh","grc",-9.61916016266673e-07
"642","capital","fsh","hrv",0
"643","capital","fsh","hun",-5.59154435542571e-07
"644","capital","fsh","idn",0
"645","capital","fsh","ind",0
"646","capital","fsh","irl",0
"647","capital","fsh","ita",0
"648","capital","fsh","jpn",0
"649","capital","fsh","kor",0
"650","capital","fsh","lam_l",0
"651","capital","fsh","lam_m",0
"652","capital","fsh","ltu",0
"653","capital","fsh","lux",0
"654","capital","fsh","lva",0
"655","capital","fsh","mea_h",0
"656","capital","fsh","mea_m",0
"657","capital","fsh","mex",0
"658","capital","fsh","mlt",0
"659","capital","fsh","naf",0
"660","capital","fsh","nld",0
"661","capital","fsh","nor",0
"662","capital","fsh","oas_cpa",0
"663","capital","fsh","oas_l",0
"664","capital","fsh","oas_m",0
"665","capital","fsh","pak",0
"666","capital","fsh","pol",0
"667","capital","fsh","prt",0
"668","capital","fsh","rou",-0.0137835937743505
"669","capital","fsh","rus",0
"670","capital","fsh","ssa_l",0
"671","capital","fsh","ssa_m",0
"672","capital","fsh","svk",0
"673","capital","fsh","svn",0
"674","capital","fsh","swe",0
"675","capital","fsh","tur",-2.05554103223979e-06
"676","capital","fsh","twn",0
"677","capital","fsh","ukr",0
"678","capital","fsh","usa",0
"679","capital","fsh","xee",0
"680","capital","fsh","xef",0
"681","capital","fsh","xer",0
"682","capital","fsh","zaf",0
"683","capital","gro","alb",0
"684","capital","gro","anuz",0
"685","capital","gro","aut",0
"686","capital","gro","bel",0
"687","capital","gro","bgr",-0.00193297133809891
"688","capital","gro","blr",0
"689","capital","gro","bra",0
"690","capital","gro","can_xna",0
"691","capital","gro","cas",0
"692","capital","gro","che",0
"693","capital","gro","chn",0
"694","capital","gro","cyp",0
"695","capital","gro","cze",0
"696","capital","gro","deu",0
"697","capital","gro","dnk",0
"698","capital","gro","esp",0
"699","capital","gro","est",0
"700","capital","gro","fin",0
"701","capital","gro","fra",0
"702","capital","gro","gbr",0
"703","capital","gro","grc",-9.61916016266673e-07
"704","capital","gro","hrv",0
"705","capital","gro","hun",-5.59154435542571e-07
"706","capital","gro","idn",0
"707","capital","gro","ind",0
"708","capital","gro","irl",0
"709","capital","gro","ita",0
"710","capital","gro","jpn",0
"711","capital","gro","kor",0
"712","capital","gro","lam_l",0
"713","capital","gro","lam_m",0
"714","capital","gro","ltu",0
"715","capital","gro","lux",0
"716","capital","gro","lva",0
"717","capital","gro","mea_h",0
"718","capital","gro","mea_m",0
"719","capital","gro","mex",0
"720","capital","gro","mlt",0
"721","capital","gro","naf",0
"722","capital","gro","nld",0
"723","capital","gro","nor",0
"724","capital","gro","oas_cpa",0
"725","capital","gro","oas_l",0
"726","capital","gro","oas_m",0
"727","capital","gro","pak",0
"728","capital","gro","pol",0
"729","capital","gro","prt",0
"730","capital","gro","rou",-0.0137835937743505
"731","capital","gro","rus",0
"732","capital","gro","ssa_l",0
"733","capital","gro","ssa_m",0
"734","capital","gro","svk",0
"735","capital","gro","svn",0
"736","capital","gro","swe",0
"737","capital","gro","tur",-2.05554103223979e-06
"738","capital","gro","twn",0
"739","capital","gro","ukr",0
"740","capital","gro","usa",0
"741","capital","gro","xee",0
"742","capital","gro","xef",0
"743","capital","gro","xer",0
"744","capital","gro","zaf",0
"745","capital","mil","alb",0
"746","capital","mil","anuz",0
"747","capital","mil","aut",0
"748","capital","mil","bel",0
"749","capital","mil","bgr",-0.000625098999835504
"750","capital","mil","blr",0
"751","capital","mil","bra",0
"752","capital","mil","can_xna",0
"753","capital","mil","cas",0
"754","capital","mil","che",0
"755","capital","mil","chn",0
"756","capital","mil","cyp",0
"757","capital","mil","cze",0
"758","capital","mil","deu",0
"759","capital","mil","dnk",0
"760","capital","mil","esp",0
"761","capital","mil","est",0
"762","capital","mil","fin",0
"763","capital","mil","fra",0
"764","capital","mil","gbr",0
"765","capital","mil","grc",-2.77379142893612e-07
"766","capital","mil","hrv",0
"767","capital","mil","hun",-1.263711243662e-07
"768","capital","mil","idn",0
"769","capital","mil","ind",0
"770","capital","mil","irl",0
"771","capital","mil","ita",0
"772","capital","mil","jpn",0
"773","capital","mil","kor",0
"774","capital","mil","lam_l",0
"775","capital","mil","lam_m",0
"776","capital","mil","ltu",0
"777","capital","mil","lux",0
"778","capital","mil","lva",0
"779","capital","mil","mea_h",0
"780","capital","mil","mea_m",0
"781","capital","mil","mex",0
"782","capital","mil","mlt",0
"783","capital","mil","naf",0
"784","capital","mil","nld",0
"785","capital","mil","nor",0
"786","capital","mil","oas_cpa",0
"787","capital","mil","oas_l",0
"788","capital","mil","oas_m",0
"789","capital","mil","pak",0
"790","capital","mil","pol",0
"791","capital","mil","prt",0
"792","capital","mil","rou",-0.00974714895288621
"793","capital","mil","rus",0
"794","capital","mil","ssa_l",0
"795","capital","mil","ssa_m",0
"796","capital","mil","svk",0
"797","capital","mil","svn",0
"798","capital","mil","swe",0
"799","capital","mil","tur",-1.06605825529431e-06
"800","capital","mil","twn",0
"801","capital","mil","ukr",0
"802","capital","mil","usa",0
"803","capital","mil","xee",0
"804","capital","mil","xef",0
"805","capital","mil","xer",0
"806","capital","mil","zaf",0
"807","capital","min","alb",0
"808","capital","min","anuz",0
"809","capital","min","aut",0
"810","capital","min","bel",0
"811","capital","min","bgr",-0.000104246413387849
"812","capital","min","blr",0
"813","capital","min","bra",0
"814","capital","min","can_xna",0
"815","capital","min","cas",0
"816","capital","min","che",0
"817","capital","min","chn",0
"818","capital","min","cyp",0
"819","capital","min","cze",0
"820","capital","min","deu",0
"821","capital","min","dnk",0
"822","capital","min","esp",0
"823","capital","min","est",0
"824","capital","min","fin",0
"825","capital","min","fra",0
"826","capital","min","gbr",0
"827","capital","min","grc",-2.62468295560763e-08
"828","capital","min","hrv",0
"829","capital","min","hun",-1.14136494543125e-08
"830","capital","min","idn",0
"831","capital","min","ind",0
"832","capital","min","irl",0
"833","capital","min","ita",0
"834","capital","min","jpn",0
"835","capital","min","kor",0
"836","capital","min","lam_l",0
"837","capital","min","lam_m",0
"838","capital","min","ltu",0
"839","capital","min","lux",0
"840","capital","min","lva",0
"841","capital","min","mea_h",0
"842","capital","min","mea_m",0
"843","capital","min","mex",0
"844","capital","min","mlt",0
"845","capital","min","naf",0
"846","capital","min","nld",0
"847","capital","min","nor",0
"848","capital","min","oas_cpa",0
"849","capital","min","oas_l",0
"850","capital","min","oas_m",0
"851","capital","min","pak",0
"852","capital","min","pol",0
"853","capital","min","prt",0
"854","capital","min","rou",-0.00243497786312252
"855","capital","min","rus",0
"856","capital","min","ssa_l",0
"857","capital","min","ssa_m",0
"858","capital","min","svk",0
"859","capital","min","svn",0
"860","capital","min","swe",0
"861","capital","min","tur",-1.07135867357323e-07
"862","capital","min","twn",0
"863","capital","min","ukr",0
"864","capital","min","usa",0
"865","capital","min","xee",0
"866","capital","min","xef",0
"867","capital","min","xer",0
"868","capital","min","zaf",0
"869","capital","mmi","alb",0
"870","capital","mmi","anuz",0
"871","capital","mmi","aut",0
"872","capital","mmi","bel",0
"873","capital","mmi","bgr",-0.000625098999835504
"874","capital","mmi","blr",0
"875","capital","mmi","bra",0
"876","capital","mmi","can_xna",0
"877","capital","mmi","cas",0
"878","capital","mmi","che",0
"879","capital","mmi","chn",0
"880","capital","mmi","cyp",0
"881","capital","mmi","cze",0
"882","capital","mmi","deu",0
"883","capital","mmi","dnk",0
"884","capital","mmi","esp",0
"885","capital","mmi","est",0
"886","capital","mmi","fin",0
"887","capital","mmi","fra",0
"888","capital","mmi","gbr",0
"889","capital","mmi","grc",-2.77379142893612e-07
"890","capital","mmi","hrv",0
"891","capital","mmi","hun",-1.263711243662e-07
"892","capital","mmi","idn",0
"893","capital","mmi","ind",0
"894","capital","mmi","irl",0
"895","capital","mmi","ita",0
"896","capital","mmi","jpn",0
"897","capital","mmi","kor",0
"898","capital","mmi","lam_l",0
"899","capital","mmi","lam_m",0
"900","capital","mmi","ltu",0
"901","capital","mmi","lux",0
"902","capital","mmi","lva",0
"903","capital","mmi","mea_h",0
"904","capital","mmi","mea_m",0
"905","capital","mmi","mex",0
"906","capital","mmi","mlt",0
"907","capital","mmi","naf",0
"908","capital","mmi","nld",0
"909","capital","mmi","nor",0
"910","capital","mmi","oas_cpa",0
"911","capital","mmi","oas_l",0
"912","capital","mmi","oas_m",0
"913","capital","mmi","pak",0
"914","capital","mmi","pol",0
"915","capital","mmi","prt",0
"916","capital","mmi","rou",-0.00974714895288621
"917","capital","mmi","rus",0
"918","capital","mmi","ssa_l",0
"919","capital","mmi","ssa_m",0
"920","capital","mmi","svk",0
"921","capital","mmi","svn",0
"922","capital","mmi","swe",0
"923","capital","mmi","tur",-1.06605825529431e-06
"924","capital","mmi","twn",0
"925","capital","mmi","ukr",0
"926","capital","mmi","usa",0
"927","capital","mmi","xee",0
"928","capital","mmi","xef",0
"929","capital","mmi","xer",0
"930","capital","mmi","zaf",0
"931","capital","mvo","alb",0
"932","capital","mvo","anuz",0
"933","capital","mvo","aut",0
"934","capital","mvo","bel",0
"935","capital","mvo","bgr",-0.000625098999835504
"936","capital","mvo","blr",0
"937","capital","mvo","bra",0
"938","capital","mvo","can_xna",0
"939","capital","mvo","cas",0
"940","capital","mvo","che",0
"941","capital","mvo","chn",0
"942","capital","mvo","cyp",0
"943","capital","mvo","cze",0
"944","capital","mvo","deu",0
"945","capital","mvo","dnk",0
"946","capital","mvo","esp",0
"947","capital","mvo","est",0
"948","capital","mvo","fin",0
"949","capital","mvo","fra",0
"950","capital","mvo","gbr",0
"951","capital","mvo","grc",-2.77379142893612e-07
"952","capital","mvo","hrv",0
"953","capital","mvo","hun",-1.263711243662e-07
"954","capital","mvo","idn",0
"955","capital","mvo","ind",0
"956","capital","mvo","irl",0
"957","capital","mvo","ita",0
"958","capital","mvo","jpn",0
"959","capital","mvo","kor",0
"960","capital","mvo","lam_l",0
"961","capital","mvo","lam_m",0
"962","capital","mvo","ltu",0
"963","capital","mvo","lux",0
"964","capital","mvo","lva",0
"965","capital","mvo","mea_h",0
"966","capital","mvo","mea_m",0
"967","capital","mvo","mex",0
"968","capital","mvo","mlt",0
"969","capital","mvo","naf",0
"970","capital","mvo","nld",0
"971","capital","mvo","nor",0
"972","capital","mvo","oas_cpa",0
"973","capital","mvo","oas_l",0
"974","capital","mvo","oas_m",0
"975","capital","mvo","pak",0
"976","capital","mvo","pol",0
"977","capital","mvo","prt",0
"978","capital","mvo","rou",-0.00974714895288621
"979","capital","mvo","rus",0
"980","capital","mvo","ssa_l",0
"981","capital","mvo","ssa_m",0
"982","capital","mvo","svk",0
"983","capital","mvo","svn",0
"984","capital","mvo","swe",0
"985","capital","mvo","tur",-1.06605825529431e-06
"986","capital","mvo","twn",0
"987","capital","mvo","ukr",0
"988","capital","mvo","usa",0
"989","capital","mvo","xee",0
"990","capital","mvo","xef",0
"991","capital","mvo","xer",0
"992","capital","mvo","zaf",0
"993","capital","nmm","alb",0
"994","capital","nmm","anuz",0
"995","capital","nmm","aut",0
"996","capital","nmm","bel",0
"997","capital","nmm","bgr",-0.000625098999835504
"998","capital","nmm","blr",0
"999","capital","nmm","bra",0
"1000","capital","nmm","can_xna",0
"1001","capital","nmm","cas",0
"1002","capital","nmm","che",0
"1003","capital","nmm","chn",0
"1004","capital","nmm","cyp",0
"1005","capital","nmm","cze",0
"1006","capital","nmm","deu",0
"1007","capital","nmm","dnk",0
"1008","capital","nmm","esp",0
"1009","capital","nmm","est",0
"1010","capital","nmm","fin",0
"1011","capital","nmm","fra",0
"1012","capital","nmm","gbr",0
"1013","capital","nmm","grc",-2.77379142893612e-07
"1014","capital","nmm","hrv",0
"1015","capital","nmm","hun",-1.263711243662e-07
"1016","capital","nmm","idn",0
"1017","capital","nmm","ind",0
"1018","capital","nmm","irl",0
"1019","capital","nmm","ita",0
"1020","capital","nmm","jpn",0
"1021","capital","nmm","kor",0
"1022","capital","nmm","lam_l",0
"1023","capital","nmm","lam_m",0
"1024","capital","nmm","ltu",0
"1025","capital","nmm","lux",0
"1026","capital","nmm","lva",0
"1027","capital","nmm","mea_h",0
"1028","capital","nmm","mea_m",0
"1029","capital","nmm","mex",0
"1030","capital","nmm","mlt",0
"1031","capital","nmm","naf",0
"1032","capital","nmm","nld",0
"1033","capital","nmm","nor",0
"1034","capital","nmm","oas_cpa",0
"1035","capital","nmm","oas_l",0
"1036","capital","nmm","oas_m",0
"1037","capital","nmm","pak",0
"1038","capital","nmm","pol",0
"1039","capital","nmm","prt",0
"1040","capital","nmm","rou",-0.00974714895288621
"1041","capital","nmm","rus",0
"1042","capital","nmm","ssa_l",0
"1043","capital","nmm","ssa_m",0
"1044","capital","nmm","svk",0
"1045","capital","nmm","svn",0
"1046","capital","nmm","swe",0
"1047","capital","nmm","tur",-1.06605825529431e-06
"1048","capital","nmm","twn",0
"1049","capital","nmm","ukr",0
"1050","capital","nmm","usa",0
"1051","capital","nmm","xee",0
"1052","capital","nmm","xef",0
"1053","capital","nmm","xer",0
"1054","capital","nmm","zaf",0
"1055","capital","oap","alb",0
"1056","capital","oap","anuz",0
"1057","capital","oap","aut",0
"1058","capital","oap","bel",0
"1059","capital","oap","bgr",-0.00193297133809891
"1060","capital","oap","blr",0
"1061","capital","oap","bra",0
"1062","capital","oap","can_xna",0
"1063","capital","oap","cas",0
"1064","capital","oap","che",0
"1065","capital","oap","chn",0
"1066","capital","oap","cyp",0
"1067","capital","oap","cze",0
"1068","capital","oap","deu",0
"1069","capital","oap","dnk",0
"1070","capital","oap","esp",0
"1071","capital","oap","est",0
"1072","capital","oap","fin",0
"1073","capital","oap","fra",0
"1074","capital","oap","gbr",0
"1075","capital","oap","grc",-9.61916016266673e-07
"1076","capital","oap","hrv",0
"1077","capital","oap","hun",-5.59154435542571e-07
"1078","capital","oap","idn",0
"1079","capital","oap","ind",0
"1080","capital","oap","irl",0
"1081","capital","oap","ita",0
"1082","capital","oap","jpn",0
"1083","capital","oap","kor",0
"1084","capital","oap","lam_l",0
"1085","capital","oap","lam_m",0
"1086","capital","oap","ltu",0
"1087","capital","oap","lux",0
"1088","capital","oap","lva",0
"1089","capital","oap","mea_h",0
"1090","capital","oap","mea_m",0
"1091","capital","oap","mex",0
"1092","capital","oap","mlt",0
"1093","capital","oap","naf",0
"1094","capital","oap","nld",0
"1095","capital","oap","nor",0
"1096","capital","oap","oas_cpa",0
"1097","capital","oap","oas_l",0
"1098","capital","oap","oas_m",0
"1099","capital","oap","pak",0
"1100","capital","oap","pol",0
"1101","capital","oap","prt",0
"1102","capital","oap","rou",-0.0137835937743505
"1103","capital","oap","rus",0
"1104","capital","oap","ssa_l",0
"1105","capital","oap","ssa_m",0
"1106","capital","oap","svk",0
"1107","capital","oap","svn",0
"1108","capital","oap","swe",0
"1109","capital","oap","tur",-2.05554103223979e-06
"1110","capital","oap","twn",0
"1111","capital","oap","ukr",0
"1112","capital","oap","usa",0
"1113","capital","oap","xee",0
"1114","capital","oap","xef",0
"1115","capital","oap","xer",0
"1116","capital","oap","zaf",0
"1117","capital","ocr","alb",0
"1118","capital","ocr","anuz",0
"1119","capital","ocr","aut",0
"1120","capital","ocr","bel",0
"1121","capital","ocr","bgr",-0.00193297133809891
"1122","capital","ocr","blr",0
"1123","capital","ocr","bra",0
"1124","capital","ocr","can_xna",0
"1125","capital","ocr","cas",0
"1126","capital","ocr","che",0
"1127","capital","ocr","chn",0
"1128","capital","ocr","cyp",0
"1129","capital","ocr","cze",0
"1130","capital","ocr","deu",0
"1131","capital","ocr","dnk",0
"1132","capital","ocr","esp",0
"1133","capital","ocr","est",0
"1134","capital","ocr","fin",0
"1135","capital","ocr","fra",0
"1136","capital","ocr","gbr",0
"1137","capital","ocr","grc",-9.61916016266673e-07
"1138","capital","ocr","hrv",0
"1139","capital","ocr","hun",-5.59154435542571e-07
"1140","capital","ocr","idn",0
"1141","capital","ocr","ind",0
"1142","capital","ocr","irl",0
"1143","capital","ocr","ita",0
"1144","capital","ocr","jpn",0
"1145","capital","ocr","kor",0
"1146","capital","ocr","lam_l",0
"1147","capital","ocr","lam_m",0
"1148","capital","ocr","ltu",0
"1149","capital","ocr","lux",0
"1150","capital","ocr","lva",0
"1151","capital","ocr","mea_h",0
"1152","capital","ocr","mea_m",0
"1153","capital","ocr","mex",0
"1154","capital","ocr","mlt",0
"1155","capital","ocr","naf",0
"1156","capital","ocr","nld",0
"1157","capital","ocr","nor",0
"1158","capital","ocr","oas_cpa",0
"1159","capital","ocr","oas_l",0
"1160","capital","ocr","oas_m",0
"1161","capital","ocr","pak",0
"1162","capital","ocr","pol",0
"1163","capital","ocr","prt",0
"1164","capital","ocr","rou",-0.0137835937743505
"1165","capital","ocr","rus",0
"1166","capital","ocr","ssa_l",0
"1167","capital","ocr","ssa_m",0
"1168","capital","ocr","svk",0
"1169","capital","ocr","svn",0
"1170","capital","ocr","swe",0
"1171","capital","ocr","tur",-2.05554103223979e-06
"1172","capital","ocr","twn",0
"1173","capital","ocr","ukr",0
"1174","capital","ocr","usa",0
"1175","capital","ocr","xee",0
"1176","capital","ocr","xef",0
"1177","capital","ocr","xer",0
"1178","capital","ocr","zaf",0
"1179","capital","ofd","alb",0
"1180","capital","ofd","anuz",0
"1181","capital","ofd","aut",0
"1182","capital","ofd","bel",0
"1183","capital","ofd","bgr",-0.000625098999835504
"1184","capital","ofd","blr",0
"1185","capital","ofd","bra",0
"1186","capital","ofd","can_xna",0
"1187","capital","ofd","cas",0
"1188","capital","ofd","che",0
"1189","capital","ofd","chn",0
"1190","capital","ofd","cyp",0
"1191","capital","ofd","cze",0
"1192","capital","ofd","deu",0
"1193","capital","ofd","dnk",0
"1194","capital","ofd","esp",0
"1195","capital","ofd","est",0
"1196","capital","ofd","fin",0
"1197","capital","ofd","fra",0
"1198","capital","ofd","gbr",0
"1199","capital","ofd","grc",-2.77379142893612e-07
"1200","capital","ofd","hrv",0
"1201","capital","ofd","hun",-1.263711243662e-07
"1202","capital","ofd","idn",0
"1203","capital","ofd","ind",0
"1204","capital","ofd","irl",0
"1205","capital","ofd","ita",0
"1206","capital","ofd","jpn",0
"1207","capital","ofd","kor",0
"1208","capital","ofd","lam_l",0
"1209","capital","ofd","lam_m",0
"1210","capital","ofd","ltu",0
"1211","capital","ofd","lux",0
"1212","capital","ofd","lva",0
"1213","capital","ofd","mea_h",0
"1214","capital","ofd","mea_m",0
"1215","capital","ofd","mex",0
"1216","capital","ofd","mlt",0
"1217","capital","ofd","naf",0
"1218","capital","ofd","nld",0
"1219","capital","ofd","nor",0
"1220","capital","ofd","oas_cpa",0
"1221","capital","ofd","oas_l",0
"1222","capital","ofd","oas_m",0
"1223","capital","ofd","pak",0
"1224","capital","ofd","pol",0
"1225","capital","ofd","prt",0
"1226","capital","ofd","rou",-0.00974714895288621
"1227","capital","ofd","rus",0
"1228","capital","ofd","ssa_l",0
"1229","capital","ofd","ssa_m",0
"1230","capital","ofd","svk",0
"1231","capital","ofd","svn",0
"1232","capital","ofd","swe",0
"1233","capital","ofd","tur",-1.06605825529431e-06
"1234","capital","ofd","twn",0
"1235","capital","ofd","ukr",0
"1236","capital","ofd","usa",0
"1237","capital","ofd","xee",0
"1238","capital","ofd","xef",0
"1239","capital","ofd","xer",0
"1240","capital","ofd","zaf",0
"1241","capital","omf","alb",0
"1242","capital","omf","anuz",0
"1243","capital","omf","aut",0
"1244","capital","omf","bel",0
"1245","capital","omf","bgr",-0.000625098999835504
"1246","capital","omf","blr",0
"1247","capital","omf","bra",0
"1248","capital","omf","can_xna",0
"1249","capital","omf","cas",0
"1250","capital","omf","che",0
"1251","capital","omf","chn",0
"1252","capital","omf","cyp",0
"1253","capital","omf","cze",0
"1254","capital","omf","deu",0
"1255","capital","omf","dnk",0
"1256","capital","omf","esp",0
"1257","capital","omf","est",0
"1258","capital","omf","fin",0
"1259","capital","omf","fra",0
"1260","capital","omf","gbr",0
"1261","capital","omf","grc",-2.77379142893612e-07
"1262","capital","omf","hrv",0
"1263","capital","omf","hun",-1.263711243662e-07
"1264","capital","omf","idn",0
"1265","capital","omf","ind",0
"1266","capital","omf","irl",0
"1267","capital","omf","ita",0
"1268","capital","omf","jpn",0
"1269","capital","omf","kor",0
"1270","capital","omf","lam_l",0
"1271","capital","omf","lam_m",0
"1272","capital","omf","ltu",0
"1273","capital","omf","lux",0
"1274","capital","omf","lva",0
"1275","capital","omf","mea_h",0
"1276","capital","omf","mea_m",0
"1277","capital","omf","mex",0
"1278","capital","omf","mlt",0
"1279","capital","omf","naf",0
"1280","capital","omf","nld",0
"1281","capital","omf","nor",0
"1282","capital","omf","oas_cpa",0
"1283","capital","omf","oas_l",0
"1284","capital","omf","oas_m",0
"1285","capital","omf","pak",0
"1286","capital","omf","pol",0
"1287","capital","omf","prt",0
"1288","capital","omf","rou",-0.00974714895288621
"1289","capital","omf","rus",0
"1290","capital","omf","ssa_l",0
"1291","capital","omf","ssa_m",0
"1292","capital","omf","svk",0
"1293","capital","omf","svn",0
"1294","capital","omf","swe",0
"1295","capital","omf","tur",-1.06605825529431e-06
"1296","capital","omf","twn",0
"1297","capital","omf","ukr",0
"1298","capital","omf","usa",0
"1299","capital","omf","xee",0
"1300","capital","omf","xef",0
"1301","capital","omf","xer",0
"1302","capital","omf","zaf",0
"1303","capital","omt","alb",0
"1304","capital","omt","anuz",0
"1305","capital","omt","aut",0
"1306","capital","omt","bel",0
"1307","capital","omt","bgr",-0.000625098999835504
"1308","capital","omt","blr",0
"1309","capital","omt","bra",0
"1310","capital","omt","can_xna",0
"1311","capital","omt","cas",0
"1312","capital","omt","che",0
"1313","capital","omt","chn",0
"1314","capital","omt","cyp",0
"1315","capital","omt","cze",0
"1316","capital","omt","deu",0
"1317","capital","omt","dnk",0
"1318","capital","omt","esp",0
"1319","capital","omt","est",0
"1320","capital","omt","fin",0
"1321","capital","omt","fra",0
"1322","capital","omt","gbr",0
"1323","capital","omt","grc",-2.77379142893612e-07
"1324","capital","omt","hrv",0
"1325","capital","omt","hun",-1.263711243662e-07
"1326","capital","omt","idn",0
"1327","capital","omt","ind",0
"1328","capital","omt","irl",0
"1329","capital","omt","ita",0
"1330","capital","omt","jpn",0
"1331","capital","omt","kor",0
"1332","capital","omt","lam_l",0
"1333","capital","omt","lam_m",0
"1334","capital","omt","ltu",0
"1335","capital","omt","lux",0
"1336","capital","omt","lva",0
"1337","capital","omt","mea_h",0
"1338","capital","omt","mea_m",0
"1339","capital","omt","mex",0
"1340","capital","omt","mlt",0
"1341","capital","omt","naf",0
"1342","capital","omt","nld",0
"1343","capital","omt","nor",0
"1344","capital","omt","oas_cpa",0
"1345","capital","omt","oas_l",0
"1346","capital","omt","oas_m",0
"1347","capital","omt","pak",0
"1348","capital","omt","pol",0
"1349","capital","omt","prt",0
"1350","capital","omt","rou",-0.00974714895288621
"1351","capital","omt","rus",0
"1352","capital","omt","ssa_l",0
"1353","capital","omt","ssa_m",0
"1354","capital","omt","svk",0
"1355","capital","omt","svn",0
"1356","capital","omt","swe",0
"1357","capital","omt","tur",-1.06605825529431e-06
"1358","capital","omt","twn",0
"1359","capital","omt","ukr",0
"1360","capital","omt","usa",0
"1361","capital","omt","xee",0
"1362","capital","omt","xef",0
"1363","capital","omt","xer",0
"1364","capital","omt","zaf",0
"1365","capital","osd","alb",0
"1366","capital","osd","anuz",0
"1367","capital","osd","aut",0
"1368","capital","osd","bel",0
"1369","capital","osd","bgr",-0.00193297133809891
"1370","capital","osd","blr",0
"1371","capital","osd","bra",0
"1372","capital","osd","can_xna",0
"1373","capital","osd","cas",0
"1374","capital","osd","che",0
"1375","capital","osd","chn",0
"1376","capital","osd","cyp",0
"1377","capital","osd","cze",0
"1378","capital","osd","deu",0
"1379","capital","osd","dnk",0
"1380","capital","osd","esp",0
"1381","capital","osd","est",0
"1382","capital","osd","fin",0
"1383","capital","osd","fra",0
"1384","capital","osd","gbr",0
"1385","capital","osd","grc",-9.61916016266673e-07
"1386","capital","osd","hrv",0
"1387","capital","osd","hun",-5.59154435542571e-07
"1388","capital","osd","idn",0
"1389","capital","osd","ind",0
"1390","capital","osd","irl",0
"1391","capital","osd","ita",0
"1392","capital","osd","jpn",0
"1393","capital","osd","kor",0
"1394","capital","osd","lam_l",0
"1395","capital","osd","lam_m",0
"1396","capital","osd","ltu",0
"1397","capital","osd","lux",0
"1398","capital","osd","lva",0
"1399","capital","osd","mea_h",0
"1400","capital","osd","mea_m",0
"1401","capital","osd","mex",0
"1402","capital","osd","mlt",0
"1403","capital","osd","naf",0
"1404","capital","osd","nld",0
"1405","capital","osd","nor",0
"1406","capital","osd","oas_cpa",0
"1407","capital","osd","oas_l",0
"1408","capital","osd","oas_m",0
"1409","capital","osd","pak",0
"1410","capital","osd","pol",0
"1411","capital","osd","prt",0
"1412","capital","osd","rou",-0.0137835937743505
"1413","capital","osd","rus",0
"1414","capital","osd","ssa_l",0
"1415","capital","osd","ssa_m",0
"1416","capital","osd","svk",0
"1417","capital","osd","svn",0
"1418","capital","osd","swe",0
"1419","capital","osd","tur",-2.05554103223979e-06
"1420","capital","osd","twn",0
"1421","capital","osd","ukr",0
"1422","capital","osd","usa",0
"1423","capital","osd","xee",0
"1424","capital","osd","xef",0
"1425","capital","osd","xer",0
"1426","capital","osd","zaf",0
"1427","capital","osg","alb",0
"1428","capital","osg","anuz",0
"1429","capital","osg","aut",0
"1430","capital","osg","bel",0
"1431","capital","osg","bgr",-0.00456742600236482
"1432","capital","osg","blr",0
"1433","capital","osg","bra",0
"1434","capital","osg","can_xna",0
"1435","capital","osg","cas",0
"1436","capital","osg","che",0
"1437","capital","osg","chn",0
"1438","capital","osg","cyp",0
"1439","capital","osg","cze",0
"1440","capital","osg","deu",0
"1441","capital","osg","dnk",0
"1442","capital","osg","esp",0
"1443","capital","osg","est",0
"1444","capital","osg","fin",0
"1445","capital","osg","fra",0
"1446","capital","osg","gbr",0
"1447","capital","osg","grc",-6.93272224511592e-06
"1448","capital","osg","hrv",0
"1449","capital","osg","hun",-3.25529585661862e-06
"1450","capital","osg","idn",0
"1451","capital","osg","ind",0
"1452","capital","osg","irl",0
"1453","capital","osg","ita",0
"1454","capital","osg","jpn",0
"1455","capital","osg","kor",0
"1456","capital","osg","lam_l",0
"1457","capital","osg","lam_m",0
"1458","capital","osg","ltu",0
"1459","capital","osg","lux",0
"1460","capital","osg","lva",0
"1461","capital","osg","mea_h",0
"1462","capital","osg","mea_m",0
"1463","capital","osg","mex",0
"1464","capital","osg","mlt",0
"1465","capital","osg","naf",0
"1466","capital","osg","nld",0
"1467","capital","osg","nor",0
"1468","capital","osg","oas_cpa",0
"1469","capital","osg","oas_l",0
"1470","capital","osg","oas_m",0
"1471","capital","osg","pak",0
"1472","capital","osg","pol",0
"1473","capital","osg","prt",0
"1474","capital","osg","rou",-0.062006983669902
"1475","capital","osg","rus",0
"1476","capital","osg","ssa_l",0
"1477","capital","osg","ssa_m",0
"1478","capital","osg","svk",0
"1479","capital","osg","svn",0
"1480","capital","osg","swe",0
"1481","capital","osg","tur",-2.68268901345718e-05
"1482","capital","osg","twn",0
"1483","capital","osg","ukr",0
"1484","capital","osg","usa",0
"1485","capital","osg","xee",0
"1486","capital","osg","xef",0
"1487","capital","osg","xer",0
"1488","capital","osg","zaf",0
"1489","capital","p_c","alb",0
"1490","capital","p_c","anuz",0
"1491","capital","p_c","aut",0
"1492","capital","p_c","bel",0
"1493","capital","p_c","bgr",-0.000625098999835504
"1494","capital","p_c","blr",0
"1495","capital","p_c","bra",0
"1496","capital","p_c","can_xna",0
"1497","capital","p_c","cas",0
"1498","capital","p_c","che",0
"1499","capital","p_c","chn",0
"1500","capital","p_c","cyp",0
"1501","capital","p_c","cze",0
"1502","capital","p_c","deu",0
"1503","capital","p_c","dnk",0
"1504","capital","p_c","esp",0
"1505","capital","p_c","est",0
"1506","capital","p_c","fin",0
"1507","capital","p_c","fra",0
"1508","capital","p_c","gbr",0
"1509","capital","p_c","grc",-2.77379142893612e-07
"1510","capital","p_c","hrv",0
"1511","capital","p_c","hun",-1.263711243662e-07
"1512","capital","p_c","idn",0
"1513","capital","p_c","ind",0
"1514","capital","p_c","irl",0
"1515","capital","p_c","ita",0
"1516","capital","p_c","jpn",0
"1517","capital","p_c","kor",0
"1518","capital","p_c","lam_l",0
"1519","capital","p_c","lam_m",0
"1520","capital","p_c","ltu",0
"1521","capital","p_c","lux",0
"1522","capital","p_c","lva",0
"1523","capital","p_c","mea_h",0
"1524","capital","p_c","mea_m",0
"1525","capital","p_c","mex",0
"1526","capital","p_c","mlt",0
"1527","capital","p_c","naf",0
"1528","capital","p_c","nld",0
"1529","capital","p_c","nor",0
"1530","capital","p_c","oas_cpa",0
"1531","capital","p_c","oas_l",0
"1532","capital","p_c","oas_m",0
"1533","capital","p_c","pak",0
"1534","capital","p_c","pol",0
"1535","capital","p_c","prt",0
"1536","capital","p_c","rou",-0.00974714895288621
"1537","capital","p_c","rus",0
"1538","capital","p_c","ssa_l",0
"1539","capital","p_c","ssa_m",0
"1540","capital","p_c","svk",0
"1541","capital","p_c","svn",0
"1542","capital","p_c","swe",0
"1543","capital","p_c","tur",-1.06605825529431e-06
"1544","capital","p_c","twn",0
"1545","capital","p_c","ukr",0
"1546","capital","p_c","usa",0
"1547","capital","p_c","xee",0
"1548","capital","p_c","xef",0
"1549","capital","p_c","xer",0
"1550","capital","p_c","zaf",0
"1551","capital","pcr","alb",0
"1552","capital","pcr","anuz",0
"1553","capital","pcr","aut",0
"1554","capital","pcr","bel",0
"1555","capital","pcr","bgr",-0.000625098999835504
"1556","capital","pcr","blr",0
"1557","capital","pcr","bra",0
"1558","capital","pcr","can_xna",0
"1559","capital","pcr","cas",0
"1560","capital","pcr","che",0
"1561","capital","pcr","chn",0
"1562","capital","pcr","cyp",0
"1563","capital","pcr","cze",0
"1564","capital","pcr","deu",0
"1565","capital","pcr","dnk",0
"1566","capital","pcr","esp",0
"1567","capital","pcr","est",0
"1568","capital","pcr","fin",0
"1569","capital","pcr","fra",0
"1570","capital","pcr","gbr",0
"1571","capital","pcr","grc",-2.77379142893612e-07
"1572","capital","pcr","hrv",0
"1573","capital","pcr","hun",-1.263711243662e-07
"1574","capital","pcr","idn",0
"1575","capital","pcr","ind",0
"1576","capital","pcr","irl",0
"1577","capital","pcr","ita",0
"1578","capital","pcr","jpn",0
"1579","capital","pcr","kor",0
"1580","capital","pcr","lam_l",0
"1581","capital","pcr","lam_m",0
"1582","capital","pcr","ltu",0
"1583","capital","pcr","lux",0
"1584","capital","pcr","lva",0
"1585","capital","pcr","mea_h",0
"1586","capital","pcr","mea_m",0
"1587","capital","pcr","mex",0
"1588","capital","pcr","mlt",0
"1589","capital","pcr","naf",0
"1590","capital","pcr","nld",0
"1591","capital","pcr","nor",0
"1592","capital","pcr","oas_cpa",0
"1593","capital","pcr","oas_l",0
"1594","capital","pcr","oas_m",0
"1595","capital","pcr","pak",0
"1596","capital","pcr","pol",0
"1597","capital","pcr","prt",0
"1598","capital","pcr","rou",-0.00974714895288621
"1599","capital","pcr","rus",0
"1600","capital","pcr","ssa_l",0
"1601","capital","pcr","ssa_m",0
"1602","capital","pcr","svk",0
"1603","capital","pcr","svn",0
"1604","capital","pcr","swe",0
"1605","capital","pcr","tur",-1.06605825529431e-06
"1606","capital","pcr","twn",0
"1607","capital","pcr","ukr",0
"1608","capital","pcr","usa",0
"1609","capital","pcr","xee",0
"1610","capital","pcr","xef",0
"1611","capital","pcr","xer",0
"1612","capital","pcr","zaf",0
"1613","capital","pdr","alb",0
"1614","capital","pdr","anuz",0
"1615","capital","pdr","aut",0
"1616","capital","pdr","bel",0
"1617","capital","pdr","bgr",-0.00193297133809891
"1618","capital","pdr","blr",0
"1619","capital","pdr","bra",0
"1620","capital","pdr","can_xna",0
"1621","capital","pdr","cas",0
"1622","capital","pdr","che",0
"1623","capital","pdr","chn",0
"1624","capital","pdr","cyp",0
"1625","capital","pdr","cze",0
"1626","capital","pdr","deu",0
"1627","capital","pdr","dnk",0
"1628","capital","pdr","esp",0
"1629","capital","pdr","est",0
"1630","capital","pdr","fin",0
"1631","capital","pdr","fra",0
"1632","capital","pdr","gbr",0
"1633","capital","pdr","grc",-9.61916016266673e-07
"1634","capital","pdr","hrv",0
"1635","capital","pdr","hun",-5.59154435542571e-07
"1636","capital","pdr","idn",0
"1637","capital","pdr","ind",0
"1638","capital","pdr","irl",0
"1639","capital","pdr","ita",0
"1640","capital","pdr","jpn",0
"1641","capital","pdr","kor",0
"1642","capital","pdr","lam_l",0
"1643","capital","pdr","lam_m",0
"1644","capital","pdr","ltu",0
"1645","capital","pdr","lux",0
"1646","capital","pdr","lva",0
"1647","capital","pdr","mea_h",0
"1648","capital","pdr","mea_m",0
"1649","capital","pdr","mex",0
"1650","capital","pdr","mlt",0
"1651","capital","pdr","naf",0
"1652","capital","pdr","nld",0
"1653","capital","pdr","nor",0
"1654","capital","pdr","oas_cpa",0
"1655","capital","pdr","oas_l",0
"1656","capital","pdr","oas_m",0
"1657","capital","pdr","pak",0
"1658","capital","pdr","pol",0
"1659","capital","pdr","prt",0
"1660","capital","pdr","rou",-0.0137835937743505
"1661","capital","pdr","rus",0
"1662","capital","pdr","ssa_l",0
"1663","capital","pdr","ssa_m",0
"1664","capital","pdr","svk",0
"1665","capital","pdr","svn",0
"1666","capital","pdr","swe",0
"1667","capital","pdr","tur",-2.05554103223979e-06
"1668","capital","pdr","twn",0
"1669","capital","pdr","ukr",0
"1670","capital","pdr","usa",0
"1671","capital","pdr","xee",0
"1672","capital","pdr","xef",0
"1673","capital","pdr","xer",0
"1674","capital","pdr","zaf",0
"1675","capital","pfb","alb",0
"1676","capital","pfb","anuz",0
"1677","capital","pfb","aut",0
"1678","capital","pfb","bel",0
"1679","capital","pfb","bgr",-0.00193297133809891
"1680","capital","pfb","blr",0
"1681","capital","pfb","bra",0
"1682","capital","pfb","can_xna",0
"1683","capital","pfb","cas",0
"1684","capital","pfb","che",0
"1685","capital","pfb","chn",0
"1686","capital","pfb","cyp",0
"1687","capital","pfb","cze",0
"1688","capital","pfb","deu",0
"1689","capital","pfb","dnk",0
"1690","capital","pfb","esp",0
"1691","capital","pfb","est",0
"1692","capital","pfb","fin",0
"1693","capital","pfb","fra",0
"1694","capital","pfb","gbr",0
"1695","capital","pfb","grc",-9.61916016266673e-07
"1696","capital","pfb","hrv",0
"1697","capital","pfb","hun",-5.59154435542571e-07
"1698","capital","pfb","idn",0
"1699","capital","pfb","ind",0
"1700","capital","pfb","irl",0
"1701","capital","pfb","ita",0
"1702","capital","pfb","jpn",0
"1703","capital","pfb","kor",0
"1704","capital","pfb","lam_l",0
"1705","capital","pfb","lam_m",0
"1706","capital","pfb","ltu",0
"1707","capital","pfb","lux",0
"1708","capital","pfb","lva",0
"1709","capital","pfb","mea_h",0
"1710","capital","pfb","mea_m",0
"1711","capital","pfb","mex",0
"1712","capital","pfb","mlt",0
"1713","capital","pfb","naf",0
"1714","capital","pfb","nld",0
"1715","capital","pfb","nor",0
"1716","capital","pfb","oas_cpa",0
"1717","capital","pfb","oas_l",0
"1718","capital","pfb","oas_m",0
"1719","capital","pfb","pak",0
"1720","capital","pfb","pol",0
"1721","capital","pfb","prt",0
"1722","capital","pfb","rou",-0.0137835937743505
"1723","capital","pfb","rus",0
"1724","capital","pfb","ssa_l",0
"1725","capital","pfb","ssa_m",0
"1726","capital","pfb","svk",0
"1727","capital","pfb","svn",0
"1728","capital","pfb","swe",0
"1729","capital","pfb","tur",-2.05554103223979e-06
"1730","capital","pfb","twn",0
"1731","capital","pfb","ukr",0
"1732","capital","pfb","usa",0
"1733","capital","pfb","xee",0
"1734","capital","pfb","xef",0
"1735","capital","pfb","xer",0
"1736","capital","pfb","zaf",0
"1737","capital","rmk","alb",0
"1738","capital","rmk","anuz",0
"1739","capital","rmk","aut",0
"1740","capital","rmk","bel",0
"1741","capital","rmk","bgr",-0.00193297133809891
"1742","capital","rmk","blr",0
"1743","capital","rmk","bra",0
"1744","capital","rmk","can_xna",0
"1745","capital","rmk","cas",0
"1746","capital","rmk","che",0
"1747","capital","rmk","chn",0
"1748","capital","rmk","cyp",0
"1749","capital","rmk","cze",0
"1750","capital","rmk","deu",0
"1751","capital","rmk","dnk",0
"1752","capital","rmk","esp",0
"1753","capital","rmk","est",0
"1754","capital","rmk","fin",0
"1755","capital","rmk","fra",0
"1756","capital","rmk","gbr",0
"1757","capital","rmk","grc",-9.61916016266673e-07
"1758","capital","rmk","hrv",0
"1759","capital","rmk","hun",-5.59154435542571e-07
"1760","capital","rmk","idn",0
"1761","capital","rmk","ind",0
"1762","capital","rmk","irl",0
"1763","capital","rmk","ita",0
"1764","capital","rmk","jpn",0
"1765","capital","rmk","kor",0
"1766","capital","rmk","lam_l",0
"1767","capital","rmk","lam_m",0
"1768","capital","rmk","ltu",0
"1769","capital","rmk","lux",0
"1770","capital","rmk","lva",0
"1771","capital","rmk","mea_h",0
"1772","capital","rmk","mea_m",0
"1773","capital","rmk","mex",0
"1774","capital","rmk","mlt",0
"1775","capital","rmk","naf",0
"1776","capital","rmk","nld",0
"1777","capital","rmk","nor",0
"1778","capital","rmk","oas_cpa",0
"1779","capital","rmk","oas_l",0
"1780","capital","rmk","oas_m",0
"1781","capital","rmk","pak",0
"1782","capital","rmk","pol",0
"1783","capital","rmk","prt",0
"1784","capital","rmk","rou",-0.0137835937743505
"1785","capital","rmk","rus",0
"1786","capital","rmk","ssa_l",0
"1787","capital","rmk","ssa_m",0
"1788","capital","rmk","svk",0
"1789","capital","rmk","svn",0
"1790","capital","rmk","swe",0
"1791","capital","rmk","tur",-2.05554103223979e-06
"1792","capital","rmk","twn",0
"1793","capital","rmk","ukr",0
"1794","capital","rmk","usa",0
"1795","capital","rmk","xee",0
"1796","capital","rmk","xef",0
"1797","capital","rmk","xer",0
"1798","capital","rmk","zaf",0
"1799","capital","sgr","alb",0
"1800","capital","sgr","anuz",0
"1801","capital","sgr","aut",0
"1802","capital","sgr","bel",0
"1803","capital","sgr","bgr",-0.000625098999835504
"1804","capital","sgr","blr",0
"1805","capital","sgr","bra",0
"1806","capital","sgr","can_xna",0
"1807","capital","sgr","cas",0
"1808","capital","sgr","che",0
"1809","capital","sgr","chn",0
"1810","capital","sgr","cyp",0
"1811","capital","sgr","cze",0
"1812","capital","sgr","deu",0
"1813","capital","sgr","dnk",0
"1814","capital","sgr","esp",0
"1815","capital","sgr","est",0
"1816","capital","sgr","fin",0
"1817","capital","sgr","fra",0
"1818","capital","sgr","gbr",0
"1819","capital","sgr","grc",-2.77379142893612e-07
"1820","capital","sgr","hrv",0
"1821","capital","sgr","hun",-1.263711243662e-07
"1822","capital","sgr","idn",0
"1823","capital","sgr","ind",0
"1824","capital","sgr","irl",0
"1825","capital","sgr","ita",0
"1826","capital","sgr","jpn",0
"1827","capital","sgr","kor",0
"1828","capital","sgr","lam_l",0
"1829","capital","sgr","lam_m",0
"1830","capital","sgr","ltu",0
"1831","capital","sgr","lux",0
"1832","capital","sgr","lva",0
"1833","capital","sgr","mea_h",0
"1834","capital","sgr","mea_m",0
"1835","capital","sgr","mex",0
"1836","capital","sgr","mlt",0
"1837","capital","sgr","naf",0
"1838","capital","sgr","nld",0
"1839","capital","sgr","nor",0
"1840","capital","sgr","oas_cpa",0
"1841","capital","sgr","oas_l",0
"1842","capital","sgr","oas_m",0
"1843","capital","sgr","pak",0
"1844","capital","sgr","pol",0
"1845","capital","sgr","prt",0
"1846","capital","sgr","rou",-0.00974714895288621
"1847","capital","sgr","rus",0
"1848","capital","sgr","ssa_l",0
"1849","capital","sgr","ssa_m",0
"1850","capital","sgr","svk",0
"1851","capital","sgr","svn",0
"1852","capital","sgr","swe",0
"1853","capital","sgr","tur",-1.06605825529431e-06
"1854","capital","sgr","twn",0
"1855","capital","sgr","ukr",0
"1856","capital","sgr","usa",0
"1857","capital","sgr","xee",0
"1858","capital","sgr","xef",0
"1859","capital","sgr","xer",0
"1860","capital","sgr","zaf",0
"1861","capital","svs","alb",0
"1862","capital","svs","anuz",0
"1863","capital","svs","aut",0
"1864","capital","svs","bel",0
"1865","capital","svs","bgr",-0.00382443041879844
"1866","capital","svs","blr",0
"1867","capital","svs","bra",0
"1868","capital","svs","can_xna",0
"1869","capital","svs","cas",0
"1870","capital","svs","che",0
"1871","capital","svs","chn",0
"1872","capital","svs","cyp",0
"1873","capital","svs","cze",0
"1874","capital","svs","deu",0
"1875","capital","svs","dnk",0
"1876","capital","svs","esp",0
"1877","capital","svs","est",0
"1878","capital","svs","fin",0
"1879","capital","svs","fra",0
"1880","capital","svs","gbr",0
"1881","capital","svs","grc",-5.6335778801612e-06
"1882","capital","svs","hrv",0
"1883","capital","svs","hun",-2.72624621867909e-06
"1884","capital","svs","idn",0
"1885","capital","svs","ind",0
"1886","capital","svs","irl",0
"1887","capital","svs","ita",0
"1888","capital","svs","jpn",0
"1889","capital","svs","kor",0
"1890","capital","svs","lam_l",0
"1891","capital","svs","lam_m",0
"1892","capital","svs","ltu",0
"1893","capital","svs","lux",0
"1894","capital","svs","lva",0
"1895","capital","svs","mea_h",0
"1896","capital","svs","mea_m",0
"1897","capital","svs","mex",0
"1898","capital","svs","mlt",0
"1899","capital","svs","naf",0
"1900","capital","svs","nld",0
"1901","capital","svs","nor",0
"1902","capital","svs","oas_cpa",0
"1903","capital","svs","oas_l",0
"1904","capital","svs","oas_m",0
"1905","capital","svs","pak",0
"1906","capital","svs","pol",0
"1907","capital","svs","prt",0
"1908","capital","svs","rou",-0.0483268737921759
"1909","capital","svs","rus",0
"1910","capital","svs","ssa_l",0
"1911","capital","svs","ssa_m",0
"1912","capital","svs","svk",0
"1913","capital","svs","svn",0
"1914","capital","svs","swe",0
"1915","capital","svs","tur",-2.1102092713807e-05
"1916","capital","svs","twn",0
"1917","capital","svs","ukr",0
"1918","capital","svs","usa",0
"1919","capital","svs","xee",0
"1920","capital","svs","xef",0
"1921","capital","svs","xer",0
"1922","capital","svs","zaf",0
"1923","capital","trd","alb",0
"1924","capital","trd","anuz",0
"1925","capital","trd","aut",0
"1926","capital","trd","bel",0
"1927","capital","trd","bgr",-0.00369901701243647
"1928","capital","trd","blr",0
"1929","capital","trd","bra",0
"1930","capital","trd","can_xna",0
"1931","capital","trd","cas",0
"1932","capital","trd","che",0
"1933","capital","trd","chn",0
"1934","capital","trd","cyp",0
"1935","capital","trd","cze",0
"1936","capital","trd","deu",0
"1937","capital","trd","dnk",0
"1938","capital","trd","esp",0
"1939","capital","trd","est",0
"1940","capital","trd","fin",0
"1941","capital","trd","fra",0
"1942","capital","trd","gbr",0
"1943","capital","trd","grc",-6.10029023573803e-06
"1944","capital","trd","hrv",0
"1945","capital","trd","hun",-2.91438762471614e-06
"1946","capital","trd","idn",0
"1947","capital","trd","ind",0
"1948","capital","trd","irl",0
"1949","capital","trd","ita",0
"1950","capital","trd","jpn",0
"1951","capital","trd","kor",0
"1952","capital","trd","lam_l",0
"1953","capital","trd","lam_m",0
"1954","capital","trd","ltu",0
"1955","capital","trd","lux",0
"1956","capital","trd","lva",0
"1957","capital","trd","mea_h",0
"1958","capital","trd","mea_m",0
"1959","capital","trd","mex",0
"1960","capital","trd","mlt",0
"1961","capital","trd","naf",0
"1962","capital","trd","nld",0
"1963","capital","trd","nor",0
"1964","capital","trd","oas_cpa",0
"1965","capital","trd","oas_l",0
"1966","capital","trd","oas_m",0
"1967","capital","trd","pak",0
"1968","capital","trd","pol",0
"1969","capital","trd","prt",0
"1970","capital","trd","rou",-0.047319536060077
"1971","capital","trd","rus",0
"1972","capital","trd","ssa_l",0
"1973","capital","trd","ssa_m",0
"1974","capital","trd","svk",0
"1975","capital","trd","svn",0
"1976","capital","trd","swe",0
"1977","capital","trd","tur",-2.32732611317769e-05
"1978","capital","trd","twn",0
"1979","capital","trd","ukr",0
"1980","capital","trd","usa",0
"1981","capital","trd","xee",0
"1982","capital","trd","xef",0
"1983","capital","trd","xer",0
"1984","capital","trd","zaf",0
"1985","capital","tsp","alb",0
"1986","capital","tsp","anuz",0
"1987","capital","tsp","aut",0
"1988","capital","tsp","bel",0
"1989","capital","tsp","bgr",-0.000534940258970088
"1990","capital","tsp","blr",0
"1991","capital","tsp","bra",0
"1992","capital","tsp","can_xna",0
"1993","capital","tsp","cas",0
"1994","capital","tsp","che",0
"1995","capital","tsp","chn",0
"1996","capital","tsp","cyp",0
"1997","capital","tsp","cze",0
"1998","capital","tsp","deu",0
"1999","capital","tsp","dnk",0
"2000","capital","tsp","esp",0
"2001","capital","tsp","est",0
"2002","capital","tsp","fin",0
"2003","capital","tsp","fra",0
"2004","capital","tsp","gbr",0
"2005","capital","tsp","grc",-2.61385954915257e-07
"2006","capital","tsp","hrv",0
"2007","capital","tsp","hun",-1.14405729081465e-07
"2008","capital","tsp","idn",0
"2009","capital","tsp","ind",0
"2010","capital","tsp","irl",0
"2011","capital","tsp","ita",0
"2012","capital","tsp","jpn",0
"2013","capital","tsp","kor",0
"2014","capital","tsp","lam_l",0
"2015","capital","tsp","lam_m",0
"2016","capital","tsp","ltu",0
"2017","capital","tsp","lux",0
"2018","capital","tsp","lva",0
"2019","capital","tsp","mea_h",0
"2020","capital","tsp","mea_m",0
"2021","capital","tsp","mex",0
"2022","capital","tsp","mlt",0
"2023","capital","tsp","naf",0
"2024","capital","tsp","nld",0
"2025","capital","tsp","nor",0
"2026","capital","tsp","oas_cpa",0
"2027","capital","tsp","oas_l",0
"2028","capital","tsp","oas_m",0
"2029","capital","tsp","pak",0
"2030","capital","tsp","pol",0
"2031","capital","tsp","prt",0
"2032","capital","tsp","rou",-0.0126342180102361
"2033","capital","tsp","rus",0
"2034","capital","tsp","ssa_l",0
"2035","capital","tsp","ssa_m",0
"2036","capital","tsp","svk",0
"2037","capital","tsp","svn",0
"2038","capital","tsp","swe",0
"2039","capital","tsp","tur",-1.06886317855622e-06
"2040","capital","tsp","twn",0
"2041","capital","tsp","ukr",0
"2042","capital","tsp","usa",0
"2043","capital","tsp","xee",0
"2044","capital","tsp","xef",0
"2045","capital","tsp","xer",0
"2046","capital","tsp","zaf",0
"2047","capital","twl","alb",0
"2048","capital","twl","anuz",0
"2049","capital","twl","aut",0
"2050","capital","twl","bel",0
"2051","capital","twl","bgr",-0.000625098999835504
"2052","capital","twl","blr",0
"2053","capital","twl","bra",0
"2054","capital","twl","can_xna",0
"2055","capital","twl","cas",0
"2056","capital","twl","che",0
"2057","capital","twl","chn",0
"2058","capital","twl","cyp",0
"2059","capital","twl","cze",0
"2060","capital","twl","deu",0
"2061","capital","twl","dnk",0
"2062","capital","twl","esp",0
"2063","capital","twl","est",0
"2064","capital","twl","fin",0
"2065","capital","twl","fra",0
"2066","capital","twl","gbr",0
"2067","capital","twl","grc",-2.77379142893612e-07
"2068","capital","twl","hrv",0
"2069","capital","twl","hun",-1.263711243662e-07
"2070","capital","twl","idn",0
"2071","capital","twl","ind",0
"2072","capital","twl","irl",0
"2073","capital","twl","ita",0
"2074","capital","twl","jpn",0
"2075","capital","twl","kor",0
"2076","capital","twl","lam_l",0
"2077","capital","twl","lam_m",0
"2078","capital","twl","ltu",0
"2079","capital","twl","lux",0
"2080","capital","twl","lva",0
"2081","capital","twl","mea_h",0
"2082","capital","twl","mea_m",0
"2083","capital","twl","mex",0
"2084","capital","twl","mlt",0
"2085","capital","twl","naf",0
"2086","capital","twl","nld",0
"2087","capital","twl","nor",0
"2088","capital","twl","oas_cpa",0
"2089","capital","twl","oas_l",0
"2090","capital","twl","oas_m",0
"2091","capital","twl","pak",0
"2092","capital","twl","pol",0
"2093","capital","twl","prt",0
"2094","capital","twl","rou",-0.00974714895288621
"2095","capital","twl","rus",0
"2096","capital","twl","ssa_l",0
"2097","capital","twl","ssa_m",0
"2098","capital","twl","svk",0
"2099","capital","twl","svn",0
"2100","capital","twl","swe",0
"2101","capital","twl","tur",-1.06605825529431e-06
"2102","capital","twl","twn",0
"2103","capital","twl","ukr",0
"2104","capital","twl","usa",0
"2105","capital","twl","xee",0
"2106","capital","twl","xef",0
"2107","capital","twl","xer",0
"2108","capital","twl","zaf",0
"2109","capital","utl","alb",0
"2110","capital","utl","anuz",0
"2111","capital","utl","aut",0
"2112","capital","utl","bel",0
"2113","capital","utl","bgr",-0.00324072984641589
"2114","capital","utl","blr",0
"2115","capital","utl","bra",0
"2116","capital","utl","can_xna",0
"2117","capital","utl","cas",0
"2118","capital","utl","che",0
"2119","capital","utl","chn",0
"2120","capital","utl","cyp",0
"2121","capital","utl","cze",0
"2122","capital","utl","deu",0
"2123","capital","utl","dnk",0
"2124","capital","utl","esp",0
"2125","capital","utl","est",0
"2126","capital","utl","fin",0
"2127","capital","utl","fra",0
"2128","capital","utl","gbr",0
"2129","capital","utl","grc",-4.73009761878428e-06
"2130","capital","utl","hrv",0
"2131","capital","utl","hun",-2.21277275822786e-06
"2132","capital","utl","idn",0
"2133","capital","utl","ind",0
"2134","capital","utl","irl",0
"2135","capital","utl","ita",0
"2136","capital","utl","jpn",0
"2137","capital","utl","kor",0
"2138","capital","utl","lam_l",0
"2139","capital","utl","lam_m",0
"2140","capital","utl","ltu",0
"2141","capital","utl","lux",0
"2142","capital","utl","lva",0
"2143","capital","utl","mea_h",0
"2144","capital","utl","mea_m",0
"2145","capital","utl","mex",0
"2146","capital","utl","mlt",0
"2147","capital","utl","naf",0
"2148","capital","utl","nld",0
"2149","capital","utl","nor",0
"2150","capital","utl","oas_cpa",0
"2151","capital","utl","oas_l",0
"2152","capital","utl","oas_m",0
"2153","capital","utl","pak",0
"2154","capital","utl","pol",0
"2155","capital","utl","prt",0
"2156","capital","utl","rou",-0.0466933813793599
"2157","capital","utl","rus",0
"2158","capital","utl","ssa_l",0
"2159","capital","utl","ssa_m",0
"2160","capital","utl","svk",0
"2161","capital","utl","svn",0
"2162","capital","utl","swe",0
"2163","capital","utl","tur",-1.83649390906765e-05
"2164","capital","utl","twn",0
"2165","capital","utl","ukr",0
"2166","capital","utl","usa",0
"2167","capital","utl","xee",0
"2168","capital","utl","xef",0
"2169","capital","utl","xer",0
"2170","capital","utl","zaf",0
"2171","capital","v_f","alb",0
"2172","capital","v_f","anuz",0
"2173","capital","v_f","aut",0
"2174","capital","v_f","bel",0
"2175","capital","v_f","bgr",-0.00193297133809891
"2176","capital","v_f","blr",0
"2177","capital","v_f","bra",0
"2178","capital","v_f","can_xna",0
"2179","capital","v_f","cas",0
"2180","capital","v_f","che",0
"2181","capital","v_f","chn",0
"2182","capital","v_f","cyp",0
"2183","capital","v_f","cze",0
"2184","capital","v_f","deu",0
"2185","capital","v_f","dnk",0
"2186","capital","v_f","esp",0
"2187","capital","v_f","est",0
"2188","capital","v_f","fin",0
"2189","capital","v_f","fra",0
"2190","capital","v_f","gbr",0
"2191","capital","v_f","grc",-9.61916016266673e-07
"2192","capital","v_f","hrv",0
"2193","capital","v_f","hun",-5.59154435542571e-07
"2194","capital","v_f","idn",0
"2195","capital","v_f","ind",0
"2196","capital","v_f","irl",0
"2197","capital","v_f","ita",0
"2198","capital","v_f","jpn",0
"2199","capital","v_f","kor",0
"2200","capital","v_f","lam_l",0
"2201","capital","v_f","lam_m",0
"2202","capital","v_f","ltu",0
"2203","capital","v_f","lux",0
"2204","capital","v_f","lva",0
"2205","capital","v_f","mea_h",0
"2206","capital","v_f","mea_m",0
"2207","capital","v_f","mex",0
"2208","capital","v_f","mlt",0
"2209","capital","v_f","naf",0
"2210","capital","v_f","nld",0
"2211","capital","v_f","nor",0
"2212","capital","v_f","oas_cpa",0
"2213","capital","v_f","oas_l",0
"2214","capital","v_f","oas_m",0
"2215","capital","v_f","pak",0
"2216","capital","v_f","pol",0
"2217","capital","v_f","prt",0
"2218","capital","v_f","rou",-0.0137835937743505
"2219","capital","v_f","rus",0
"2220","capital","v_f","ssa_l",0
"2221","capital","v_f","ssa_m",0
"2222","capital","v_f","svk",0
"2223","capital","v_f","svn",0
"2224","capital","v_f","swe",0
"2225","capital","v_f","tur",-2.05554103223979e-06
"2226","capital","v_f","twn",0
"2227","capital","v_f","ukr",0
"2228","capital","v_f","usa",0
"2229","capital","v_f","xee",0
"2230","capital","v_f","xef",0
"2231","capital","v_f","xer",0
"2232","capital","v_f","zaf",0
"2233","capital","vol","alb",0
"2234","capital","vol","anuz",0
"2235","capital","vol","aut",0
"2236","capital","vol","bel",0
"2237","capital","vol","bgr",-0.000625098999835504
"2238","capital","vol","blr",0
"2239","capital","vol","bra",0
"2240","capital","vol","can_xna",0
"2241","capital","vol","cas",0
"2242","capital","vol","che",0
"2243","capital","vol","chn",0
"2244","capital","vol","cyp",0
"2245","capital","vol","cze",0
"2246","capital","vol","deu",0
"2247","capital","vol","dnk",0
"2248","capital","vol","esp",0
"2249","capital","vol","est",0
"2250","capital","vol","fin",0
"2251","capital","vol","fra",0
"2252","capital","vol","gbr",0
"2253","capital","vol","grc",-2.77379142893612e-07
"2254","capital","vol","hrv",0
"2255","capital","vol","hun",-1.263711243662e-07
"2256","capital","vol","idn",0
"2257","capital","vol","ind",0
"2258","capital","vol","irl",0
"2259","capital","vol","ita",0
"2260","capital","vol","jpn",0
"2261","capital","vol","kor",0
"2262","capital","vol","lam_l",0
"2263","capital","vol","lam_m",0
"2264","capital","vol","ltu",0
"2265","capital","vol","lux",0
"2266","capital","vol","lva",0
"2267","capital","vol","mea_h",0
"2268","capital","vol","mea_m",0
"2269","capital","vol","mex",0
"2270","capital","vol","mlt",0
"2271","capital","vol","naf",0
"2272","capital","vol","nld",0
"2273","capital","vol","nor",0
"2274","capital","vol","oas_cpa",0
"2275","capital","vol","oas_l",0
"2276","capital","vol","oas_m",0
"2277","capital","vol","pak",0
"2278","capital","vol","pol",0
"2279","capital","vol","prt",0
"2280","capital","vol","rou",-0.00974714895288621
"2281","capital","vol","rus",0
"2282","capital","vol","ssa_l",0
"2283","capital","vol","ssa_m",0
"2284","capital","vol","svk",0
"2285","capital","vol","svn",0
"2286","capital","vol","swe",0
"2287","capital","vol","tur",-1.06605825529431e-06
"2288","capital","vol","twn",0
"2289","capital","vol","ukr",0
"2290","capital","vol","usa",0
"2291","capital","vol","xee",0
"2292","capital","vol","xef",0
"2293","capital","vol","xer",0
"2294","capital","vol","zaf",0
"2295","capital","wht","alb",0
"2296","capital","wht","anuz",0
"2297","capital","wht","aut",0
"2298","capital","wht","bel",0
"2299","capital","wht","bgr",-0.00193297133809891
"2300","capital","wht","blr",0
"2301","capital","wht","bra",0
"2302","capital","wht","can_xna",0
"2303","capital","wht","cas",0
"2304","capital","wht","che",0
"2305","capital","wht","chn",0
"2306","capital","wht","cyp",0
"2307","capital","wht","cze",0
"2308","capital","wht","deu",0
"2309","capital","wht","dnk",0
"2310","capital","wht","esp",0
"2311","capital","wht","est",0
"2312","capital","wht","fin",0
"2313","capital","wht","fra",0
"2314","capital","wht","gbr",0
"2315","capital","wht","grc",-9.61916016266673e-07
"2316","capital","wht","hrv",0
"2317","capital","wht","hun",-5.59154435542571e-07
"2318","capital","wht","idn",0
"2319","capital","wht","ind",0
"2320","capital","wht","irl",0
"2321","capital","wht","ita",0
"2322","capital","wht","jpn",0
"2323","capital","wht","kor",0
"2324","capital","wht","lam_l",0
"2325","capital","wht","lam_m",0
"2326","capital","wht","ltu",0
"2327","capital","wht","lux",0
"2328","capital","wht","lva",0
"2329","capital","wht","mea_h",0
"2330","capital","wht","mea_m",0
"2331","capital","wht","mex",0
"2332","capital","wht","mlt",0
"2333","capital","wht","naf",0
"2334","capital","wht","nld",0
"2335","capital","wht","nor",0
"2336","capital","wht","oas_cpa",0
"2337","capital","wht","oas_l",0
"2338","capital","wht","oas_m",0
"2339","capital","wht","pak",0
"2340","capital","wht","pol",0
"2341","capital","wht","prt",0
"2342","capital","wht","rou",-0.0137835937743505
"2343","capital","wht","rus",0
"2344","capital","wht","ssa_l",0
"2345","capital","wht","ssa_m",0
"2346","capital","wht","svk",0
"2347","capital","wht","svn",0
"2348","capital","wht","swe",0
"2349","capital","wht","tur",-2.05554103223979e-06
"2350","capital","wht","twn",0
"2351","capital","wht","ukr",0
"2352","capital","wht","usa",0
"2353","capital","wht","xee",0
"2354","capital","wht","xef",0
"2355","capital","wht","xer",0
"2356","capital","wht","zaf",0
"2357","capital","wol","alb",0
"2358","capital","wol","anuz",0
"2359","capital","wol","aut",0
"2360","capital","wol","bel",0
"2361","capital","wol","bgr",-0.00193297133809891
"2362","capital","wol","blr",0
"2363","capital","wol","bra",0
"2364","capital","wol","can_xna",0
"2365","capital","wol","cas",0
"2366","capital","wol","che",0
"2367","capital","wol","chn",0
"2368","capital","wol","cyp",0
"2369","capital","wol","cze",0
"2370","capital","wol","deu",0
"2371","capital","wol","dnk",0
"2372","capital","wol","esp",0
"2373","capital","wol","est",0
"2374","capital","wol","fin",0
"2375","capital","wol","fra",0
"2376","capital","wol","gbr",0
"2377","capital","wol","grc",-9.61916016266673e-07
"2378","capital","wol","hrv",0
"2379","capital","wol","hun",-5.59154435542571e-07
"2380","capital","wol","idn",0
"2381","capital","wol","ind",0
"2382","capital","wol","irl",0
"2383","capital","wol","ita",0
"2384","capital","wol","jpn",0
"2385","capital","wol","kor",0
"2386","capital","wol","lam_l",0
"2387","capital","wol","lam_m",0
"2388","capital","wol","ltu",0
"2389","capital","wol","lux",0
"2390","capital","wol","lva",0
"2391","capital","wol","mea_h",0
"2392","capital","wol","mea_m",0
"2393","capital","wol","mex",0
"2394","capital","wol","mlt",0
"2395","capital","wol","naf",0
"2396","capital","wol","nld",0
"2397","capital","wol","nor",0
"2398","capital","wol","oas_cpa",0
"2399","capital","wol","oas_l",0
"2400","capital","wol","oas_m",0
"2401","capital","wol","pak",0
"2402","capital","wol","pol",0
"2403","capital","wol","prt",0
"2404","capital","wol","rou",-0.0137835937743505
"2405","capital","wol","rus",0
"2406","capital","wol","ssa_l",0
"2407","capital","wol","ssa_m",0
"2408","capital","wol","svk",0
"2409","capital","wol","svn",0
"2410","capital","wol","swe",0
"2411","capital","wol","tur",-2.05554103223979e-06
"2412","capital","wol","twn",0
"2413","capital","wol","ukr",0
"2414","capital","wol","usa",0
"2415","capital","wol","xee",0
"2416","capital","wol","xef",0
"2417","capital","wol","xer",0
"2418","capital","wol","zaf",0
"2419","capital","wpp","alb",0
"2420","capital","wpp","anuz",0
"2421","capital","wpp","aut",0
"2422","capital","wpp","bel",0
"2423","capital","wpp","bgr",-0.000625098999835504
"2424","capital","wpp","blr",0
"2425","capital","wpp","bra",0
"2426","capital","wpp","can_xna",0
"2427","capital","wpp","cas",0
"2428","capital","wpp","che",0
"2429","capital","wpp","chn",0
"2430","capital","wpp","cyp",0
"2431","capital","wpp","cze",0
"2432","capital","wpp","deu",0
"2433","capital","wpp","dnk",0
"2434","capital","wpp","esp",0
"2435","capital","wpp","est",0
"2436","capital","wpp","fin",0
"2437","capital","wpp","fra",0
"2438","capital","wpp","gbr",0
"2439","capital","wpp","grc",-2.77379142893612e-07
"2440","capital","wpp","hrv",0
"2441","capital","wpp","hun",-1.263711243662e-07
"2442","capital","wpp","idn",0
"2443","capital","wpp","ind",0
"2444","capital","wpp","irl",0
"2445","capital","wpp","ita",0
"2446","capital","wpp","jpn",0
"2447","capital","wpp","kor",0
"2448","capital","wpp","lam_l",0
"2449","capital","wpp","lam_m",0
"2450","capital","wpp","ltu",0
"2451","capital","wpp","lux",0
"2452","capital","wpp","lva",0
"2453","capital","wpp","mea_h",0
"2454","capital","wpp","mea_m",0
"2455","capital","wpp","mex",0
"2456","capital","wpp","mlt",0
"2457","capital","wpp","naf",0
"2458","capital","wpp","nld",0
"2459","capital","wpp","nor",0
"2460","capital","wpp","oas_cpa",0
"2461","capital","wpp","oas_l",0
"2462","capital","wpp","oas_m",0
"2463","capital","wpp","pak",0
"2464","capital","wpp","pol",0
"2465","capital","wpp","prt",0
"2466","capital","wpp","rou",-0.00974714895288621
"2467","capital","wpp","rus",0
"2468","capital","wpp","ssa_l",0
"2469","capital","wpp","ssa_m",0
"2470","capital","wpp","svk",0
"2471","capital","wpp","svn",0
"2472","capital","wpp","swe",0
"2473","capital","wpp","tur",-1.06605825529431e-06
"2474","capital","wpp","twn",0
"2475","capital","wpp","ukr",0
"2476","capital","wpp","usa",0
"2477","capital","wpp","xee",0
"2478","capital","wpp","xef",0
"2479","capital","wpp","xer",0
"2480","capital","wpp","zaf",0
"2481","capital","zcgds","alb",NA
"2482","capital","zcgds","anuz",0
"2483","capital","zcgds","aut",NA
"2484","capital","zcgds","bel",NA
"2485","capital","zcgds","bgr",NA
"2486","capital","zcgds","blr",0
"2487","capital","zcgds","bra",0
"2488","capital","zcgds","can_xna",0
"2489","capital","zcgds","cas",0
"2490","capital","zcgds","che",NA
"2491","capital","zcgds","chn",0
"2492","capital","zcgds","cyp",NA
"2493","capital","zcgds","cze",NA
"2494","capital","zcgds","deu",NA
"2495","capital","zcgds","dnk",NA
"2496","capital","zcgds","esp",NA
"2497","capital","zcgds","est",NA
"2498","capital","zcgds","fin",NA
"2499","capital","zcgds","fra",NA
"2500","capital","zcgds","gbr",NA
"2501","capital","zcgds","grc",NA
"2502","capital","zcgds","hrv",NA
"2503","capital","zcgds","hun",NA
"2504","capital","zcgds","idn",0
"2505","capital","zcgds","ind",0
"2506","capital","zcgds","irl",NA
"2507","capital","zcgds","ita",NA
"2508","capital","zcgds","jpn",0
"2509","capital","zcgds","kor",0
"2510","capital","zcgds","lam_l",0
"2511","capital","zcgds","lam_m",0
"2512","capital","zcgds","ltu",NA
"2513","capital","zcgds","lux",NA
"2514","capital","zcgds","lva",NA
"2515","capital","zcgds","mea_h",0
"2516","capital","zcgds","mea_m",0
"2517","capital","zcgds","mex",0
"2518","capital","zcgds","mlt",NA
"2519","capital","zcgds","naf",0
"2520","capital","zcgds","nld",NA
"2521","capital","zcgds","nor",NA
"2522","capital","zcgds","oas_cpa",0
"2523","capital","zcgds","oas_l",0
"2524","capital","zcgds","oas_m",0
"2525","capital","zcgds","pak",0
"2526","capital","zcgds","pol",NA
"2527","capital","zcgds","prt",NA
"2528","capital","zcgds","rou",NA
"2529","capital","zcgds","rus",0
"2530","capital","zcgds","ssa_l",0
"2531","capital","zcgds","ssa_m",0
"2532","capital","zcgds","svk",NA
"2533","capital","zcgds","svn",NA
"2534","capital","zcgds","swe",NA
"2535","capital","zcgds","tur",NA
"2536","capital","zcgds","twn",0
"2537","capital","zcgds","ukr",0
"2538","capital","zcgds","usa",0
"2539","capital","zcgds","xee",0
"2540","capital","zcgds","xef",0
"2541","capital","zcgds","xer",0
"2542","capital","zcgds","zaf",0
