"fid4","AGR","MIN","MFG","EGW","CNS","TRD","OTP","WTP","CMN","OFI","OBS","REA","PUB","OSG"
"68",0,0,0,0,0,0,0,0,0,0,0,0,0,0
"69",0,0,0,0,0,0,0,0,0,0,0,0,0,0
"70",0,0,0,0,0,0,0,0,0,0,0,0,0,0
"71",0,0,0,0,0,0,0,0,0,0,0,0,0,0
"72",0,0,0,0,0,0,0,0,0,0,0,0,0,0
"73",0,0,0,0,0,0,0,0,0,0,0,0,0,0
"74",0,0,0,0,0,0,0,0,0,0,0,0,0,0
"263",0,0,0,0,0,0,0,0,0,0,0,0,0,0
"264",0,0,0,0,0,0,0,0,0,0,0,0,0,0
"265",0,0,0,0,0,0,0,0,0,0,0,0,0,0
"1627",0.196185528294392,0.00231499204343818,0.0635840753048659,0.182483412394126,0.584420297273731,0.42883917922928,0.158175884198482,0.0803783914182728,0.139601269197322,0.0463188521772275,0.100092024406064,8.22833629492736,1.49013081331167,0.205748123100593
"1628",0.03770497940764,0.0317680281664109,0.753079472423927,1.78990122726671,3.08174980342012,3.98314657718107,1.01366877177814,0.746571046125987,1.31815763342618,0.444354187172222,0.966182896754455,30.9660593874454,14.3841521269233,1.98607550160689
"1629",0.0619691758410907,0.000674662341179434,0.0164607462648566,0.0609970024133155,0.314291683983214,0.137254047601569,0.0995640710270229,0.0257258667029644,0.0452718052956234,0.015209494923145,0.0330383647279643,5.02727908363805,0.491862219739322,0.0679133185029242
"1630",0.00815255486433225,0.0106329895095095,0.301040698199096,0.831062851613945,1.01167680891146,1.97401571884717,0.248215628415065,0.369994664201352,0.640494802049685,0.211903589669163,0.457173675759856,6.06608387088992,6.80622242708328,0.939761447295602
"1631",0.36218229641716,0.000347523645914121,0.00954516009446279,0.0654599045113546,0.525934961117286,0.15383190918442,0.151024283362129,0.0288330964331845,0.0500773502173655,0.0166153602720246,0.0359047119626311,8.9612199164369,0.534535273475349,0.0738053520309376
"1632",1.46065955529499,0.0119323207593455,0.260000170761567,0.65779076677738,1.99228804955704,1.41475823711067,0.838760069859487,0.265171646744311,0.472926267842402,0.161177898918043,0.351197084165333,27.8469399857968,5.22848448480645,0.721917069159014
"1633",0.379165198275802,0.00295068217919287,0.0679848863625989,0.236001132795743,0.96776685149904,0.519322696033416,0.349621360394249,0.0973379414847003,0.172434947235314,0.0583330822254406,0.126943988661718,14.7660320295181,1.88989232850457,0.260944741212258
"1634",1.11893808980107,0.00229179296445153,0.0485908499794942,0.0864131715146516,0.788560563143456,0.18370186034355,0.383701491549287,0.0344316954936253,0.0616171785323891,0.0210820349022388,0.045955186266386,13.6737983171073,0.684162794122388,0.0944650023531168
"1635",0.357198079773347,0.00128740146746827,0.0353600488982776,0.133804050745768,0.57552064437528,0.314441836365042,0.163975185029117,0.0589366135973243,0.102361168408605,0.0339628131998203,0.0733914284984446,8.82635247535453,1.09262281073283,0.150862656188933
"1636",0.165561319464093,0.15547014541431,3.9054217725014,18.225539974314,23.0701873114756,41.4636378822651,6.49787799100548,7.77163252974223,13.6313413105706,4.56458265983642,9.90424302415261,154.947020678743,147.450486693551,20.35905882655
"1637",0.392526934842205,0.003311529643883,0.0785017245662231,0.17780638535817,0.719965946206891,0.39568043445718,0.259346342181615,0.0741633656106484,0.130944009960648,0.044141548503496,0.0959793120702727,10.938878863398,1.4289023646494,0.197294074449235
"1638",0.210662972793638,0.000928771481191501,0.0247545269551976,0.119388312978634,0.553024155280514,0.277567365253739,0.156161416574456,0.0520251399823135,0.0906543418142476,0.0301678326602966,0.0652878071286062,8.63452591331689,0.971979273205621,0.134204936484934
"1639",0.172382512714013,0.00130711923688039,0.0348386218120119,0.0658230552652625,0.404641204852704,0.153032835183791,0.118319191133221,0.0286833240105476,0.0499809872708655,0.0166326072199987,0.0359955076804136,6.65556779171414,0.535887004520727,0.0739919907629461
"1640",0.47374109647491,0.00291682671233778,0.0732709068909713,0.194877113395034,0.920441381174324,0.443351147496356,0.298985515137717,0.0830984056383283,0.145753511284182,0.0488069321323594,0.105901405040945,14.4582674845186,1.57661859434778,0.217689825439978
"1641",0.0492603304253015,0.000982536380241477,0.0269865580610202,0.0523505347057285,0.180253036955133,0.123024663123524,0.0491673989203124,0.0230588178636469,0.0400485775238243,0.0132878744792231,0.0287142317687443,2.59984624787073,0.427486223733391,0.0590246758195914
"1642",0.549313703260591,0.00318082797902068,0.0822920067879278,0.0903278469991435,0.742094873589637,0.207747701645566,0.246061565960332,0.0389386671925002,0.0680739275480859,0.0227230648862122,0.049243403697335,12.6890688737488,0.733116485925516,0.10122422786363
"1643",1.24223341109129,0.0115603693746911,0.251895509021779,0.211264553181511,1.38755516648386,0.454381973598304,0.620441225205824,0.0851659407448053,0.1518910901608,0.0517659695414655,0.112794977996322,23.1497211826821,1.67924740554002,0.23186018222357
"1644",0.378920279471349,0.000841308674955856,0.0224233826011957,0.122397924589733,0.674302365660215,0.284564448506596,0.197880822690239,0.0533366206578786,0.0929396103879773,0.0309283213311798,0.0669336210068255,10.8915979004294,0.996481504901536,0.137588054354972
"1645",0.932405357099527,0.0125178729163241,0.296743413922759,0.813004461075909,2.10330142886783,1.80921488126613,0.740016848375293,0.339105634302184,0.598730265140523,0.201833448106209,0.43885718011163,27.4321440870861,6.53353362176368,0.902110249572656
"1646",0.650001425255828,0.00136782481358156,0.0315152255878408,0.135982986066874,0.789135347676328,0.299231830382964,0.30692171823328,0.0560857644363431,0.0993563833764987,0.0336113077659048,0.0731446600995769,12.9068546235321,1.08894901956828,0.150355401637845
"1647",1.16742069829445,0.00719123265272919,0.156693886747166,0.579567841669274,1.91090861471801,1.24651852743862,0.779171892148721,0.233638060516438,0.416686992529478,0.142011003678824,0.309433556003577,27.4906840000726,4.60672545299821,0.63606839555761
"1648",0.237070413645688,0.00293860612239854,0.071697568992207,0.600711771422226,1.29807102550817,1.3517077693577,0.396378030408179,0.253353941129676,0.445846603581284,0.149786420254076,0.325369015122235,15.3640425656346,4.84396632006914,0.668825159384352
"1649",1.2008137899293,0.00312250527068155,0.0662037049250553,0.1442772834873,0.872937987993568,0.306712563806745,0.421381104511347,0.0574878968634993,0.102877362084758,0.03519901738086,0.0767277640717407,14.4005337776969,1.14229286657211,0.157720792851796
"1650",0.477757119648644,0.0103057557855013,0.212697854693824,0.347684189904226,1.29387131432259,0.730450775074484,0.567361888861975,0.136910201199986,0.245847808209832,0.0844571271180423,0.184147984717435,19.3401374097281,2.74152299211636,0.378532679833315
"1651",0.151939991073354,0.00353539652537589,0.0971039704171944,0.0448645285899668,0.393669888686616,0.105432419114765,0.117359478030527,0.0197614599184069,0.0343217230044549,0.0113877389758115,0.0246081626361458,6.77273402225003,0.366356676475455,0.0505842828675407
"1652",0.382316461394919,0.000596042310049189,0.015420361663054,0.475921488303163,1.19745614819767,1.09458598475902,0.337754239760715,0.205160967060047,0.358669513219261,0.119723819605243,0.259454805526045,15.31875973287,3.86266141253831,0.533332596509847
"1653",0.659514735343984,0.00118826502934343,0.0289918792699036,0.19588909663293,0.810348020022538,0.440785125991949,0.285723648682899,0.0826174498608277,0.14538834190917,0.0488446006010227,0.106101204399143,12.3641550217744,1.57959312885137,0.218100530920158
"1654",0.132620312383595,0.00118096960881824,0.0334355559433781,0.0735381392848669,0.306969667174841,0.174674445622476,0.0815111742078263,0.0327396647532212,0.0566753716315102,0.0187506825287542,0.0404538614379317,4.66831045777899,0.602261227143794,0.0831565363216055
"1655",0.605233795324922,0.00277584799942078,0.0658030815127229,0.203328019931671,1.01441870571267,0.452474859672889,0.36497964026557,0.0848084856497466,0.149739202074096,0.050477454090606,0.109755807916241,16.1401243357166,1.63400143304524,0.225612895854144
"1656",0.134607578515602,0.000309960498352521,0.00851344250821255,0.0513448839370898,0.278032545001997,0.120661366402161,0.0761946266716979,0.0226158592952421,0.0392792466469553,0.0130326151727285,0.0281626330236421,4.47350436297437,0.419274237897974,0.0578908151830136
"1657",0.288002950588965,0.00378613929279718,0.103990925839377,0.196503238200113,0.75339235502866,0.46178601265758,0.210212786014183,0.0865536981569247,0.150326548009043,0.0498774344644518,0.107781889081056,11.2178751582127,1.60461450339986,0.221555328851158
"1658",0.198736199332436,0.000337125723425437,0.0101491591306833,0.054891251835833,0.282908515705965,0.13319656957626,0.0701704339512808,0.0249653635290814,0.0429306054018579,0.0141258463349903,0.0303670417321265,4.49827588515646,0.452092610402048,0.0624221747694401
"1659",0.315458785710571,0.0021353614495492,0.050619977589959,0.477235925733145,1.19420813108361,1.06201426935418,0.390175263452531,0.199055969623293,0.351456364668225,0.118476806785794,0.25761041008071,15.3344666752195,3.83520277633494,0.529541276438295
"1660",0.517877456215456,0.000476338915105821,0.0112918893487435,0.130975378306041,0.512157397693866,0.291465317665243,0.194075648319978,0.054630067687035,0.096455710558191,0.0325154577694932,0.0707000858413201,7.71230808217764,1.05255515652802,0.145330360248175
"1661",0.36233187033543,0.000702632049612713,0.0171431650772322,0.101642523569594,0.621434877972067,0.228713661596576,0.211138119804542,0.042868369087814,0.075438797887451,0.0253443839048378,0.0550535703838109,10.2337875680058,0.819615969389558,0.113167546002489
"1662",0.229774224401868,0.0530695101367953,1.54916224977357,4.8126246829183,5.9054794802188,11.5540704594204,1.36405645530343,2.16560809469572,3.73646809172415,1.23275737899404,2.6550297510734,35.6698742134007,39.5270418977958,5.45765150920947
"1663",1.23459670595757,0.0291360457758811,0.60133138799092,1.06662036100787,2.74131561004456,2.24086596984188,1.21973423011078,0.420011068866304,0.754208231378016,0.259096312205477,0.564926435085493,35.9993185654412,8.41040325810622,1.16125689732485
"3264",0,0,0,0,0,0,0,0,0,0,0,0,0,0
"3265",0,0,0,0,0,0,0,0,0,0,0,0,0,0
"3266",0,0,0,0,0,0,0,0,0,0,0,0,0,0
"3267",0,0,0,0,0,0,0,0,0,0,0,0,0,0
"3268",0,0,0,0,0,0,0,0,0,0,0,0,0,0
"3269",0,0,0,0,0,0,0,0,0,0,0,0,0,0
"3270",0,0,0,0,0,0,0,0,0,0,0,0,0,0
"AL011",0,0,0,0,0,0,0,0,0,0,0,0,0,0
"AL012",0,0,0,0,0,0,0,0,0,0,0,0,0,0
"AL013",0,0,0,0,0,0,0,0,0,0,0,0,0,0
"AL014",0,0,0,0,0,0,0,0,0,0,0,0,0,0
"AL015",0,0,0,0,0,0,0,0,0,0,0,0,0,0
"AL021",0,0,0,0,0,0,0,0,0,0,0,0,0,0
"AL022",0,0,0,0,0,0,0,0,0,0,0,0,0,0
"AL031",0,0,0,0,0,0,0,0,0,0,0,0,0,0
"AL032",0,0,0,0,0,0,0,0,0,0,0,0,0,0
"AL033",0,0,0,0,0,0,0,0,0,0,0,0,0,0
"AL034",0,0,0,0,0,0,0,0,0,0,0,0,0,0
"AL035",0,0,0,0,0,0,0,0,0,0,0,0,0,0
"RS110",0,0,0,0,0,0,0,0,0,0,0,0,0,0
"RS121",0,0,0,0,0,0,0,0,0,0,0,0,0,0
"RS122",0,0,0,0,0,0,0,0,0,0,0,0,0,0
"RS123",0,0,0,0,0,0,0,0,0,0,0,0,0,0
"RS124",0,0,0,0,0,0,0,0,0,0,0,0,0,0
"RS125",0,0,0,0,0,0,0,0,0,0,0,0,0,0
"RS126",0,0,0,0,0,0,0,0,0,0,0,0,0,0
"RS127",0,0,0,0,0,0,0,0,0,0,0,0,0,0
"RS211",0,0,0,0,0,0,0,0,0,0,0,0,0,0
"RS212",0,0,0,0,0,0,0,0,0,0,0,0,0,0
"RS213",0,0,0,0,0,0,0,0,0,0,0,0,0,0
"RS214",0,0,0,0,0,0,0,0,0,0,0,0,0,0
"RS215",0,0,0,0,0,0,0,0,0,0,0,0,0,0
"RS216",0,0,0,0,0,0,0,0,0,0,0,0,0,0
"RS217",0,0,0,0,0,0,0,0,0,0,0,0,0,0
"RS218",0,0,0,0,0,0,0,0,0,0,0,0,0,0
"RS221",0.00681802128714995,3.81173656922084e-05,0.00114042801318595,0.0100709604423491,0.0245397021452476,0.0263735879468747,0.00255716220325762,0.0187171236719073,0.0178533124117455,0.00354610137603259,0.0025100325595653,0.401045628705222,0.0910377321305895,0.00521901666375648
"RS222",0,0,0,0,0,0,0,0,0,0,0,0,0,0
"RS223",0,0,0,0,0,0,0,0,0,0,0,0,0,0
"RS224",0,0,0,0,0,0,0,0,0,0,0,0,0,0
"RS225",0,0,0,0,0,0,0,0,0,0,0,0,0,0
"RS226",0,0,0,0,0,0,0,0,0,0,0,0,0,0
"RS227",0,0,0,0,0,0,0,0,0,0,0,0,0,0
"RS228",0,0,0,0,0,0,0,0,0,0,0,0,0,0
"RS229",0,0,0,0,0,0,0,0,0,0,0,0,0,0
"AT111",0,0,0,0,0,0,0,0,0,0,0,0,0,0
"AT112",0,0,0,0,0,0,0,0,0,0,0,0,0,0
"AT113",0,0,0,0,0,0,0,0,0,0,0,0,0,0
"AT121",0,0,0,0,0,0,0,0,0,0,0,0,0,0
"AT122",0,0,0,0,0,0,0,0,0,0,0,0,0,0
"AT123",0,0,0,0,0,0,0,0,0,0,0,0,0,0
"AT124",0,0,0,0,0,0,0,0,0,0,0,0,0,0
"AT125",0,0,0,0,0,0,0,0,0,0,0,0,0,0
"AT126",0,0,0,0,0,0,0,0,0,0,0,0,0,0
"AT127",0,0,0,0,0,0,0,0,0,0,0,0,0,0
"AT130",0,0,0,0,0,0,0,0,0,0,0,0,0,0
"AT211",0,0,0,0,0,0,0,0,0,0,0,0,0,0
"AT212",0,0,0,0,0,0,0,0,0,0,0,0,0,0
"AT213",0,0,0,0,0,0,0,0,0,0,0,0,0,0
"AT221",0,0,0,0,0,0,0,0,0,0,0,0,0,0
"AT222",0,0,0,0,0,0,0,0,0,0,0,0,0,0
"AT223",0,0,0,0,0,0,0,0,0,0,0,0,0,0
"AT224",0,0,0,0,0,0,0,0,0,0,0,0,0,0
"AT225",0,0,0,0,0,0,0,0,0,0,0,0,0,0
"AT226",0,0,0,0,0,0,0,0,0,0,0,0,0,0
"AT311",0,0,0,0,0,0,0,0,0,0,0,0,0,0
"AT312",0,0,0,0,0,0,0,0,0,0,0,0,0,0
"AT313",0,0,0,0,0,0,0,0,0,0,0,0,0,0
"AT314",0,0,0,0,0,0,0,0,0,0,0,0,0,0
"AT315",0,0,0,0,0,0,0,0,0,0,0,0,0,0
"AT321",0,0,0,0,0,0,0,0,0,0,0,0,0,0
"AT322",0,0,0,0,0,0,0,0,0,0,0,0,0,0
"AT323",0,0,0,0,0,0,0,0,0,0,0,0,0,0
"AT331",0,0,0,0,0,0,0,0,0,0,0,0,0,0
"AT332",0,0,0,0,0,0,0,0,0,0,0,0,0,0
"AT333",0,0,0,0,0,0,0,0,0,0,0,0,0,0
"AT334",0,0,0,0,0,0,0,0,0,0,0,0,0,0
"AT335",0,0,0,0,0,0,0,0,0,0,0,0,0,0
"AT341",0,0,0,0,0,0,0,0,0,0,0,0,0,0
"AT342",0,0,0,0,0,0,0,0,0,0,0,0,0,0
"BE100",0,0,0,0,0,0,0,0,0,0,0,0,0,0
"BE211",0,0,0,0,0,0,0,0,0,0,0,0,0,0
"BE212",0,0,0,0,0,0,0,0,0,0,0,0,0,0
"BE213",0,0,0,0,0,0,0,0,0,0,0,0,0,0
"BE221",0,0,0,0,0,0,0,0,0,0,0,0,0,0
"BE222",0,0,0,0,0,0,0,0,0,0,0,0,0,0
"BE223",0,0,0,0,0,0,0,0,0,0,0,0,0,0
"BE231",0,0,0,0,0,0,0,0,0,0,0,0,0,0
"BE232",0,0,0,0,0,0,0,0,0,0,0,0,0,0
"BE233",0,0,0,0,0,0,0,0,0,0,0,0,0,0
"BE234",0,0,0,0,0,0,0,0,0,0,0,0,0,0
"BE235",0,0,0,0,0,0,0,0,0,0,0,0,0,0
"BE236",0,0,0,0,0,0,0,0,0,0,0,0,0,0
"BE241",0,0,0,0,0,0,0,0,0,0,0,0,0,0
"BE242",0,0,0,0,0,0,0,0,0,0,0,0,0,0
"BE251",0,0,0,0,0,0,0,0,0,0,0,0,0,0
"BE252",0,0,0,0,0,0,0,0,0,0,0,0,0,0
"BE253",0,0,0,0,0,0,0,0,0,0,0,0,0,0
"BE254",0,0,0,0,0,0,0,0,0,0,0,0,0,0
"BE255",0,0,0,0,0,0,0,0,0,0,0,0,0,0
"BE256",0,0,0,0,0,0,0,0,0,0,0,0,0,0
"BE257",0,0,0,0,0,0,0,0,0,0,0,0,0,0
"BE258",0,0,0,0,0,0,0,0,0,0,0,0,0,0
"BE310",0,0,0,0,0,0,0,0,0,0,0,0,0,0
"BE321",0,0,0,0,0,0,0,0,0,0,0,0,0,0
"BE322",0,0,0,0,0,0,0,0,0,0,0,0,0,0
"BE323",0,0,0,0,0,0,0,0,0,0,0,0,0,0
"BE324",0,0,0,0,0,0,0,0,0,0,0,0,0,0
"BE325",0,0,0,0,0,0,0,0,0,0,0,0,0,0
"BE326",0,0,0,0,0,0,0,0,0,0,0,0,0,0
"BE327",0,0,0,0,0,0,0,0,0,0,0,0,0,0
"BE331",0,0,0,0,0,0,0,0,0,0,0,0,0,0
"BE332",0,0,0,0,0,0,0,0,0,0,0,0,0,0
"BE334",0,0,0,0,0,0,0,0,0,0,0,0,0,0
"BE335",0,0,0,0,0,0,0,0,0,0,0,0,0,0
"BE336",0,0,0,0,0,0,0,0,0,0,0,0,0,0
"BE341",0,0,0,0,0,0,0,0,0,0,0,0,0,0
"BE342",0,0,0,0,0,0,0,0,0,0,0,0,0,0
"BE343",0,0,0,0,0,0,0,0,0,0,0,0,0,0
"BE344",0,0,0,0,0,0,0,0,0,0,0,0,0,0
"BE345",0,0,0,0,0,0,0,0,0,0,0,0,0,0
"BE351",0,0,0,0,0,0,0,0,0,0,0,0,0,0
"BE352",0,0,0,0,0,0,0,0,0,0,0,0,0,0
"BE353",0,0,0,0,0,0,0,0,0,0,0,0,0,0
"BG311",0.00800308781814928,6.65306404199122e-05,0.00453275346752138,0.0432966708601136,0.061229796016095,0.0913343847502952,0.000866130724149325,0.0434123877984592,0.015179602287039,0.00972853235875347,0.0290619945306341,0.651052766489801,0.167412716030598,0.00751753488712444
"BG312",0.0309925293266726,0.00059888096747226,0.0382075770883832,0.126271500106072,0.197040589821325,0.25956713112001,0.00352561497449485,0.123375539088842,0.0435719433408589,0.0280269434564676,0.0843601866197553,2.26784688605925,0.485960038013714,0.0218216490726351
"BG313",0.0896110142242827,0.00632270922770024,0.365860189726205,0.409527479300344,0.752129667479176,0.811710527705869,0.0186136949865086,0.385816276150536,0.138091382878177,0.089352258108341,0.271634241168159,9.58509254369844,1.56475929526918,0.0702642718608567
"BG314",0.369854190940268,0.01530599487764,0.73146411888794,1.90439181832253,2.59695936445573,3.52970377550547,0.0818947739881165,1.67771283000222,0.614261749248687,0.40292109770844,1.24405899018759,28.1240366405246,7.16644875251249,0.321803682487032
"BG315",0.0847396782092403,0.0035461992774302,0.198681792197175,0.417016031966655,0.639331986945311,0.817000215276135,0.0153926079046881,0.388330531529394,0.139562412265327,0.0904940959427097,0.275922911836131,7.38180639519987,1.58946434446768,0.0713736324497138
"BG321",0.562094653986004,0.0333146085954851,1.45050654381793,3.05010421428069,4.09669091812801,5.47446439780773,0.15504199270131,2.6020821410933,0.962444530924388,0.636271905598499,1.97622607986269,44.3304704872957,11.3841248979512,0.511195075911011
"BG322",0.0840785981456401,0.0118549958825632,0.603443637602494,0.67588211932085,1.1002194534369,1.28028008708921,0.0340320636962738,0.608533311778642,0.221223450730231,0.144410527166573,0.443838105965418,13.2993799771067,2.55674615585049,0.114808653009455
"BG323",1.74858552187847,0.21416456503282,7.57236111440294,7.03068944770848,9.89661215988591,11.6968542321966,0.579039992792881,5.5596626981004,2.10434985920846,1.42144669727061,4.45720639411567,113.180955781504,25.6759056079682,1.15295612390123
"BG324",1.7238193008859,0.0730178972181382,2.58174308838331,2.85410627023666,4.09610509558228,4.74833446341984,0.242699324288398,2.25694340292914,0.854260193485868,0.577035859948204,1.80940159735412,47.4387638718961,10.4231261720131,0.46804219230687
"BG325",2.36360459826974,0.0405518577007761,1.35497509602233,2.88737599776638,3.8559989048216,4.69642533299454,0.24130234144691,2.23227033695881,0.850588936899675,0.578685705838924,1.81738911371341,42.7898638630316,10.4691385613774,0.470108342062323
"BG331",0.449476406120374,0.0482998463739738,2.23718188953938,7.50760437145313,9.53438287341209,13.7661733523008,0.303468237527433,6.5432362379708,2.40394180746565,1.58084432148346,4.89127401640683,97.9045755457033,28.1763685239634,1.26523742278129
"BG332",0.889630827889937,0.0218684515481146,0.923466213094806,2.19242543818866,2.99335684406429,3.89327883744266,0.121969777309994,1.85052465356481,0.686733635289501,0.455262342719707,1.41646787178117,32.8992512095455,8.15961662008446,0.366401095815412
"BG333",0.883859602181777,0.0410816392202087,1.68298316580404,2.29022137283807,3.30963947683928,4.02367102649082,0.148948936464943,1.91250170954789,0.712074089749699,0.473417503490136,1.47532632905953,37.9525539619981,8.4986729840224,0.381626152221158
"BG334",0.609410644906917,0.0237265660186227,0.972001408649664,1.59910722273604,2.24277885160805,2.80945828062103,0.0989215105318614,1.33537104033012,0.497193342768809,0.330555534141487,1.03012093794592,25.2054432583777,5.93405053048675,0.266463820327365
"BG341",0.214596248269031,0.0127723249395612,0.671154656517912,2.79081412834692,3.64725054704821,5.34527958674518,0.0903288338776166,2.54067896713148,0.920216107076796,0.599315261786188,1.83735531849386,37.7372738956832,10.5841546373593,0.475273047493751
"BG342",0.185326122019304,0.00752992433590917,0.371350340427863,0.893197619876216,1.2522055688828,1.67352816108719,0.0376743002300576,0.795449093125079,0.290216572042954,0.189899262224663,0.585026984954737,13.7916380305033,3.37007002046005,0.15133031439637
"BG343",0.135936139901269,0.00410005966410957,0.21544817788381,0.482792325983963,0.719607268102451,0.924697900339174,0.019658313015825,0.439520602845201,0.159191280505187,0.103677563581358,0.317850278477731,8.21278334679231,1.83098852196631,0.0822190835807863
"BG344",0.188666876529208,0.03501649162862,1.84003159351786,1.47425307114176,2.7293438725562,2.82365449093458,0.0842211927543117,1.34211867857266,0.486105974666129,0.316589469823905,0.970586573127562,35.1856442993245,5.59110057566204,0.251063925319024
"BG411",0.00161188144829844,0.000931943019167894,0.0678364338714406,1.23545015235645,1.58296458345064,2.67850690345708,0.0172768703372015,1.27312819516588,0.440310969597816,0.281227355860222,0.833116890308869,15.2666388738731,4.7992012809222,0.215504317205337
"BG412",0.00726662258172383,0.00083659051110802,0.0589108124382793,0.0776787035325566,0.157001503025216,0.166088207844322,0.00252702681505455,0.0789438250161915,0.0274562796885604,0.0175660225672653,0.05226136509351,2.05798584054656,0.301053565492508,0.0135185709612972
"BG413",0,0,0,0,0,0,0,0,0,0,0,0,0,0
"BG414",0,0,0,0,0,0,0,0,0,0,0,0,0,0
"BG415",0,0,0,0,0,0,0,0,0,0,0,0,0,0
"BG421",0.115146120389056,0.0127748778846158,0.763563470682243,1.94954922188329,2.87085840797526,3.91026688414434,0.0578256116115816,1.8585992869394,0.662396744020474,0.42773309062757,1.296254017235,32.0214963647238,7.46712017518741,0.335305093628984
"BG422",0.0661577108130268,0.00196782113277419,0.117618058457716,0.432201584440596,0.62038874701308,0.866879134900831,0.0122684806185483,0.412038612638556,0.146848778723002,0.0948254690939912,0.287370554073649,6.79379078886987,1.65540891950741,0.0743348211528894
"BG423",0.00824438053917725,0.000378738110935357,0.0266698815254195,0.0707618857806278,0.117515585695654,0.151299059568667,0.001706949421585,0.071914355863835,0.0250114643902185,0.0160018747223786,0.0476078072793362,1.39012285869837,0.274246570120768,0.0123148241509939
"BG424",0.000821711181798527,3.27512873297693e-05,0.00246458284306554,0.0081693359905529,0.0135036140642591,0.0179667141564046,0.000164520094232371,0.00853980638895566,0.00293616901866609,0.00187225385532114,0.00552160127629466,0.157974077211621,0.0318073924873983,0.00142828566647694
"BG425",0.0125480105563884,0.000385226808201905,0.0262456236651041,0.0627036701421267,0.107201210897959,0.132273475540876,0.00172264076910182,0.0628712552378799,0.0219836018748503,0.0140891821905007,0.0420885412785844,1.29487386502006,0.242452630076247,0.010887142555767
"CH011",0,0,0,0,0,0,0,0,0,0,0,0,0,0
"CH012",0,0,0,0,0,0,0,0,0,0,0,0,0,0
"CH013",0,0,0,0,0,0,0,0,0,0,0,0,0,0
"CH021",0,0,0,0,0,0,0,0,0,0,0,0,0,0
"CH022",0,0,0,0,0,0,0,0,0,0,0,0,0,0
"CH023",0,0,0,0,0,0,0,0,0,0,0,0,0,0
"CH024",0,0,0,0,0,0,0,0,0,0,0,0,0,0
"CH025",0,0,0,0,0,0,0,0,0,0,0,0,0,0
"CH031",0,0,0,0,0,0,0,0,0,0,0,0,0,0
"CH032",0,0,0,0,0,0,0,0,0,0,0,0,0,0
"CH033",0,0,0,0,0,0,0,0,0,0,0,0,0,0
"CH040",0,0,0,0,0,0,0,0,0,0,0,0,0,0
"CH051",0,0,0,0,0,0,0,0,0,0,0,0,0,0
"CH052",0,0,0,0,0,0,0,0,0,0,0,0,0,0
"CH053",0,0,0,0,0,0,0,0,0,0,0,0,0,0
"CH054",0,0,0,0,0,0,0,0,0,0,0,0,0,0
"CH055",0,0,0,0,0,0,0,0,0,0,0,0,0,0
"CH056",0,0,0,0,0,0,0,0,0,0,0,0,0,0
"CH057",0,0,0,0,0,0,0,0,0,0,0,0,0,0
"CH061",0,0,0,0,0,0,0,0,0,0,0,0,0,0
"CH062",0,0,0,0,0,0,0,0,0,0,0,0,0,0
"CH063",0,0,0,0,0,0,0,0,0,0,0,0,0,0
"CH064",0,0,0,0,0,0,0,0,0,0,0,0,0,0
"CH065",0,0,0,0,0,0,0,0,0,0,0,0,0,0
"CH066",0,0,0,0,0,0,0,0,0,0,0,0,0,0
"CH070",0,0,0,0,0,0,0,0,0,0,0,0,0,0
"CY000",0,0,0,0,0,0,0,0,0,0,0,0,0,0
"CZ010",0,0,0,0,0,0,0,0,0,0,0,0,0,0
"CZ020",0,0,0,0,0,0,0,0,0,0,0,0,0,0
"CZ031",0,0,0,0,0,0,0,0,0,0,0,0,0,0
"CZ032",0,0,0,0,0,0,0,0,0,0,0,0,0,0
"CZ041",0,0,0,0,0,0,0,0,0,0,0,0,0,0
"CZ042",0,0,0,0,0,0,0,0,0,0,0,0,0,0
"CZ051",0,0,0,0,0,0,0,0,0,0,0,0,0,0
"CZ052",0,0,0,0,0,0,0,0,0,0,0,0,0,0
"CZ053",0,0,0,0,0,0,0,0,0,0,0,0,0,0
"CZ063",0,0,0,0,0,0,0,0,0,0,0,0,0,0
"CZ064",0,0,0,0,0,0,0,0,0,0,0,0,0,0
"CZ071",0,0,0,0,0,0,0,0,0,0,0,0,0,0
"CZ072",0,0,0,0,0,0,0,0,0,0,0,0,0,0
"CZ080",0,0,0,0,0,0,0,0,0,0,0,0,0,0
"DE111",0,0,0,0,0,0,0,0,0,0,0,0,0,0
"DE112",0,0,0,0,0,0,0,0,0,0,0,0,0,0
"DE113",0,0,0,0,0,0,0,0,0,0,0,0,0,0
"DE114",0,0,0,0,0,0,0,0,0,0,0,0,0,0
"DE115",0,0,0,0,0,0,0,0,0,0,0,0,0,0
"DE116",0,0,0,0,0,0,0,0,0,0,0,0,0,0
"DE117",0,0,0,0,0,0,0,0,0,0,0,0,0,0
"DE118",0,0,0,0,0,0,0,0,0,0,0,0,0,0
"DE119",0,0,0,0,0,0,0,0,0,0,0,0,0,0
"DE11A",0,0,0,0,0,0,0,0,0,0,0,0,0,0
"DE11B",0,0,0,0,0,0,0,0,0,0,0,0,0,0
"DE11C",0,0,0,0,0,0,0,0,0,0,0,0,0,0
"DE11D",0,0,0,0,0,0,0,0,0,0,0,0,0,0
"DE121",0,0,0,0,0,0,0,0,0,0,0,0,0,0
"DE122",0,0,0,0,0,0,0,0,0,0,0,0,0,0
"DE123",0,0,0,0,0,0,0,0,0,0,0,0,0,0
"DE124",0,0,0,0,0,0,0,0,0,0,0,0,0,0
"DE125",0,0,0,0,0,0,0,0,0,0,0,0,0,0
"DE126",0,0,0,0,0,0,0,0,0,0,0,0,0,0
"DE127",0,0,0,0,0,0,0,0,0,0,0,0,0,0
"DE128",0,0,0,0,0,0,0,0,0,0,0,0,0,0
"DE129",0,0,0,0,0,0,0,0,0,0,0,0,0,0
"DE12A",0,0,0,0,0,0,0,0,0,0,0,0,0,0
"DE12B",0,0,0,0,0,0,0,0,0,0,0,0,0,0
"DE12C",0,0,0,0,0,0,0,0,0,0,0,0,0,0
"DE131",0,0,0,0,0,0,0,0,0,0,0,0,0,0
"DE132",0,0,0,0,0,0,0,0,0,0,0,0,0,0
"DE133",0,0,0,0,0,0,0,0,0,0,0,0,0,0
"DE134",0,0,0,0,0,0,0,0,0,0,0,0,0,0
"DE135",0,0,0,0,0,0,0,0,0,0,0,0,0,0
"DE136",0,0,0,0,0,0,0,0,0,0,0,0,0,0
"DE137",0,0,0,0,0,0,0,0,0,0,0,0,0,0
"DE138",0,0,0,0,0,0,0,0,0,0,0,0,0,0
"DE139",0,0,0,0,0,0,0,0,0,0,0,0,0,0
"DE13A",0,0,0,0,0,0,0,0,0,0,0,0,0,0
"DE141",0,0,0,0,0,0,0,0,0,0,0,0,0,0
"DE142",0,0,0,0,0,0,0,0,0,0,0,0,0,0
"DE143",0,0,0,0,0,0,0,0,0,0,0,0,0,0
"DE144",0,0,0,0,0,0,0,0,0,0,0,0,0,0
"DE145",0,0,0,0,0,0,0,0,0,0,0,0,0,0
"DE146",0,0,0,0,0,0,0,0,0,0,0,0,0,0
"DE147",0,0,0,0,0,0,0,0,0,0,0,0,0,0
"DE148",0,0,0,0,0,0,0,0,0,0,0,0,0,0
"DE149",0,0,0,0,0,0,0,0,0,0,0,0,0,0
"DE211",0,0,0,0,0,0,0,0,0,0,0,0,0,0
"DE212",0,0,0,0,0,0,0,0,0,0,0,0,0,0
"DE213",0,0,0,0,0,0,0,0,0,0,0,0,0,0
"DE214",0,0,0,0,0,0,0,0,0,0,0,0,0,0
"DE215",0,0,0,0,0,0,0,0,0,0,0,0,0,0
"DE216",0,0,0,0,0,0,0,0,0,0,0,0,0,0
"DE217",0,0,0,0,0,0,0,0,0,0,0,0,0,0
"DE218",0,0,0,0,0,0,0,0,0,0,0,0,0,0
"DE219",0,0,0,0,0,0,0,0,0,0,0,0,0,0
"DE21A",0,0,0,0,0,0,0,0,0,0,0,0,0,0
"DE21B",0,0,0,0,0,0,0,0,0,0,0,0,0,0
"DE21C",0,0,0,0,0,0,0,0,0,0,0,0,0,0
"DE21D",0,0,0,0,0,0,0,0,0,0,0,0,0,0
"DE21E",0,0,0,0,0,0,0,0,0,0,0,0,0,0
"DE21F",0,0,0,0,0,0,0,0,0,0,0,0,0,0
"DE21G",0,0,0,0,0,0,0,0,0,0,0,0,0,0
"DE21H",0,0,0,0,0,0,0,0,0,0,0,0,0,0
"DE21I",0,0,0,0,0,0,0,0,0,0,0,0,0,0
"DE21J",0,0,0,0,0,0,0,0,0,0,0,0,0,0
"DE21K",0,0,0,0,0,0,0,0,0,0,0,0,0,0
"DE21L",0,0,0,0,0,0,0,0,0,0,0,0,0,0
"DE21M",0,0,0,0,0,0,0,0,0,0,0,0,0,0
"DE21N",0,0,0,0,0,0,0,0,0,0,0,0,0,0
"DE221",0,0,0,0,0,0,0,0,0,0,0,0,0,0
"DE222",0,0,0,0,0,0,0,0,0,0,0,0,0,0
"DE223",0,0,0,0,0,0,0,0,0,0,0,0,0,0
"DE224",0,0,0,0,0,0,0,0,0,0,0,0,0,0
"DE225",0,0,0,0,0,0,0,0,0,0,0,0,0,0
"DE226",0,0,0,0,0,0,0,0,0,0,0,0,0,0
"DE227",0,0,0,0,0,0,0,0,0,0,0,0,0,0
"DE228",0,0,0,0,0,0,0,0,0,0,0,0,0,0
"DE229",0,0,0,0,0,0,0,0,0,0,0,0,0,0
"DE22A",0,0,0,0,0,0,0,0,0,0,0,0,0,0
"DE22B",0,0,0,0,0,0,0,0,0,0,0,0,0,0
"DE22C",0,0,0,0,0,0,0,0,0,0,0,0,0,0
"DE231",0,0,0,0,0,0,0,0,0,0,0,0,0,0
"DE232",0,0,0,0,0,0,0,0,0,0,0,0,0,0
"DE233",0,0,0,0,0,0,0,0,0,0,0,0,0,0
"DE234",0,0,0,0,0,0,0,0,0,0,0,0,0,0
"DE235",0,0,0,0,0,0,0,0,0,0,0,0,0,0
"DE236",0,0,0,0,0,0,0,0,0,0,0,0,0,0
"DE237",0,0,0,0,0,0,0,0,0,0,0,0,0,0
"DE238",0,0,0,0,0,0,0,0,0,0,0,0,0,0
"DE239",0,0,0,0,0,0,0,0,0,0,0,0,0,0
"DE23A",0,0,0,0,0,0,0,0,0,0,0,0,0,0
"DE241",0,0,0,0,0,0,0,0,0,0,0,0,0,0
"DE242",0,0,0,0,0,0,0,0,0,0,0,0,0,0
"DE243",0,0,0,0,0,0,0,0,0,0,0,0,0,0
"DE244",0,0,0,0,0,0,0,0,0,0,0,0,0,0
"DE245",0,0,0,0,0,0,0,0,0,0,0,0,0,0
"DE246",0,0,0,0,0,0,0,0,0,0,0,0,0,0
"DE247",0,0,0,0,0,0,0,0,0,0,0,0,0,0
"DE248",0,0,0,0,0,0,0,0,0,0,0,0,0,0
"DE249",0,0,0,0,0,0,0,0,0,0,0,0,0,0
"DE24A",0,0,0,0,0,0,0,0,0,0,0,0,0,0
"DE24B",0,0,0,0,0,0,0,0,0,0,0,0,0,0
"DE24C",0,0,0,0,0,0,0,0,0,0,0,0,0,0
"DE24D",0,0,0,0,0,0,0,0,0,0,0,0,0,0
"DE251",0,0,0,0,0,0,0,0,0,0,0,0,0,0
"DE252",0,0,0,0,0,0,0,0,0,0,0,0,0,0
"DE253",0,0,0,0,0,0,0,0,0,0,0,0,0,0
"DE254",0,0,0,0,0,0,0,0,0,0,0,0,0,0
"DE255",0,0,0,0,0,0,0,0,0,0,0,0,0,0
"DE256",0,0,0,0,0,0,0,0,0,0,0,0,0,0
"DE257",0,0,0,0,0,0,0,0,0,0,0,0,0,0
"DE258",0,0,0,0,0,0,0,0,0,0,0,0,0,0
"DE259",0,0,0,0,0,0,0,0,0,0,0,0,0,0
"DE25A",0,0,0,0,0,0,0,0,0,0,0,0,0,0
"DE25B",0,0,0,0,0,0,0,0,0,0,0,0,0,0
"DE25C",0,0,0,0,0,0,0,0,0,0,0,0,0,0
"DE261",0,0,0,0,0,0,0,0,0,0,0,0,0,0
"DE262",0,0,0,0,0,0,0,0,0,0,0,0,0,0
"DE263",0,0,0,0,0,0,0,0,0,0,0,0,0,0
"DE264",0,0,0,0,0,0,0,0,0,0,0,0,0,0
"DE265",0,0,0,0,0,0,0,0,0,0,0,0,0,0
"DE266",0,0,0,0,0,0,0,0,0,0,0,0,0,0
"DE267",0,0,0,0,0,0,0,0,0,0,0,0,0,0
"DE268",0,0,0,0,0,0,0,0,0,0,0,0,0,0
"DE269",0,0,0,0,0,0,0,0,0,0,0,0,0,0
"DE26A",0,0,0,0,0,0,0,0,0,0,0,0,0,0
"DE26B",0,0,0,0,0,0,0,0,0,0,0,0,0,0
"DE26C",0,0,0,0,0,0,0,0,0,0,0,0,0,0
"DE271",0,0,0,0,0,0,0,0,0,0,0,0,0,0
"DE272",0,0,0,0,0,0,0,0,0,0,0,0,0,0
"DE273",0,0,0,0,0,0,0,0,0,0,0,0,0,0
"DE274",0,0,0,0,0,0,0,0,0,0,0,0,0,0
"DE275",0,0,0,0,0,0,0,0,0,0,0,0,0,0
"DE276",0,0,0,0,0,0,0,0,0,0,0,0,0,0
"DE277",0,0,0,0,0,0,0,0,0,0,0,0,0,0
"DE278",0,0,0,0,0,0,0,0,0,0,0,0,0,0
"DE279",0,0,0,0,0,0,0,0,0,0,0,0,0,0
"DE27A",0,0,0,0,0,0,0,0,0,0,0,0,0,0
"DE27B",0,0,0,0,0,0,0,0,0,0,0,0,0,0
"DE27C",0,0,0,0,0,0,0,0,0,0,0,0,0,0
"DE27D",0,0,0,0,0,0,0,0,0,0,0,0,0,0
"DE27E",0,0,0,0,0,0,0,0,0,0,0,0,0,0
"DE300",0,0,0,0,0,0,0,0,0,0,0,0,0,0
"DE401",0,0,0,0,0,0,0,0,0,0,0,0,0,0
"DE402",0,0,0,0,0,0,0,0,0,0,0,0,0,0
"DE403",0,0,0,0,0,0,0,0,0,0,0,0,0,0
"DE404",0,0,0,0,0,0,0,0,0,0,0,0,0,0
"DE405",0,0,0,0,0,0,0,0,0,0,0,0,0,0
"DE406",0,0,0,0,0,0,0,0,0,0,0,0,0,0
"DE407",0,0,0,0,0,0,0,0,0,0,0,0,0,0
"DE408",0,0,0,0,0,0,0,0,0,0,0,0,0,0
"DE409",0,0,0,0,0,0,0,0,0,0,0,0,0,0
"DE40A",0,0,0,0,0,0,0,0,0,0,0,0,0,0
"DE40B",0,0,0,0,0,0,0,0,0,0,0,0,0,0
"DE40C",0,0,0,0,0,0,0,0,0,0,0,0,0,0
"DE40D",0,0,0,0,0,0,0,0,0,0,0,0,0,0
"DE40E",0,0,0,0,0,0,0,0,0,0,0,0,0,0
"DE40F",0,0,0,0,0,0,0,0,0,0,0,0,0,0
"DE40G",0,0,0,0,0,0,0,0,0,0,0,0,0,0
"DE40H",0,0,0,0,0,0,0,0,0,0,0,0,0,0
"DE40I",0,0,0,0,0,0,0,0,0,0,0,0,0,0
"DE501",0,0,0,0,0,0,0,0,0,0,0,0,0,0
"DE502",0,0,0,0,0,0,0,0,0,0,0,0,0,0
"DE600",0,0,0,0,0,0,0,0,0,0,0,0,0,0
"DE711",0,0,0,0,0,0,0,0,0,0,0,0,0,0
"DE712",0,0,0,0,0,0,0,0,0,0,0,0,0,0
"DE713",0,0,0,0,0,0,0,0,0,0,0,0,0,0
"DE714",0,0,0,0,0,0,0,0,0,0,0,0,0,0
"DE715",0,0,0,0,0,0,0,0,0,0,0,0,0,0
"DE716",0,0,0,0,0,0,0,0,0,0,0,0,0,0
"DE717",0,0,0,0,0,0,0,0,0,0,0,0,0,0
"DE718",0,0,0,0,0,0,0,0,0,0,0,0,0,0
"DE719",0,0,0,0,0,0,0,0,0,0,0,0,0,0
"DE71A",0,0,0,0,0,0,0,0,0,0,0,0,0,0
"DE71B",0,0,0,0,0,0,0,0,0,0,0,0,0,0
"DE71C",0,0,0,0,0,0,0,0,0,0,0,0,0,0
"DE71D",0,0,0,0,0,0,0,0,0,0,0,0,0,0
"DE71E",0,0,0,0,0,0,0,0,0,0,0,0,0,0
"DE721",0,0,0,0,0,0,0,0,0,0,0,0,0,0
"DE722",0,0,0,0,0,0,0,0,0,0,0,0,0,0
"DE723",0,0,0,0,0,0,0,0,0,0,0,0,0,0
"DE724",0,0,0,0,0,0,0,0,0,0,0,0,0,0
"DE725",0,0,0,0,0,0,0,0,0,0,0,0,0,0
"DE731",0,0,0,0,0,0,0,0,0,0,0,0,0,0
"DE732",0,0,0,0,0,0,0,0,0,0,0,0,0,0
"DE733",0,0,0,0,0,0,0,0,0,0,0,0,0,0
"DE734",0,0,0,0,0,0,0,0,0,0,0,0,0,0
"DE735",0,0,0,0,0,0,0,0,0,0,0,0,0,0
"DE736",0,0,0,0,0,0,0,0,0,0,0,0,0,0
"DE737",0,0,0,0,0,0,0,0,0,0,0,0,0,0
"DE801",0,0,0,0,0,0,0,0,0,0,0,0,0,0
"DE802",0,0,0,0,0,0,0,0,0,0,0,0,0,0
"DE803",0,0,0,0,0,0,0,0,0,0,0,0,0,0
"DE804",0,0,0,0,0,0,0,0,0,0,0,0,0,0
"DE805",0,0,0,0,0,0,0,0,0,0,0,0,0,0
"DE806",0,0,0,0,0,0,0,0,0,0,0,0,0,0
"DE807",0,0,0,0,0,0,0,0,0,0,0,0,0,0
"DE808",0,0,0,0,0,0,0,0,0,0,0,0,0,0
"DE809",0,0,0,0,0,0,0,0,0,0,0,0,0,0
"DE80A",0,0,0,0,0,0,0,0,0,0,0,0,0,0
"DE80B",0,0,0,0,0,0,0,0,0,0,0,0,0,0
"DE80C",0,0,0,0,0,0,0,0,0,0,0,0,0,0
"DE80D",0,0,0,0,0,0,0,0,0,0,0,0,0,0
"DE80E",0,0,0,0,0,0,0,0,0,0,0,0,0,0
"DE80F",0,0,0,0,0,0,0,0,0,0,0,0,0,0
"DE80G",0,0,0,0,0,0,0,0,0,0,0,0,0,0
"DE80H",0,0,0,0,0,0,0,0,0,0,0,0,0,0
"DE80I",0,0,0,0,0,0,0,0,0,0,0,0,0,0
"DE911",0,0,0,0,0,0,0,0,0,0,0,0,0,0
"DE912",0,0,0,0,0,0,0,0,0,0,0,0,0,0
"DE913",0,0,0,0,0,0,0,0,0,0,0,0,0,0
"DE914",0,0,0,0,0,0,0,0,0,0,0,0,0,0
"DE915",0,0,0,0,0,0,0,0,0,0,0,0,0,0
"DE916",0,0,0,0,0,0,0,0,0,0,0,0,0,0
"DE917",0,0,0,0,0,0,0,0,0,0,0,0,0,0
"DE918",0,0,0,0,0,0,0,0,0,0,0,0,0,0
"DE919",0,0,0,0,0,0,0,0,0,0,0,0,0,0
"DE91A",0,0,0,0,0,0,0,0,0,0,0,0,0,0
"DE91B",0,0,0,0,0,0,0,0,0,0,0,0,0,0
"DE922",0,0,0,0,0,0,0,0,0,0,0,0,0,0
"DE923",0,0,0,0,0,0,0,0,0,0,0,0,0,0
"DE925",0,0,0,0,0,0,0,0,0,0,0,0,0,0
"DE926",0,0,0,0,0,0,0,0,0,0,0,0,0,0
"DE927",0,0,0,0,0,0,0,0,0,0,0,0,0,0
"DE928",0,0,0,0,0,0,0,0,0,0,0,0,0,0
"DE929",0,0,0,0,0,0,0,0,0,0,0,0,0,0
"DE931",0,0,0,0,0,0,0,0,0,0,0,0,0,0
"DE932",0,0,0,0,0,0,0,0,0,0,0,0,0,0
"DE933",0,0,0,0,0,0,0,0,0,0,0,0,0,0
"DE934",0,0,0,0,0,0,0,0,0,0,0,0,0,0
"DE935",0,0,0,0,0,0,0,0,0,0,0,0,0,0
"DE936",0,0,0,0,0,0,0,0,0,0,0,0,0,0
"DE937",0,0,0,0,0,0,0,0,0,0,0,0,0,0
"DE938",0,0,0,0,0,0,0,0,0,0,0,0,0,0
"DE939",0,0,0,0,0,0,0,0,0,0,0,0,0,0
"DE93A",0,0,0,0,0,0,0,0,0,0,0,0,0,0
"DE93B",0,0,0,0,0,0,0,0,0,0,0,0,0,0
"DE941",0,0,0,0,0,0,0,0,0,0,0,0,0,0
"DE942",0,0,0,0,0,0,0,0,0,0,0,0,0,0
"DE943",0,0,0,0,0,0,0,0,0,0,0,0,0,0
"DE944",0,0,0,0,0,0,0,0,0,0,0,0,0,0
"DE945",0,0,0,0,0,0,0,0,0,0,0,0,0,0
"DE946",0,0,0,0,0,0,0,0,0,0,0,0,0,0
"DE947",0,0,0,0,0,0,0,0,0,0,0,0,0,0
"DE948",0,0,0,0,0,0,0,0,0,0,0,0,0,0
"DE949",0,0,0,0,0,0,0,0,0,0,0,0,0,0
"DE94A",0,0,0,0,0,0,0,0,0,0,0,0,0,0
"DE94B",0,0,0,0,0,0,0,0,0,0,0,0,0,0
"DE94C",0,0,0,0,0,0,0,0,0,0,0,0,0,0
"DE94D",0,0,0,0,0,0,0,0,0,0,0,0,0,0
"DE94E",0,0,0,0,0,0,0,0,0,0,0,0,0,0
"DE94F",0,0,0,0,0,0,0,0,0,0,0,0,0,0
"DE94G",0,0,0,0,0,0,0,0,0,0,0,0,0,0
"DE94H",0,0,0,0,0,0,0,0,0,0,0,0,0,0
"DEA11",0,0,0,0,0,0,0,0,0,0,0,0,0,0
"DEA12",0,0,0,0,0,0,0,0,0,0,0,0,0,0
"DEA13",0,0,0,0,0,0,0,0,0,0,0,0,0,0
"DEA14",0,0,0,0,0,0,0,0,0,0,0,0,0,0
"DEA15",0,0,0,0,0,0,0,0,0,0,0,0,0,0
"DEA16",0,0,0,0,0,0,0,0,0,0,0,0,0,0
"DEA17",0,0,0,0,0,0,0,0,0,0,0,0,0,0
"DEA18",0,0,0,0,0,0,0,0,0,0,0,0,0,0
"DEA19",0,0,0,0,0,0,0,0,0,0,0,0,0,0
"DEA1A",0,0,0,0,0,0,0,0,0,0,0,0,0,0
"DEA1B",0,0,0,0,0,0,0,0,0,0,0,0,0,0
"DEA1C",0,0,0,0,0,0,0,0,0,0,0,0,0,0
"DEA1D",0,0,0,0,0,0,0,0,0,0,0,0,0,0
"DEA1E",0,0,0,0,0,0,0,0,0,0,0,0,0,0
"DEA1F",0,0,0,0,0,0,0,0,0,0,0,0,0,0
"DEA22",0,0,0,0,0,0,0,0,0,0,0,0,0,0
"DEA23",0,0,0,0,0,0,0,0,0,0,0,0,0,0
"DEA24",0,0,0,0,0,0,0,0,0,0,0,0,0,0
"DEA26",0,0,0,0,0,0,0,0,0,0,0,0,0,0
"DEA27",0,0,0,0,0,0,0,0,0,0,0,0,0,0
"DEA28",0,0,0,0,0,0,0,0,0,0,0,0,0,0
"DEA29",0,0,0,0,0,0,0,0,0,0,0,0,0,0
"DEA2A",0,0,0,0,0,0,0,0,0,0,0,0,0,0
"DEA2B",0,0,0,0,0,0,0,0,0,0,0,0,0,0
"DEA2C",0,0,0,0,0,0,0,0,0,0,0,0,0,0
"DEA2D",0,0,0,0,0,0,0,0,0,0,0,0,0,0
"DEA31",0,0,0,0,0,0,0,0,0,0,0,0,0,0
"DEA32",0,0,0,0,0,0,0,0,0,0,0,0,0,0
"DEA33",0,0,0,0,0,0,0,0,0,0,0,0,0,0
"DEA34",0,0,0,0,0,0,0,0,0,0,0,0,0,0
"DEA35",0,0,0,0,0,0,0,0,0,0,0,0,0,0
"DEA36",0,0,0,0,0,0,0,0,0,0,0,0,0,0
"DEA37",0,0,0,0,0,0,0,0,0,0,0,0,0,0
"DEA38",0,0,0,0,0,0,0,0,0,0,0,0,0,0
"DEA41",0,0,0,0,0,0,0,0,0,0,0,0,0,0
"DEA42",0,0,0,0,0,0,0,0,0,0,0,0,0,0
"DEA43",0,0,0,0,0,0,0,0,0,0,0,0,0,0
"DEA44",0,0,0,0,0,0,0,0,0,0,0,0,0,0
"DEA45",0,0,0,0,0,0,0,0,0,0,0,0,0,0
"DEA46",0,0,0,0,0,0,0,0,0,0,0,0,0,0
"DEA47",0,0,0,0,0,0,0,0,0,0,0,0,0,0
"DEA51",0,0,0,0,0,0,0,0,0,0,0,0,0,0
"DEA52",0,0,0,0,0,0,0,0,0,0,0,0,0,0
"DEA53",0,0,0,0,0,0,0,0,0,0,0,0,0,0
"DEA54",0,0,0,0,0,0,0,0,0,0,0,0,0,0
"DEA55",0,0,0,0,0,0,0,0,0,0,0,0,0,0
"DEA56",0,0,0,0,0,0,0,0,0,0,0,0,0,0
"DEA57",0,0,0,0,0,0,0,0,0,0,0,0,0,0
"DEA58",0,0,0,0,0,0,0,0,0,0,0,0,0,0
"DEA59",0,0,0,0,0,0,0,0,0,0,0,0,0,0
"DEA5A",0,0,0,0,0,0,0,0,0,0,0,0,0,0
"DEA5B",0,0,0,0,0,0,0,0,0,0,0,0,0,0
"DEA5C",0,0,0,0,0,0,0,0,0,0,0,0,0,0
"DEB11",0,0,0,0,0,0,0,0,0,0,0,0,0,0
"DEB12",0,0,0,0,0,0,0,0,0,0,0,0,0,0
"DEB13",0,0,0,0,0,0,0,0,0,0,0,0,0,0
"DEB14",0,0,0,0,0,0,0,0,0,0,0,0,0,0
"DEB15",0,0,0,0,0,0,0,0,0,0,0,0,0,0
"DEB16",0,0,0,0,0,0,0,0,0,0,0,0,0,0
"DEB17",0,0,0,0,0,0,0,0,0,0,0,0,0,0
"DEB18",0,0,0,0,0,0,0,0,0,0,0,0,0,0
"DEB19",0,0,0,0,0,0,0,0,0,0,0,0,0,0
"DEB1A",0,0,0,0,0,0,0,0,0,0,0,0,0,0
"DEB1B",0,0,0,0,0,0,0,0,0,0,0,0,0,0
"DEB21",0,0,0,0,0,0,0,0,0,0,0,0,0,0
"DEB22",0,0,0,0,0,0,0,0,0,0,0,0,0,0
"DEB23",0,0,0,0,0,0,0,0,0,0,0,0,0,0
"DEB24",0,0,0,0,0,0,0,0,0,0,0,0,0,0
"DEB25",0,0,0,0,0,0,0,0,0,0,0,0,0,0
"DEB31",0,0,0,0,0,0,0,0,0,0,0,0,0,0
"DEB32",0,0,0,0,0,0,0,0,0,0,0,0,0,0
"DEB33",0,0,0,0,0,0,0,0,0,0,0,0,0,0
"DEB34",0,0,0,0,0,0,0,0,0,0,0,0,0,0
"DEB35",0,0,0,0,0,0,0,0,0,0,0,0,0,0
"DEB36",0,0,0,0,0,0,0,0,0,0,0,0,0,0
"DEB37",0,0,0,0,0,0,0,0,0,0,0,0,0,0
"DEB38",0,0,0,0,0,0,0,0,0,0,0,0,0,0
"DEB39",0,0,0,0,0,0,0,0,0,0,0,0,0,0
"DEB3A",0,0,0,0,0,0,0,0,0,0,0,0,0,0
"DEB3B",0,0,0,0,0,0,0,0,0,0,0,0,0,0
"DEB3C",0,0,0,0,0,0,0,0,0,0,0,0,0,0
"DEB3D",0,0,0,0,0,0,0,0,0,0,0,0,0,0
"DEB3E",0,0,0,0,0,0,0,0,0,0,0,0,0,0
"DEB3F",0,0,0,0,0,0,0,0,0,0,0,0,0,0
"DEB3G",0,0,0,0,0,0,0,0,0,0,0,0,0,0
"DEB3H",0,0,0,0,0,0,0,0,0,0,0,0,0,0
"DEB3I",0,0,0,0,0,0,0,0,0,0,0,0,0,0
"DEB3J",0,0,0,0,0,0,0,0,0,0,0,0,0,0
"DEB3K",0,0,0,0,0,0,0,0,0,0,0,0,0,0
"DEC01",0,0,0,0,0,0,0,0,0,0,0,0,0,0
"DEC02",0,0,0,0,0,0,0,0,0,0,0,0,0,0
"DEC03",0,0,0,0,0,0,0,0,0,0,0,0,0,0
"DEC04",0,0,0,0,0,0,0,0,0,0,0,0,0,0
"DEC05",0,0,0,0,0,0,0,0,0,0,0,0,0,0
"DEC06",0,0,0,0,0,0,0,0,0,0,0,0,0,0
"DED21",0,0,0,0,0,0,0,0,0,0,0,0,0,0
"DED2C",0,0,0,0,0,0,0,0,0,0,0,0,0,0
"DED2D",0,0,0,0,0,0,0,0,0,0,0,0,0,0
"DED2E",0,0,0,0,0,0,0,0,0,0,0,0,0,0
"DED2F",0,0,0,0,0,0,0,0,0,0,0,0,0,0
"DED41",0,0,0,0,0,0,0,0,0,0,0,0,0,0
"DED42",0,0,0,0,0,0,0,0,0,0,0,0,0,0
"DED43",0,0,0,0,0,0,0,0,0,0,0,0,0,0
"DED44",0,0,0,0,0,0,0,0,0,0,0,0,0,0
"DED45",0,0,0,0,0,0,0,0,0,0,0,0,0,0
"DED51",0,0,0,0,0,0,0,0,0,0,0,0,0,0
"DED52",0,0,0,0,0,0,0,0,0,0,0,0,0,0
"DED53",0,0,0,0,0,0,0,0,0,0,0,0,0,0
"DEE01",0,0,0,0,0,0,0,0,0,0,0,0,0,0
"DEE02",0,0,0,0,0,0,0,0,0,0,0,0,0,0
"DEE03",0,0,0,0,0,0,0,0,0,0,0,0,0,0
"DEE04",0,0,0,0,0,0,0,0,0,0,0,0,0,0
"DEE05",0,0,0,0,0,0,0,0,0,0,0,0,0,0
"DEE06",0,0,0,0,0,0,0,0,0,0,0,0,0,0
"DEE07",0,0,0,0,0,0,0,0,0,0,0,0,0,0
"DEE08",0,0,0,0,0,0,0,0,0,0,0,0,0,0
"DEE09",0,0,0,0,0,0,0,0,0,0,0,0,0,0
"DEE0A",0,0,0,0,0,0,0,0,0,0,0,0,0,0
"DEE0B",0,0,0,0,0,0,0,0,0,0,0,0,0,0
"DEE0C",0,0,0,0,0,0,0,0,0,0,0,0,0,0
"DEE0D",0,0,0,0,0,0,0,0,0,0,0,0,0,0
"DEE0E",0,0,0,0,0,0,0,0,0,0,0,0,0,0
"DEF01",0,0,0,0,0,0,0,0,0,0,0,0,0,0
"DEF02",0,0,0,0,0,0,0,0,0,0,0,0,0,0
"DEF03",0,0,0,0,0,0,0,0,0,0,0,0,0,0
"DEF04",0,0,0,0,0,0,0,0,0,0,0,0,0,0
"DEF05",0,0,0,0,0,0,0,0,0,0,0,0,0,0
"DEF06",0,0,0,0,0,0,0,0,0,0,0,0,0,0
"DEF07",0,0,0,0,0,0,0,0,0,0,0,0,0,0
"DEF08",0,0,0,0,0,0,0,0,0,0,0,0,0,0
"DEF09",0,0,0,0,0,0,0,0,0,0,0,0,0,0
"DEF0A",0,0,0,0,0,0,0,0,0,0,0,0,0,0
"DEF0B",0,0,0,0,0,0,0,0,0,0,0,0,0,0
"DEF0C",0,0,0,0,0,0,0,0,0,0,0,0,0,0
"DEF0D",0,0,0,0,0,0,0,0,0,0,0,0,0,0
"DEF0E",0,0,0,0,0,0,0,0,0,0,0,0,0,0
"DEF0F",0,0,0,0,0,0,0,0,0,0,0,0,0,0
"DEG01",0,0,0,0,0,0,0,0,0,0,0,0,0,0
"DEG02",0,0,0,0,0,0,0,0,0,0,0,0,0,0
"DEG03",0,0,0,0,0,0,0,0,0,0,0,0,0,0
"DEG04",0,0,0,0,0,0,0,0,0,0,0,0,0,0
"DEG05",0,0,0,0,0,0,0,0,0,0,0,0,0,0
"DEG06",0,0,0,0,0,0,0,0,0,0,0,0,0,0
"DEG07",0,0,0,0,0,0,0,0,0,0,0,0,0,0
"DEG09",0,0,0,0,0,0,0,0,0,0,0,0,0,0
"DEG0A",0,0,0,0,0,0,0,0,0,0,0,0,0,0
"DEG0B",0,0,0,0,0,0,0,0,0,0,0,0,0,0
"DEG0C",0,0,0,0,0,0,0,0,0,0,0,0,0,0
"DEG0D",0,0,0,0,0,0,0,0,0,0,0,0,0,0
"DEG0E",0,0,0,0,0,0,0,0,0,0,0,0,0,0
"DEG0F",0,0,0,0,0,0,0,0,0,0,0,0,0,0
"DEG0G",0,0,0,0,0,0,0,0,0,0,0,0,0,0
"DEG0H",0,0,0,0,0,0,0,0,0,0,0,0,0,0
"DEG0I",0,0,0,0,0,0,0,0,0,0,0,0,0,0
"DEG0J",0,0,0,0,0,0,0,0,0,0,0,0,0,0
"DEG0K",0,0,0,0,0,0,0,0,0,0,0,0,0,0
"DEG0L",0,0,0,0,0,0,0,0,0,0,0,0,0,0
"DEG0M",0,0,0,0,0,0,0,0,0,0,0,0,0,0
"DEG0N",0,0,0,0,0,0,0,0,0,0,0,0,0,0
"DEG0P",0,0,0,0,0,0,0,0,0,0,0,0,0,0
"DK011",0,0,0,0,0,0,0,0,0,0,0,0,0,0
"DK012",0,0,0,0,0,0,0,0,0,0,0,0,0,0
"DK013",0,0,0,0,0,0,0,0,0,0,0,0,0,0
"DK014",0,0,0,0,0,0,0,0,0,0,0,0,0,0
"DK021",0,0,0,0,0,0,0,0,0,0,0,0,0,0
"DK022",0,0,0,0,0,0,0,0,0,0,0,0,0,0
"DK031",0,0,0,0,0,0,0,0,0,0,0,0,0,0
"DK032",0,0,0,0,0,0,0,0,0,0,0,0,0,0
"DK041",0,0,0,0,0,0,0,0,0,0,0,0,0,0
"DK042",0,0,0,0,0,0,0,0,0,0,0,0,0,0
"DK050",0,0,0,0,0,0,0,0,0,0,0,0,0,0
"EE001",0,0,0,0,0,0,0,0,0,0,0,0,0,0
"EE004",0,0,0,0,0,0,0,0,0,0,0,0,0,0
"EE006",0,0,0,0,0,0,0,0,0,0,0,0,0,0
"EE007",0,0,0,0,0,0,0,0,0,0,0,0,0,0
"EE008",0,0,0,0,0,0,0,0,0,0,0,0,0,0
"EL111",0.0194081590028333,0.000264697048498088,0.00766130098941284,0.121511573771477,0.170790897912208,0.313823354160898,0.00414173373852441,0.22271791546885,0.213634310806541,0.042504707726982,0.0302151100020211,2.46341453626201,1.09588821076356,0.0628251462304111
"EL112",0.00271374140726608,4.75207770179833e-05,0.00146983954383217,0.0154210262933677,0.0235845523877713,0.0409662264752815,0.000495634259675552,0.0290734021041711,0.0275690123445813,0.00546687537503153,0.00385229302854032,0.347576966071735,0.139720905007514,0.0080099285696544
"EL113",0.00825098191744371,0.000218386168204508,0.00653386453628062,0.0338324105592229,0.0582987436199001,0.088599499565734,0.00137693014797073,0.0628783536764651,0.0599764638947732,0.0119127821348661,0.00843220987296638,0.888613812835693,0.305832392794526,0.0175327780795501
"EL114",0,0,0,0,0,0,0,0,0,0,0,0,0,0
"EL115",0,0,0,0,0,0,0,0,0,0,0,0,0,0
"EL121",0,0,0,0,0,0,0,0,0,0,0,0,0,0
"EL122",0,0,0,0,0,0,0,0,0,0,0,0,0,0
"EL123",0,0,0,0,0,0,0,0,0,0,0,0,0,0
"EL124",0,0,0,0,0,0,0,0,0,0,0,0,0,0
"EL125",0,0,0,0,0,0,0,0,0,0,0,0,0,0
"EL126",0,0,0,0,0,0,0,0,0,0,0,0,0,0
"EL127",0,0,0,0,0,0,0,0,0,0,0,0,0,0
"EL131",0,0,0,0,0,0,0,0,0,0,0,0,0,0
"EL132",0,0,0,0,0,0,0,0,0,0,0,0,0,0
"EL133",0,0,0,0,0,0,0,0,0,0,0,0,0,0
"EL134",0,0,0,0,0,0,0,0,0,0,0,0,0,0
"EL141",0,0,0,0,0,0,0,0,0,0,0,0,0,0
"EL142",0,0,0,0,0,0,0,0,0,0,0,0,0,0
"EL143",0,0,0,0,0,0,0,0,0,0,0,0,0,0
"EL144",0,0,0,0,0,0,0,0,0,0,0,0,0,0
"EL211",0,0,0,0,0,0,0,0,0,0,0,0,0,0
"EL212",0,0,0,0,0,0,0,0,0,0,0,0,0,0
"EL213",0,0,0,0,0,0,0,0,0,0,0,0,0,0
"EL214",0,0,0,0,0,0,0,0,0,0,0,0,0,0
"EL221",0,0,0,0,0,0,0,0,0,0,0,0,0,0
"EL222",0,0,0,0,0,0,0,0,0,0,0,0,0,0
"EL223",0,0,0,0,0,0,0,0,0,0,0,0,0,0
"EL224",0,0,0,0,0,0,0,0,0,0,0,0,0,0
"EL231",0,0,0,0,0,0,0,0,0,0,0,0,0,0
"EL232",0,0,0,0,0,0,0,0,0,0,0,0,0,0
"EL233",0,0,0,0,0,0,0,0,0,0,0,0,0,0
"EL241",0,0,0,0,0,0,0,0,0,0,0,0,0,0
"EL242",0,0,0,0,0,0,0,0,0,0,0,0,0,0
"EL243",0,0,0,0,0,0,0,0,0,0,0,0,0,0
"EL244",0,0,0,0,0,0,0,0,0,0,0,0,0,0
"EL245",0,0,0,0,0,0,0,0,0,0,0,0,0,0
"EL251",0,0,0,0,0,0,0,0,0,0,0,0,0,0
"EL252",0,0,0,0,0,0,0,0,0,0,0,0,0,0
"EL253",0,0,0,0,0,0,0,0,0,0,0,0,0,0
"EL254",0,0,0,0,0,0,0,0,0,0,0,0,0,0
"EL255",0,0,0,0,0,0,0,0,0,0,0,0,0,0
"EL300",0,0,0,0,0,0,0,0,0,0,0,0,0,0
"EL411",0,0,0,0,0,0,0,0,0,0,0,0,0,0
"EL412",0,0,0,0,0,0,0,0,0,0,0,0,0,0
"EL413",0,0,0,0,0,0,0,0,0,0,0,0,0,0
"EL421",0,0,0,0,0,0,0,0,0,0,0,0,0,0
"EL422",0,0,0,0,0,0,0,0,0,0,0,0,0,0
"EL431",0,0,0,0,0,0,0,0,0,0,0,0,0,0
"EL432",0,0,0,0,0,0,0,0,0,0,0,0,0,0
"EL433",0,0,0,0,0,0,0,0,0,0,0,0,0,0
"EL434",0,0,0,0,0,0,0,0,0,0,0,0,0,0
"ES111",0,0,0,0,0,0,0,0,0,0,0,0,0,0
"ES112",0,0,0,0,0,0,0,0,0,0,0,0,0,0
"ES113",0,0,0,0,0,0,0,0,0,0,0,0,0,0
"ES114",0,0,0,0,0,0,0,0,0,0,0,0,0,0
"ES120",0,0,0,0,0,0,0,0,0,0,0,0,0,0
"ES130",0,0,0,0,0,0,0,0,0,0,0,0,0,0
"ES211",0,0,0,0,0,0,0,0,0,0,0,0,0,0
"ES212",0,0,0,0,0,0,0,0,0,0,0,0,0,0
"ES213",0,0,0,0,0,0,0,0,0,0,0,0,0,0
"ES220",0,0,0,0,0,0,0,0,0,0,0,0,0,0
"ES230",0,0,0,0,0,0,0,0,0,0,0,0,0,0
"ES241",0,0,0,0,0,0,0,0,0,0,0,0,0,0
"ES242",0,0,0,0,0,0,0,0,0,0,0,0,0,0
"ES243",0,0,0,0,0,0,0,0,0,0,0,0,0,0
"ES300",0,0,0,0,0,0,0,0,0,0,0,0,0,0
"ES411",0,0,0,0,0,0,0,0,0,0,0,0,0,0
"ES412",0,0,0,0,0,0,0,0,0,0,0,0,0,0
"ES413",0,0,0,0,0,0,0,0,0,0,0,0,0,0
"ES414",0,0,0,0,0,0,0,0,0,0,0,0,0,0
"ES415",0,0,0,0,0,0,0,0,0,0,0,0,0,0
"ES416",0,0,0,0,0,0,0,0,0,0,0,0,0,0
"ES417",0,0,0,0,0,0,0,0,0,0,0,0,0,0
"ES418",0,0,0,0,0,0,0,0,0,0,0,0,0,0
"ES419",0,0,0,0,0,0,0,0,0,0,0,0,0,0
"ES421",0,0,0,0,0,0,0,0,0,0,0,0,0,0
"ES422",0,0,0,0,0,0,0,0,0,0,0,0,0,0
"ES423",0,0,0,0,0,0,0,0,0,0,0,0,0,0
"ES424",0,0,0,0,0,0,0,0,0,0,0,0,0,0
"ES425",0,0,0,0,0,0,0,0,0,0,0,0,0,0
"ES431",0,0,0,0,0,0,0,0,0,0,0,0,0,0
"ES432",0,0,0,0,0,0,0,0,0,0,0,0,0,0
"ES511",0,0,0,0,0,0,0,0,0,0,0,0,0,0
"ES512",0,0,0,0,0,0,0,0,0,0,0,0,0,0
"ES513",0,0,0,0,0,0,0,0,0,0,0,0,0,0
"ES514",0,0,0,0,0,0,0,0,0,0,0,0,0,0
"ES521",0,0,0,0,0,0,0,0,0,0,0,0,0,0
"ES522",0,0,0,0,0,0,0,0,0,0,0,0,0,0
"ES523",0,0,0,0,0,0,0,0,0,0,0,0,0,0
"ES531",0,0,0,0,0,0,0,0,0,0,0,0,0,0
"ES532",0,0,0,0,0,0,0,0,0,0,0,0,0,0
"ES533",0,0,0,0,0,0,0,0,0,0,0,0,0,0
"ES611",0,0,0,0,0,0,0,0,0,0,0,0,0,0
"ES612",0,0,0,0,0,0,0,0,0,0,0,0,0,0
"ES613",0,0,0,0,0,0,0,0,0,0,0,0,0,0
"ES614",0,0,0,0,0,0,0,0,0,0,0,0,0,0
"ES615",0,0,0,0,0,0,0,0,0,0,0,0,0,0
"ES616",0,0,0,0,0,0,0,0,0,0,0,0,0,0
"ES617",0,0,0,0,0,0,0,0,0,0,0,0,0,0
"ES618",0,0,0,0,0,0,0,0,0,0,0,0,0,0
"ES620",0,0,0,0,0,0,0,0,0,0,0,0,0,0
"ES630",0,0,0,0,0,0,0,0,0,0,0,0,0,0
"ES640",0,0,0,0,0,0,0,0,0,0,0,0,0,0
"ES703",0,0,0,0,0,0,0,0,0,0,0,0,0,0
"ES704",0,0,0,0,0,0,0,0,0,0,0,0,0,0
"ES705",0,0,0,0,0,0,0,0,0,0,0,0,0,0
"ES706",0,0,0,0,0,0,0,0,0,0,0,0,0,0
"ES707",0,0,0,0,0,0,0,0,0,0,0,0,0,0
"ES708",0,0,0,0,0,0,0,0,0,0,0,0,0,0
"ES709",0,0,0,0,0,0,0,0,0,0,0,0,0,0
"FI193",0,0,0,0,0,0,0,0,0,0,0,0,0,0
"FI194",0,0,0,0,0,0,0,0,0,0,0,0,0,0
"FI195",0,0,0,0,0,0,0,0,0,0,0,0,0,0
"FI196",0,0,0,0,0,0,0,0,0,0,0,0,0,0
"FI197",0,0,0,0,0,0,0,0,0,0,0,0,0,0
"FI1B1",0,0,0,0,0,0,0,0,0,0,0,0,0,0
"FI1C1",0,0,0,0,0,0,0,0,0,0,0,0,0,0
"FI1C2",0,0,0,0,0,0,0,0,0,0,0,0,0,0
"FI1C3",0,0,0,0,0,0,0,0,0,0,0,0,0,0
"FI1C4",0,0,0,0,0,0,0,0,0,0,0,0,0,0
"FI1C5",0,0,0,0,0,0,0,0,0,0,0,0,0,0
"FI1D1",0,0,0,0,0,0,0,0,0,0,0,0,0,0
"FI1D2",0,0,0,0,0,0,0,0,0,0,0,0,0,0
"FI1D3",0,0,0,0,0,0,0,0,0,0,0,0,0,0
"FI1D4",0,0,0,0,0,0,0,0,0,0,0,0,0,0
"FI1D5",0,0,0,0,0,0,0,0,0,0,0,0,0,0
"FI1D6",0,0,0,0,0,0,0,0,0,0,0,0,0,0
"FI1D7",0,0,0,0,0,0,0,0,0,0,0,0,0,0
"FI200",0,0,0,0,0,0,0,0,0,0,0,0,0,0
"FR101",0,0,0,0,0,0,0,0,0,0,0,0,0,0
"FR102",0,0,0,0,0,0,0,0,0,0,0,0,0,0
"FR103",0,0,0,0,0,0,0,0,0,0,0,0,0,0
"FR104",0,0,0,0,0,0,0,0,0,0,0,0,0,0
"FR105",0,0,0,0,0,0,0,0,0,0,0,0,0,0
"FR106",0,0,0,0,0,0,0,0,0,0,0,0,0,0
"FR107",0,0,0,0,0,0,0,0,0,0,0,0,0,0
"FR108",0,0,0,0,0,0,0,0,0,0,0,0,0,0
"FR211",0,0,0,0,0,0,0,0,0,0,0,0,0,0
"FR212",0,0,0,0,0,0,0,0,0,0,0,0,0,0
"FR213",0,0,0,0,0,0,0,0,0,0,0,0,0,0
"FR214",0,0,0,0,0,0,0,0,0,0,0,0,0,0
"FR221",0,0,0,0,0,0,0,0,0,0,0,0,0,0
"FR222",0,0,0,0,0,0,0,0,0,0,0,0,0,0
"FR223",0,0,0,0,0,0,0,0,0,0,0,0,0,0
"FR231",0,0,0,0,0,0,0,0,0,0,0,0,0,0
"FR232",0,0,0,0,0,0,0,0,0,0,0,0,0,0
"FR241",0,0,0,0,0,0,0,0,0,0,0,0,0,0
"FR242",0,0,0,0,0,0,0,0,0,0,0,0,0,0
"FR243",0,0,0,0,0,0,0,0,0,0,0,0,0,0
"FR244",0,0,0,0,0,0,0,0,0,0,0,0,0,0
"FR245",0,0,0,0,0,0,0,0,0,0,0,0,0,0
"FR246",0,0,0,0,0,0,0,0,0,0,0,0,0,0
"FR251",0,0,0,0,0,0,0,0,0,0,0,0,0,0
"FR252",0,0,0,0,0,0,0,0,0,0,0,0,0,0
"FR253",0,0,0,0,0,0,0,0,0,0,0,0,0,0
"FR261",0,0,0,0,0,0,0,0,0,0,0,0,0,0
"FR262",0,0,0,0,0,0,0,0,0,0,0,0,0,0
"FR263",0,0,0,0,0,0,0,0,0,0,0,0,0,0
"FR264",0,0,0,0,0,0,0,0,0,0,0,0,0,0
"FR301",0,0,0,0,0,0,0,0,0,0,0,0,0,0
"FR302",0,0,0,0,0,0,0,0,0,0,0,0,0,0
"FR411",0,0,0,0,0,0,0,0,0,0,0,0,0,0
"FR412",0,0,0,0,0,0,0,0,0,0,0,0,0,0
"FR413",0,0,0,0,0,0,0,0,0,0,0,0,0,0
"FR414",0,0,0,0,0,0,0,0,0,0,0,0,0,0
"FR421",0,0,0,0,0,0,0,0,0,0,0,0,0,0
"FR422",0,0,0,0,0,0,0,0,0,0,0,0,0,0
"FR431",0,0,0,0,0,0,0,0,0,0,0,0,0,0
"FR432",0,0,0,0,0,0,0,0,0,0,0,0,0,0
"FR433",0,0,0,0,0,0,0,0,0,0,0,0,0,0
"FR434",0,0,0,0,0,0,0,0,0,0,0,0,0,0
"FR511",0,0,0,0,0,0,0,0,0,0,0,0,0,0
"FR512",0,0,0,0,0,0,0,0,0,0,0,0,0,0
"FR513",0,0,0,0,0,0,0,0,0,0,0,0,0,0
"FR514",0,0,0,0,0,0,0,0,0,0,0,0,0,0
"FR515",0,0,0,0,0,0,0,0,0,0,0,0,0,0
"FR521",0,0,0,0,0,0,0,0,0,0,0,0,0,0
"FR522",0,0,0,0,0,0,0,0,0,0,0,0,0,0
"FR523",0,0,0,0,0,0,0,0,0,0,0,0,0,0
"FR524",0,0,0,0,0,0,0,0,0,0,0,0,0,0
"FR531",0,0,0,0,0,0,0,0,0,0,0,0,0,0
"FR532",0,0,0,0,0,0,0,0,0,0,0,0,0,0
"FR533",0,0,0,0,0,0,0,0,0,0,0,0,0,0
"FR534",0,0,0,0,0,0,0,0,0,0,0,0,0,0
"FR611",0,0,0,0,0,0,0,0,0,0,0,0,0,0
"FR612",0,0,0,0,0,0,0,0,0,0,0,0,0,0
"FR613",0,0,0,0,0,0,0,0,0,0,0,0,0,0
"FR614",0,0,0,0,0,0,0,0,0,0,0,0,0,0
"FR615",0,0,0,0,0,0,0,0,0,0,0,0,0,0
"FR621",0,0,0,0,0,0,0,0,0,0,0,0,0,0
"FR622",0,0,0,0,0,0,0,0,0,0,0,0,0,0
"FR623",0,0,0,0,0,0,0,0,0,0,0,0,0,0
"FR624",0,0,0,0,0,0,0,0,0,0,0,0,0,0
"FR625",0,0,0,0,0,0,0,0,0,0,0,0,0,0
"FR626",0,0,0,0,0,0,0,0,0,0,0,0,0,0
"FR627",0,0,0,0,0,0,0,0,0,0,0,0,0,0
"FR628",0,0,0,0,0,0,0,0,0,0,0,0,0,0
"FR631",0,0,0,0,0,0,0,0,0,0,0,0,0,0
"FR632",0,0,0,0,0,0,0,0,0,0,0,0,0,0
"FR633",0,0,0,0,0,0,0,0,0,0,0,0,0,0
"FR711",0,0,0,0,0,0,0,0,0,0,0,0,0,0
"FR712",0,0,0,0,0,0,0,0,0,0,0,0,0,0
"FR713",0,0,0,0,0,0,0,0,0,0,0,0,0,0
"FR714",0,0,0,0,0,0,0,0,0,0,0,0,0,0
"FR715",0,0,0,0,0,0,0,0,0,0,0,0,0,0
"FR716",0,0,0,0,0,0,0,0,0,0,0,0,0,0
"FR717",0,0,0,0,0,0,0,0,0,0,0,0,0,0
"FR718",0,0,0,0,0,0,0,0,0,0,0,0,0,0
"FR721",0,0,0,0,0,0,0,0,0,0,0,0,0,0
"FR722",0,0,0,0,0,0,0,0,0,0,0,0,0,0
"FR723",0,0,0,0,0,0,0,0,0,0,0,0,0,0
"FR724",0,0,0,0,0,0,0,0,0,0,0,0,0,0
"FR811",0,0,0,0,0,0,0,0,0,0,0,0,0,0
"FR812",0,0,0,0,0,0,0,0,0,0,0,0,0,0
"FR813",0,0,0,0,0,0,0,0,0,0,0,0,0,0
"FR814",0,0,0,0,0,0,0,0,0,0,0,0,0,0
"FR815",0,0,0,0,0,0,0,0,0,0,0,0,0,0
"FR821",0,0,0,0,0,0,0,0,0,0,0,0,0,0
"FR822",0,0,0,0,0,0,0,0,0,0,0,0,0,0
"FR823",0,0,0,0,0,0,0,0,0,0,0,0,0,0
"FR824",0,0,0,0,0,0,0,0,0,0,0,0,0,0
"FR825",0,0,0,0,0,0,0,0,0,0,0,0,0,0
"FR826",0,0,0,0,0,0,0,0,0,0,0,0,0,0
"FR831",0,0,0,0,0,0,0,0,0,0,0,0,0,0
"FR832",0,0,0,0,0,0,0,0,0,0,0,0,0,0
"HR041",0,0,0,0,0,0,0,0,0,0,0,0,0,0
"HR042",0,0,0,0,0,0,0,0,0,0,0,0,0,0
"HR043",0,0,0,0,0,0,0,0,0,0,0,0,0,0
"HR044",0,0,0,0,0,0,0,0,0,0,0,0,0,0
"HR045",0,0,0,0,0,0,0,0,0,0,0,0,0,0
"HR046",0,0,0,0,0,0,0,0,0,0,0,0,0,0
"HR047",0,0,0,0,0,0,0,0,0,0,0,0,0,0
"HR048",0,0,0,0,0,0,0,0,0,0,0,0,0,0
"HR049",0,0,0,0,0,0,0,0,0,0,0,0,0,0
"HR04A",0,0,0,0,0,0,0,0,0,0,0,0,0,0
"HR04B",0,0,0,0,0,0,0,0,0,0,0,0,0,0
"HR04C",0,0,0,0,0,0,0,0,0,0,0,0,0,0
"HR04D",0,0,0,0,0,0,0,0,0,0,0,0,0,0
"HR04E",0,0,0,0,0,0,0,0,0,0,0,0,0,0
"HR031",0,0,0,0,0,0,0,0,0,0,0,0,0,0
"HR032",0,0,0,0,0,0,0,0,0,0,0,0,0,0
"HR033",0,0,0,0,0,0,0,0,0,0,0,0,0,0
"HR034",0,0,0,0,0,0,0,0,0,0,0,0,0,0
"HR035",0,0,0,0,0,0,0,0,0,0,0,0,0,0
"HR036",0,0,0,0,0,0,0,0,0,0,0,0,0,0
"HR037",0,0,0,0,0,0,0,0,0,0,0,0,0,0
"HU101",0,0,0,0,0,0,0,0,0,0,0,0,0,0
"HU102",0,0,0,0,0,0,0,0,0,0,0,0,0,0
"HU211",0,0,0,0,0,0,0,0,0,0,0,0,0,0
"HU212",0,0,0,0,0,0,0,0,0,0,0,0,0,0
"HU213",0,0,0,0,0,0,0,0,0,0,0,0,0,0
"HU221",0,0,0,0,0,0,0,0,0,0,0,0,0,0
"HU222",0,0,0,0,0,0,0,0,0,0,0,0,0,0
"HU223",0,0,0,0,0,0,0,0,0,0,0,0,0,0
"HU231",0,0,0,0,0,0,0,0,0,0,0,0,0,0
"HU232",0,0,0,0,0,0,0,0,0,0,0,0,0,0
"HU233",0,0,0,0,0,0,0,0,0,0,0,0,0,0
"HU311",0,0,0,0,0,0,0,0,0,0,0,0,0,0
"HU312",0,0,0,0,0,0,0,0,0,0,0,0,0,0
"HU313",0,0,0,0,0,0,0,0,0,0,0,0,0,0
"HU321",0,0,0,0,0,0,0,0,0,0,0,0,0,0
"HU322",0,0,0,0,0,0,0,0,0,0,0,0,0,0
"HU323",0.0295549178527304,5.24273737613276e-05,0.0258775693917468,0.0529866605021985,0.101756061135894,0.162549948494943,0.00483703112134954,0.0499030664495601,0.117260601036853,0.0232707676478041,0.0553442636942508,1.19714621813254,0.827782337508886,0.115376156280638
"HU331",0,0,0,0,0,0,0,0,0,0,0,0,0,0
"HU332",0,0,0,0,0,0,0,0,0,0,0,0,0,0
"HU333",0,0,0,0,0,0,0,0,0,0,0,0,0,0
"IE011",0,0,0,0,0,0,0,0,0,0,0,0,0,0
"IE012",0,0,0,0,0,0,0,0,0,0,0,0,0,0
"IE013",0,0,0,0,0,0,0,0,0,0,0,0,0,0
"IE021",0,0,0,0,0,0,0,0,0,0,0,0,0,0
"IE022",0,0,0,0,0,0,0,0,0,0,0,0,0,0
"IE023",0,0,0,0,0,0,0,0,0,0,0,0,0,0
"IE024",0,0,0,0,0,0,0,0,0,0,0,0,0,0
"IE025",0,0,0,0,0,0,0,0,0,0,0,0,0,0
"IS001",0,0,0,0,0,0,0,0,0,0,0,0,0,0
"IS002",0,0,0,0,0,0,0,0,0,0,0,0,0,0
"ITC11",0,0,0,0,0,0,0,0,0,0,0,0,0,0
"ITC12",0,0,0,0,0,0,0,0,0,0,0,0,0,0
"ITC13",0,0,0,0,0,0,0,0,0,0,0,0,0,0
"ITC14",0,0,0,0,0,0,0,0,0,0,0,0,0,0
"ITC15",0,0,0,0,0,0,0,0,0,0,0,0,0,0
"ITC16",0,0,0,0,0,0,0,0,0,0,0,0,0,0
"ITC17",0,0,0,0,0,0,0,0,0,0,0,0,0,0
"ITC18",0,0,0,0,0,0,0,0,0,0,0,0,0,0
"ITC20",0,0,0,0,0,0,0,0,0,0,0,0,0,0
"ITC31",0,0,0,0,0,0,0,0,0,0,0,0,0,0
"ITC32",0,0,0,0,0,0,0,0,0,0,0,0,0,0
"ITC33",0,0,0,0,0,0,0,0,0,0,0,0,0,0
"ITC34",0,0,0,0,0,0,0,0,0,0,0,0,0,0
"ITC41",0,0,0,0,0,0,0,0,0,0,0,0,0,0
"ITC42",0,0,0,0,0,0,0,0,0,0,0,0,0,0
"ITC43",0,0,0,0,0,0,0,0,0,0,0,0,0,0
"ITC44",0,0,0,0,0,0,0,0,0,0,0,0,0,0
"ITC46",0,0,0,0,0,0,0,0,0,0,0,0,0,0
"ITC47",0,0,0,0,0,0,0,0,0,0,0,0,0,0
"ITC48",0,0,0,0,0,0,0,0,0,0,0,0,0,0
"ITC49",0,0,0,0,0,0,0,0,0,0,0,0,0,0
"ITC4A",0,0,0,0,0,0,0,0,0,0,0,0,0,0
"ITC4B",0,0,0,0,0,0,0,0,0,0,0,0,0,0
"ITC4C",0,0,0,0,0,0,0,0,0,0,0,0,0,0
"ITC4D",0,0,0,0,0,0,0,0,0,0,0,0,0,0
"ITF11",0,0,0,0,0,0,0,0,0,0,0,0,0,0
"ITF12",0,0,0,0,0,0,0,0,0,0,0,0,0,0
"ITF13",0,0,0,0,0,0,0,0,0,0,0,0,0,0
"ITF14",0,0,0,0,0,0,0,0,0,0,0,0,0,0
"ITF21",0,0,0,0,0,0,0,0,0,0,0,0,0,0
"ITF22",0,0,0,0,0,0,0,0,0,0,0,0,0,0
"ITF31",0,0,0,0,0,0,0,0,0,0,0,0,0,0
"ITF32",0,0,0,0,0,0,0,0,0,0,0,0,0,0
"ITF33",0,0,0,0,0,0,0,0,0,0,0,0,0,0
"ITF34",0,0,0,0,0,0,0,0,0,0,0,0,0,0
"ITF35",0,0,0,0,0,0,0,0,0,0,0,0,0,0
"ITF43",0,0,0,0,0,0,0,0,0,0,0,0,0,0
"ITF44",0,0,0,0,0,0,0,0,0,0,0,0,0,0
"ITF45",0,0,0,0,0,0,0,0,0,0,0,0,0,0
"ITF46",0,0,0,0,0,0,0,0,0,0,0,0,0,0
"ITF47",0,0,0,0,0,0,0,0,0,0,0,0,0,0
"ITF48",0,0,0,0,0,0,0,0,0,0,0,0,0,0
"ITF51",0,0,0,0,0,0,0,0,0,0,0,0,0,0
"ITF52",0,0,0,0,0,0,0,0,0,0,0,0,0,0
"ITF61",0,0,0,0,0,0,0,0,0,0,0,0,0,0
"ITF62",0,0,0,0,0,0,0,0,0,0,0,0,0,0
"ITF63",0,0,0,0,0,0,0,0,0,0,0,0,0,0
"ITF64",0,0,0,0,0,0,0,0,0,0,0,0,0,0
"ITF65",0,0,0,0,0,0,0,0,0,0,0,0,0,0
"ITG11",0,0,0,0,0,0,0,0,0,0,0,0,0,0
"ITG12",0,0,0,0,0,0,0,0,0,0,0,0,0,0
"ITG13",0,0,0,0,0,0,0,0,0,0,0,0,0,0
"ITG14",0,0,0,0,0,0,0,0,0,0,0,0,0,0
"ITG15",0,0,0,0,0,0,0,0,0,0,0,0,0,0
"ITG16",0,0,0,0,0,0,0,0,0,0,0,0,0,0
"ITG17",0,0,0,0,0,0,0,0,0,0,0,0,0,0
"ITG18",0,0,0,0,0,0,0,0,0,0,0,0,0,0
"ITG19",0,0,0,0,0,0,0,0,0,0,0,0,0,0
"ITG25",0,0,0,0,0,0,0,0,0,0,0,0,0,0
"ITG26",0,0,0,0,0,0,0,0,0,0,0,0,0,0
"ITG27",0,0,0,0,0,0,0,0,0,0,0,0,0,0
"ITG28",0,0,0,0,0,0,0,0,0,0,0,0,0,0
"ITG29",0,0,0,0,0,0,0,0,0,0,0,0,0,0
"ITG2A",0,0,0,0,0,0,0,0,0,0,0,0,0,0
"ITG2B",0,0,0,0,0,0,0,0,0,0,0,0,0,0
"ITG2C",0,0,0,0,0,0,0,0,0,0,0,0,0,0
"ITH10",0,0,0,0,0,0,0,0,0,0,0,0,0,0
"ITH20",0,0,0,0,0,0,0,0,0,0,0,0,0,0
"ITH31",0,0,0,0,0,0,0,0,0,0,0,0,0,0
"ITH32",0,0,0,0,0,0,0,0,0,0,0,0,0,0
"ITH33",0,0,0,0,0,0,0,0,0,0,0,0,0,0
"ITH34",0,0,0,0,0,0,0,0,0,0,0,0,0,0
"ITH35",0,0,0,0,0,0,0,0,0,0,0,0,0,0
"ITH36",0,0,0,0,0,0,0,0,0,0,0,0,0,0
"ITH37",0,0,0,0,0,0,0,0,0,0,0,0,0,0
"ITH41",0,0,0,0,0,0,0,0,0,0,0,0,0,0
"ITH42",0,0,0,0,0,0,0,0,0,0,0,0,0,0
"ITH43",0,0,0,0,0,0,0,0,0,0,0,0,0,0
"ITH44",0,0,0,0,0,0,0,0,0,0,0,0,0,0
"ITH51",0,0,0,0,0,0,0,0,0,0,0,0,0,0
"ITH52",0,0,0,0,0,0,0,0,0,0,0,0,0,0
"ITH53",0,0,0,0,0,0,0,0,0,0,0,0,0,0
"ITH54",0,0,0,0,0,0,0,0,0,0,0,0,0,0
"ITH55",0,0,0,0,0,0,0,0,0,0,0,0,0,0
"ITH56",0,0,0,0,0,0,0,0,0,0,0,0,0,0
"ITH57",0,0,0,0,0,0,0,0,0,0,0,0,0,0
"ITH58",0,0,0,0,0,0,0,0,0,0,0,0,0,0
"ITH59",0,0,0,0,0,0,0,0,0,0,0,0,0,0
"ITI11",0,0,0,0,0,0,0,0,0,0,0,0,0,0
"ITI12",0,0,0,0,0,0,0,0,0,0,0,0,0,0
"ITI13",0,0,0,0,0,0,0,0,0,0,0,0,0,0
"ITI14",0,0,0,0,0,0,0,0,0,0,0,0,0,0
"ITI15",0,0,0,0,0,0,0,0,0,0,0,0,0,0
"ITI16",0,0,0,0,0,0,0,0,0,0,0,0,0,0
"ITI17",0,0,0,0,0,0,0,0,0,0,0,0,0,0
"ITI18",0,0,0,0,0,0,0,0,0,0,0,0,0,0
"ITI19",0,0,0,0,0,0,0,0,0,0,0,0,0,0
"ITI1A",0,0,0,0,0,0,0,0,0,0,0,0,0,0
"ITI21",0,0,0,0,0,0,0,0,0,0,0,0,0,0
"ITI22",0,0,0,0,0,0,0,0,0,0,0,0,0,0
"ITI31",0,0,0,0,0,0,0,0,0,0,0,0,0,0
"ITI32",0,0,0,0,0,0,0,0,0,0,0,0,0,0
"ITI33",0,0,0,0,0,0,0,0,0,0,0,0,0,0
"ITI34",0,0,0,0,0,0,0,0,0,0,0,0,0,0
"ITI35",0,0,0,0,0,0,0,0,0,0,0,0,0,0
"ITI41",0,0,0,0,0,0,0,0,0,0,0,0,0,0
"ITI42",0,0,0,0,0,0,0,0,0,0,0,0,0,0
"ITI43",0,0,0,0,0,0,0,0,0,0,0,0,0,0
"ITI44",0,0,0,0,0,0,0,0,0,0,0,0,0,0
"ITI45",0,0,0,0,0,0,0,0,0,0,0,0,0,0
"LI000",0,0,0,0,0,0,0,0,0,0,0,0,0,0
"LT001",0,0,0,0,0,0,0,0,0,0,0,0,0,0
"LT002",0,0,0,0,0,0,0,0,0,0,0,0,0,0
"LT003",0,0,0,0,0,0,0,0,0,0,0,0,0,0
"LT004",0,0,0,0,0,0,0,0,0,0,0,0,0,0
"LT005",0,0,0,0,0,0,0,0,0,0,0,0,0,0
"LT006",0,0,0,0,0,0,0,0,0,0,0,0,0,0
"LT007",0,0,0,0,0,0,0,0,0,0,0,0,0,0
"LT008",0,0,0,0,0,0,0,0,0,0,0,0,0,0
"LT009",0,0,0,0,0,0,0,0,0,0,0,0,0,0
"LT00A",0,0,0,0,0,0,0,0,0,0,0,0,0,0
"LU000",0,0,0,0,0,0,0,0,0,0,0,0,0,0
"LV003",0,0,0,0,0,0,0,0,0,0,0,0,0,0
"LV005",0,0,0,0,0,0,0,0,0,0,0,0,0,0
"LV006",0,0,0,0,0,0,0,0,0,0,0,0,0,0
"LV007",0,0,0,0,0,0,0,0,0,0,0,0,0,0
"LV008",0,0,0,0,0,0,0,0,0,0,0,0,0,0
"LV009",0,0,0,0,0,0,0,0,0,0,0,0,0,0
"ME000",0,0,0,0,0,0,0,0,0,0,0,0,0,0
"MK001",0,0,0,0,0,0,0,0,0,0,0,0,0,0
"MK002",0,0,0,0,0,0,0,0,0,0,0,0,0,0
"MK003",0,0,0,0,0,0,0,0,0,0,0,0,0,0
"MK004",0,0,0,0,0,0,0,0,0,0,0,0,0,0
"MK005",0,0,0,0,0,0,0,0,0,0,0,0,0,0
"MK006",0,0,0,0,0,0,0,0,0,0,0,0,0,0
"MK007",0,0,0,0,0,0,0,0,0,0,0,0,0,0
"MK008",0,0,0,0,0,0,0,0,0,0,0,0,0,0
"MT001",0,0,0,0,0,0,0,0,0,0,0,0,0,0
"MT002",0,0,0,0,0,0,0,0,0,0,0,0,0,0
"NL111",0,0,0,0,0,0,0,0,0,0,0,0,0,0
"NL112",0,0,0,0,0,0,0,0,0,0,0,0,0,0
"NL113",0,0,0,0,0,0,0,0,0,0,0,0,0,0
"NL121",0,0,0,0,0,0,0,0,0,0,0,0,0,0
"NL122",0,0,0,0,0,0,0,0,0,0,0,0,0,0
"NL123",0,0,0,0,0,0,0,0,0,0,0,0,0,0
"NL131",0,0,0,0,0,0,0,0,0,0,0,0,0,0
"NL132",0,0,0,0,0,0,0,0,0,0,0,0,0,0
"NL133",0,0,0,0,0,0,0,0,0,0,0,0,0,0
"NL211",0,0,0,0,0,0,0,0,0,0,0,0,0,0
"NL212",0,0,0,0,0,0,0,0,0,0,0,0,0,0
"NL213",0,0,0,0,0,0,0,0,0,0,0,0,0,0
"NL221",0,0,0,0,0,0,0,0,0,0,0,0,0,0
"NL224",0,0,0,0,0,0,0,0,0,0,0,0,0,0
"NL225",0,0,0,0,0,0,0,0,0,0,0,0,0,0
"NL226",0,0,0,0,0,0,0,0,0,0,0,0,0,0
"NL230",0,0,0,0,0,0,0,0,0,0,0,0,0,0
"NL310",0,0,0,0,0,0,0,0,0,0,0,0,0,0
"NL321",0,0,0,0,0,0,0,0,0,0,0,0,0,0
"NL322",0,0,0,0,0,0,0,0,0,0,0,0,0,0
"NL323",0,0,0,0,0,0,0,0,0,0,0,0,0,0
"NL324",0,0,0,0,0,0,0,0,0,0,0,0,0,0
"NL325",0,0,0,0,0,0,0,0,0,0,0,0,0,0
"NL326",0,0,0,0,0,0,0,0,0,0,0,0,0,0
"NL327",0,0,0,0,0,0,0,0,0,0,0,0,0,0
"NL332",0,0,0,0,0,0,0,0,0,0,0,0,0,0
"NL333",0,0,0,0,0,0,0,0,0,0,0,0,0,0
"NL337",0,0,0,0,0,0,0,0,0,0,0,0,0,0
"NL338",0,0,0,0,0,0,0,0,0,0,0,0,0,0
"NL339",0,0,0,0,0,0,0,0,0,0,0,0,0,0
"NL33A",0,0,0,0,0,0,0,0,0,0,0,0,0,0
"NL341",0,0,0,0,0,0,0,0,0,0,0,0,0,0
"NL342",0,0,0,0,0,0,0,0,0,0,0,0,0,0
"NL411",0,0,0,0,0,0,0,0,0,0,0,0,0,0
"NL412",0,0,0,0,0,0,0,0,0,0,0,0,0,0
"NL413",0,0,0,0,0,0,0,0,0,0,0,0,0,0
"NL414",0,0,0,0,0,0,0,0,0,0,0,0,0,0
"NL421",0,0,0,0,0,0,0,0,0,0,0,0,0,0
"NL422",0,0,0,0,0,0,0,0,0,0,0,0,0,0
"NL423",0,0,0,0,0,0,0,0,0,0,0,0,0,0
"NO011",0,0,0,0,0,0,0,0,0,0,0,0,0,0
"NO012",0,0,0,0,0,0,0,0,0,0,0,0,0,0
"NO021",0,0,0,0,0,0,0,0,0,0,0,0,0,0
"NO022",0,0,0,0,0,0,0,0,0,0,0,0,0,0
"NO031",0,0,0,0,0,0,0,0,0,0,0,0,0,0
"NO032",0,0,0,0,0,0,0,0,0,0,0,0,0,0
"NO033",0,0,0,0,0,0,0,0,0,0,0,0,0,0
"NO034",0,0,0,0,0,0,0,0,0,0,0,0,0,0
"NO041",0,0,0,0,0,0,0,0,0,0,0,0,0,0
"NO042",0,0,0,0,0,0,0,0,0,0,0,0,0,0
"NO043",0,0,0,0,0,0,0,0,0,0,0,0,0,0
"NO051",0,0,0,0,0,0,0,0,0,0,0,0,0,0
"NO052",0,0,0,0,0,0,0,0,0,0,0,0,0,0
"NO053",0,0,0,0,0,0,0,0,0,0,0,0,0,0
"NO061",0,0,0,0,0,0,0,0,0,0,0,0,0,0
"NO062",0,0,0,0,0,0,0,0,0,0,0,0,0,0
"NO071",0,0,0,0,0,0,0,0,0,0,0,0,0,0
"NO072",0,0,0,0,0,0,0,0,0,0,0,0,0,0
"NO073",0,0,0,0,0,0,0,0,0,0,0,0,0,0
"PL113",0,0,0,0,0,0,0,0,0,0,0,0,0,0
"PL114",0,0,0,0,0,0,0,0,0,0,0,0,0,0
"PL115",0,0,0,0,0,0,0,0,0,0,0,0,0,0
"PL116",0,0,0,0,0,0,0,0,0,0,0,0,0,0
"PL117",0,0,0,0,0,0,0,0,0,0,0,0,0,0
"PL121",0,0,0,0,0,0,0,0,0,0,0,0,0,0
"PL122",0,0,0,0,0,0,0,0,0,0,0,0,0,0
"PL127",0,0,0,0,0,0,0,0,0,0,0,0,0,0
"PL128",0,0,0,0,0,0,0,0,0,0,0,0,0,0
"PL129",0,0,0,0,0,0,0,0,0,0,0,0,0,0
"PL12A",0,0,0,0,0,0,0,0,0,0,0,0,0,0
"PL213",0,0,0,0,0,0,0,0,0,0,0,0,0,0
"PL214",0,0,0,0,0,0,0,0,0,0,0,0,0,0
"PL215",0,0,0,0,0,0,0,0,0,0,0,0,0,0
"PL216",0,0,0,0,0,0,0,0,0,0,0,0,0,0
"PL217",0,0,0,0,0,0,0,0,0,0,0,0,0,0
"PL224",0,0,0,0,0,0,0,0,0,0,0,0,0,0
"PL225",0,0,0,0,0,0,0,0,0,0,0,0,0,0
"PL227",0,0,0,0,0,0,0,0,0,0,0,0,0,0
"PL228",0,0,0,0,0,0,0,0,0,0,0,0,0,0
"PL229",0,0,0,0,0,0,0,0,0,0,0,0,0,0
"PL22A",0,0,0,0,0,0,0,0,0,0,0,0,0,0
"PL22B",0,0,0,0,0,0,0,0,0,0,0,0,0,0
"PL22C",0,0,0,0,0,0,0,0,0,0,0,0,0,0
"PL311",0,0,0,0,0,0,0,0,0,0,0,0,0,0
"PL312",0,0,0,0,0,0,0,0,0,0,0,0,0,0
"PL314",0,0,0,0,0,0,0,0,0,0,0,0,0,0
"PL315",0,0,0,0,0,0,0,0,0,0,0,0,0,0
"PL323",0,0,0,0,0,0,0,0,0,0,0,0,0,0
"PL324",0,0,0,0,0,0,0,0,0,0,0,0,0,0
"PL325",0,0,0,0,0,0,0,0,0,0,0,0,0,0
"PL326",0,0,0,0,0,0,0,0,0,0,0,0,0,0
"PL331",0,0,0,0,0,0,0,0,0,0,0,0,0,0
"PL332",0,0,0,0,0,0,0,0,0,0,0,0,0,0
"PL343",0,0,0,0,0,0,0,0,0,0,0,0,0,0
"PL344",0,0,0,0,0,0,0,0,0,0,0,0,0,0
"PL345",0,0,0,0,0,0,0,0,0,0,0,0,0,0
"PL411",0,0,0,0,0,0,0,0,0,0,0,0,0,0
"PL414",0,0,0,0,0,0,0,0,0,0,0,0,0,0
"PL415",0,0,0,0,0,0,0,0,0,0,0,0,0,0
"PL416",0,0,0,0,0,0,0,0,0,0,0,0,0,0
"PL417",0,0,0,0,0,0,0,0,0,0,0,0,0,0
"PL418",0,0,0,0,0,0,0,0,0,0,0,0,0,0
"PL422",0,0,0,0,0,0,0,0,0,0,0,0,0,0
"PL423",0,0,0,0,0,0,0,0,0,0,0,0,0,0
"PL424",0,0,0,0,0,0,0,0,0,0,0,0,0,0
"PL425",0,0,0,0,0,0,0,0,0,0,0,0,0,0
"PL431",0,0,0,0,0,0,0,0,0,0,0,0,0,0
"PL432",0,0,0,0,0,0,0,0,0,0,0,0,0,0
"PL514",0,0,0,0,0,0,0,0,0,0,0,0,0,0
"PL515",0,0,0,0,0,0,0,0,0,0,0,0,0,0
"PL516",0,0,0,0,0,0,0,0,0,0,0,0,0,0
"PL517",0,0,0,0,0,0,0,0,0,0,0,0,0,0
"PL518",0,0,0,0,0,0,0,0,0,0,0,0,0,0
"PL521",0,0,0,0,0,0,0,0,0,0,0,0,0,0
"PL522",0,0,0,0,0,0,0,0,0,0,0,0,0,0
"PL613",0,0,0,0,0,0,0,0,0,0,0,0,0,0
"PL614",0,0,0,0,0,0,0,0,0,0,0,0,0,0
"PL615",0,0,0,0,0,0,0,0,0,0,0,0,0,0
"PL621",0,0,0,0,0,0,0,0,0,0,0,0,0,0
"PL622",0,0,0,0,0,0,0,0,0,0,0,0,0,0
"PL623",0,0,0,0,0,0,0,0,0,0,0,0,0,0
"PL631",0,0,0,0,0,0,0,0,0,0,0,0,0,0
"PL633",0,0,0,0,0,0,0,0,0,0,0,0,0,0
"PL634",0,0,0,0,0,0,0,0,0,0,0,0,0,0
"PL635",0,0,0,0,0,0,0,0,0,0,0,0,0,0
"PT111",0,0,0,0,0,0,0,0,0,0,0,0,0,0
"PT112",0,0,0,0,0,0,0,0,0,0,0,0,0,0
"PT113",0,0,0,0,0,0,0,0,0,0,0,0,0,0
"PT114",0,0,0,0,0,0,0,0,0,0,0,0,0,0
"PT115",0,0,0,0,0,0,0,0,0,0,0,0,0,0
"PT116",0,0,0,0,0,0,0,0,0,0,0,0,0,0
"PT117",0,0,0,0,0,0,0,0,0,0,0,0,0,0
"PT118",0,0,0,0,0,0,0,0,0,0,0,0,0,0
"PT150",0,0,0,0,0,0,0,0,0,0,0,0,0,0
"PT161",0,0,0,0,0,0,0,0,0,0,0,0,0,0
"PT162",0,0,0,0,0,0,0,0,0,0,0,0,0,0
"PT163",0,0,0,0,0,0,0,0,0,0,0,0,0,0
"PT164",0,0,0,0,0,0,0,0,0,0,0,0,0,0
"PT165",0,0,0,0,0,0,0,0,0,0,0,0,0,0
"PT166",0,0,0,0,0,0,0,0,0,0,0,0,0,0
"PT167",0,0,0,0,0,0,0,0,0,0,0,0,0,0
"PT168",0,0,0,0,0,0,0,0,0,0,0,0,0,0
"PT169",0,0,0,0,0,0,0,0,0,0,0,0,0,0
"PT16A",0,0,0,0,0,0,0,0,0,0,0,0,0,0
"PT16B",0,0,0,0,0,0,0,0,0,0,0,0,0,0
"PT16C",0,0,0,0,0,0,0,0,0,0,0,0,0,0
"PT171",0,0,0,0,0,0,0,0,0,0,0,0,0,0
"PT172",0,0,0,0,0,0,0,0,0,0,0,0,0,0
"PT181",0,0,0,0,0,0,0,0,0,0,0,0,0,0
"PT182",0,0,0,0,0,0,0,0,0,0,0,0,0,0
"PT183",0,0,0,0,0,0,0,0,0,0,0,0,0,0
"PT184",0,0,0,0,0,0,0,0,0,0,0,0,0,0
"PT185",0,0,0,0,0,0,0,0,0,0,0,0,0,0
"PT200",0,0,0,0,0,0,0,0,0,0,0,0,0,0
"PT300",0,0,0,0,0,0,0,0,0,0,0,0,0,0
"RO111",0.0218816524547271,0.000828426615224898,0.0417961172060784,0.160849545688547,0.184417389418259,0.473181546005934,0.00737664432451474,0.0886895912475238,0.142243485410821,0.0452652956630206,0.0925685737925175,0.69368981480964,1.3781246305194,0.190282996361849
"RO112",0.772186667865537,0.0471696583146657,1.77184004012086,3.10939034435001,3.41224752276485,8.14836969944954,0.28518477006646,1.52726915087433,2.56040823049495,0.828533908965537,1.75176444948637,13.3941873500301,26.0795822577592,3.60090876106136
"RO113",0.266963196106688,0.0322193781458716,1.37813889562965,5.78876237397072,6.25609044471241,15.9168139392192,0.332021856707494,2.98332793015249,4.91479678761386,1.57769724534719,3.29293656145028,20.9163123225285,49.0239483676619,6.76892610603116
"RO114",0.164263130658603,0.0106791249001551,0.472010416043996,1.1444741947836,1.28874683069037,3.18726393898211,0.0735305042054855,0.597396788468059,0.979382478224858,0.31381021634424,0.652570171897714,5.00366585898995,9.71520884668972,1.34141645007283
"RO115",0.0783284972375374,0.00278604385137201,0.131533650980283,0.362931129036939,0.416824686505582,1.03797551798984,0.0208510016375957,0.194550326809028,0.315632848357561,0.100777419830199,0.207906683480048,1.6630260454066,3.09523318351713,0.427370813607976
"RO116",0.0475447746609039,0.00188773969911192,0.0891232543243473,0.238534182406973,0.274137026337535,0.682202825090157,0.0137474603937959,0.12786696821941,0.207447687453925,0.0662353199298982,0.136645348919109,1.0964645771192,2.03432237611683,0.280886756336092
"RO121",0.432959806720979,0.030275004960846,1.25335057510651,1.87115934820436,2.14371442138436,5.08136604230482,0.158453355767895,0.952413045426353,1.57634330770728,0.506988742207191,1.06187996701077,9.25479729519849,15.8088525861134,2.18278940272238
"RO122",11.9190203586398,3.29009276316491,80.2733143035987,76.4354813652422,77.2830722143518,171.993356766391,14.1610937186151,32.2371416164852,56.7302013727991,19.0590524087625,41.4004493924299,285.120386240948,616.353657453576,85.1023326639546
"RO123",28.9424852601863,2.41016282992225,49.7427334837938,30.2767474255983,30.6712381532519,63.6085110164335,8.33452477489876,11.9223010481485,21.4087157553999,7.3546257790698,16.0358226923075,126.150567994195,238.735040602917,32.9630701436415
"RO124",5.16201818950671,0.541206597602759,14.8648981991125,14.8572711585197,15.5168698493607,34.9148445089659,2.43219759509509,6.54417593861998,11.3659312006863,3.77114685395157,8.1492028666926,60.6934816279259,121.322136979885,16.7514165542883
"RO125",3.50770299717009,0.249427427429225,8.24715716726608,12.1032072761418,12.9616654646305,30.332764877123,1.39760249659045,5.68534538395871,9.67594464086526,3.15968463867573,6.74985218785126,50.1064829774846,100.489152758179,13.8749258704442
"RO126",1.62588953856591,0.330857575317598,10.9395925369878,11.7343557589508,12.7542623512385,29.4083581401104,1.45443588225447,5.51208153556029,9.38106521100746,3.06339161103189,6.54414694266292,52.1440588105806,97.4266937247657,13.4520803104648
"RO211",102.22074815282,11.4274623136533,197.629608677233,201.151434543394,188.711731524733,387.458273750275,56.4145238200298,72.6222656281531,133.629516889893,47.4192311317081,103.087576271273,641.55786255511,1534.72741492612,211.905748321727
"RO212",14.514549649368,0.505736522613906,13.0840377493976,17.6530183705655,18.1397962975907,40.6007019477252,3.08414993622452,7.60989030637542,13.3038739822317,4.44083076479903,9.62377316605888,68.9525766402326,143.27496141838,19.7825279068139
"RO213",65.6181358198001,7.62243897734128,149.252573012466,215.411318669198,204.853529412383,441.791665650727,48.3685489283145,82.8061080865446,149.72508163597,51.8764053098071,113.111334264363,671.533808557218,1683.95719361543,232.510480873903
"RO214",29.5620185512257,1.81777564976738,40.7218678088624,46.4906199801895,46.241676809666,101.147575670825,9.68964229165051,18.9583410799603,33.6976782100597,11.4412189906386,24.9158305137712,168.27775519982,370.937115201081,51.2167217530103
"RO215",8.67969191176071,0.332574724633476,10.012151457481,17.7376922693038,18.5103913729858,43.0414625910993,2.29800290352835,8.06736812988963,13.872699967392,4.56466025010501,9.81287952740658,68.3060807503949,146.09030277759,20.1712529740164
"RO216",81.6018492783656,5.93919313852867,102.714004527807,84.0413794831781,80.1009664521904,161.880664147684,25.6700507993213,30.3416945468869,55.8306181837074,19.8118278767766,43.070148304342,291.925231435641,641.211480165796,88.5345483605351
"RO221",74.8172411132823,2.99531551114057,60.2015531995517,53.0056012994758,52.7872969539733,110.035496059079,14.2888311203298,20.6242260514441,37.1624875924221,12.8202331791715,27.9553725246378,207.030126681291,416.188624855563,57.4647726594851
"RO222",203.671622485557,21.3753172807785,344.843688826496,152.089467041432,147.526786404197,281.731354474389,59.3759724422495,52.80560681382,98.1892395554036,35.4065194873376,76.6767483587991,604.838432707438,1141.53336464108,157.615925483505
"RO223",9.25693974595062,1.40744634191305,39.8475545441233,43.7036216709677,45.5539184942934,103.808798554163,6.5752170173923,19.4571406881319,33.6821005254172,11.1435065297842,24.041677864114,173.693461647663,357.923073307916,49.4198226690162
"RO224",106.588011294908,9.68576214107856,175.814119370524,137.257655190001,132.202856227729,271.214547657775,39.5514466212205,50.8344156174011,92.8842917374428,32.6327085319866,71.0632997661028,485.892423967799,1057.96254302414,146.076979009775
"RO225",5.93910507108638,0.278476392159682,7.64869319525219,9.91728613737468,10.2931393164043,23.3057941625305,1.57444346056742,4.36826282728244,7.58680317080193,2.5172551552478,5.43962452850306,39.2889358335305,80.9829971055844,11.181635537423
"RO226",137.253072099873,11.7653138180081,189.807438360302,124.786722303833,118.111640511405,231.155601889912,43.2491407758404,43.3260680160476,80.5625373536667,29.0504240757712,62.9119181672438,440.56107962266,936.607969934043,129.321083876332
"RO311",11.2737396874751,2.27575126982196,58.8765378634161,42.4669676375637,44.5127213382157,97.6710418288191,8.1627712621878,18.3067257158189,32.0044523830379,10.6830805029393,23.1514211912749,182.495703092083,344.669281032001,47.5898203226622
"RO312",69.9933390478134,2.35363884756209,47.3047709889121,39.9439895621678,40.1343684750599,82.9206083564466,11.233166503188,15.5420153706439,28.0049274058623,9.66107822077375,21.066624676545,162.75676187944,313.631647968645,43.3043343161833
"RO313",49.8751365031374,6.02369178962266,124.321432377821,70.1364775143422,71.0402628519058,147.349939539839,19.2944094127415,27.6181647793419,49.5935673037334,17.0370858642501,37.1471909407315,292.038331190809,553.032813325759,76.3593788802598
"RO314",38.6606709782461,0.940675794437668,19.414366845446,30.5347225425742,29.9240228945718,64.1504917265625,7.13951146240066,12.0238858374353,21.5911301962137,7.41729137583945,16.172457026792,108.062961057531,240.76919900045,33.2439342588204
"RO315",69.6296325766952,2.61379873523541,51.1799684760071,55.4462398094608,54.2447128514411,113.715875241954,14.5246103984058,21.3140486536152,38.5387956081723,13.3528341362484,29.1145247312704,201.655148950342,433.445628404758,59.8475138650685
"RO316",112.590720359632,46.660089109204,806.952138488284,263.889793897861,263.459606477457,508.305020225565,100.557061118416,95.2728711704752,175.308049633309,62.2091070766984,135.240195116718,1143.55610625662,2013.40299726712,277.998336811907
"RO317",22.2381749638809,0.870785854024613,21.2458649597479,20.5045925182661,21.2324231369141,46.1389610342312,4.27112416749291,8.64793994874024,15.2184514554178,5.11278396427635,11.1060901259778,85.9950930709409,165.343115101719,22.8295632141047
"RO321",107.292377420385,79.7849923783986,1448.24206600123,2367.11191358881,2197.86928374922,4677.29968146862,555.167582169852,876.677884826942,1601.85975239491,562.775701157134,1225.54026777174,6820.27448432496,18245.3629726993,2519.20781275514
"RO322",42.1351127081063,19.5520022614351,346.346698763899,252.433562464926,239.671560721583,492.507656630888,71.3991826818677,92.3119321147859,169.26467580729,59.7608124009932,130.039839166631,843.582620944433,1935.98213693989,267.30853927275
"RO411",3.59416046940208,0.175701958115311,6.1900776906611,10.3372540718165,11.215737471036,26.4832185101755,1.072215428014,4.96381535673174,8.3865310938116,2.72581992948705,5.79472563915303,43.8698115502988,86.2696032059268,11.9115776827708
"RO412",0.408445810585236,0.0473771853973829,1.89856072184578,2.76975751053473,3.12787017281687,7.43087582588703,0.241614454493564,1.39278749387399,2.31549573908324,0.746187451489859,1.56806156258595,13.1033969171149,23.3446857074199,3.22329101966585
"RO413",0.154522935438943,0.00245921595488417,0.108695755210247,0.549362264051234,0.604721316321028,1.5299274912696,0.0314163177755872,0.286758105814526,0.470116126743644,0.15063292096846,0.313242036142036,2.13784412833059,4.66342461199592,0.643897067672131
"RO414",9.26923285418832,0.402451767230489,11.748046732315,12.0205472452804,12.9236404215201,28.8587328086726,1.9423003791824,5.40906389593346,9.33261872393041,3.07907208487746,6.63149791706805,54.3887390828464,98.7271407814244,13.6316380638574
"RO415",2.17044154110774,0.155903381759888,5.15484486022258,8.39173015512017,8.92495757468737,21.0311508263838,0.936176103015164,3.94192078283967,6.70879334456101,2.19075987530287,4.67999405901703,33.5635433423265,69.6739165267031,9.62014705445744
"RO421",0.0349701979526016,0.000986563808219804,0.0497745193138632,0.125556293430972,0.149549091644121,0.369357095676723,0.00688875064778197,0.0692295169083586,0.111032733828585,0.0353332844067249,0.0722573816657505,0.647808942780227,1.07573956614702,0.148531521328593
"RO422",0,0,0,0,0,0,0,0,0,0,0,0,0,0
"RO423",0.0792724362356871,0.00472042654646161,0.215619725267054,0.79413964235878,0.881542598328315,2.24079816154276,0.0427391719964401,0.419998359388549,0.685048023874904,0.21910750173724,0.453871840138252,3.14628778952438,6.75706599299737,0.932974228374185
"RO424",0.0379430584904848,0.00200333170032793,0.101072907377351,0.30056772072522,0.34949024902322,0.884199567760208,0.0147707827813316,0.165727718901587,0.265799943760648,0.0845839302010288,0.172976088409197,1.38902475453829,2.57520018037573,0.355567846116201
"SE110",0,0,0,0,0,0,0,0,0,0,0,0,0,0
"SE121",0,0,0,0,0,0,0,0,0,0,0,0,0,0
"SE122",0,0,0,0,0,0,0,0,0,0,0,0,0,0
"SE123",0,0,0,0,0,0,0,0,0,0,0,0,0,0
"SE124",0,0,0,0,0,0,0,0,0,0,0,0,0,0
"SE125",0,0,0,0,0,0,0,0,0,0,0,0,0,0
"SE211",0,0,0,0,0,0,0,0,0,0,0,0,0,0
"SE212",0,0,0,0,0,0,0,0,0,0,0,0,0,0
"SE213",0,0,0,0,0,0,0,0,0,0,0,0,0,0
"SE214",0,0,0,0,0,0,0,0,0,0,0,0,0,0
"SE221",0,0,0,0,0,0,0,0,0,0,0,0,0,0
"SE224",0,0,0,0,0,0,0,0,0,0,0,0,0,0
"SE231",0,0,0,0,0,0,0,0,0,0,0,0,0,0
"SE232",0,0,0,0,0,0,0,0,0,0,0,0,0,0
"SE311",0,0,0,0,0,0,0,0,0,0,0,0,0,0
"SE312",0,0,0,0,0,0,0,0,0,0,0,0,0,0
"SE313",0,0,0,0,0,0,0,0,0,0,0,0,0,0
"SE321",0,0,0,0,0,0,0,0,0,0,0,0,0,0
"SE322",0,0,0,0,0,0,0,0,0,0,0,0,0,0
"SE331",0,0,0,0,0,0,0,0,0,0,0,0,0,0
"SE332",0,0,0,0,0,0,0,0,0,0,0,0,0,0
"SI011",0,0,0,0,0,0,0,0,0,0,0,0,0,0
"SI012",0,0,0,0,0,0,0,0,0,0,0,0,0,0
"SI013",0,0,0,0,0,0,0,0,0,0,0,0,0,0
"SI014",0,0,0,0,0,0,0,0,0,0,0,0,0,0
"SI015",0,0,0,0,0,0,0,0,0,0,0,0,0,0
"SI016",0,0,0,0,0,0,0,0,0,0,0,0,0,0
"SI017",0,0,0,0,0,0,0,0,0,0,0,0,0,0
"SI018",0,0,0,0,0,0,0,0,0,0,0,0,0,0
"SI021",0,0,0,0,0,0,0,0,0,0,0,0,0,0
"SI022",0,0,0,0,0,0,0,0,0,0,0,0,0,0
"SI023",0,0,0,0,0,0,0,0,0,0,0,0,0,0
"SI024",0,0,0,0,0,0,0,0,0,0,0,0,0,0
"SK010",0,0,0,0,0,0,0,0,0,0,0,0,0,0
"SK021",0,0,0,0,0,0,0,0,0,0,0,0,0,0
"SK022",0,0,0,0,0,0,0,0,0,0,0,0,0,0
"SK023",0,0,0,0,0,0,0,0,0,0,0,0,0,0
"SK031",0,0,0,0,0,0,0,0,0,0,0,0,0,0
"SK032",0,0,0,0,0,0,0,0,0,0,0,0,0,0
"SK041",0,0,0,0,0,0,0,0,0,0,0,0,0,0
"SK042",0,0,0,0,0,0,0,0,0,0,0,0,0,0
"TR100",0,0,0,0,0,0,0,0,0,0,0,0,0,0
"TR211",0.0583215146957292,0.00331624785570307,0.0959843455837387,0.648482478100787,1.57034278851528,1.67481121407326,0.159013458148839,1.18860007535005,1.14012273052873,0.226838953214291,0.161251877512905,25.6652064075152,5.84853179478947,0.335284987676661
"TR212",0.143697788317261,0.000479068354790374,0.0129812914192858,0.0763487673164854,0.18256617062233,0.192007758442112,0.0287714989727577,0.136266364969602,0.132082030948019,0.0263720248465407,0.0188966816568028,2.98380613858319,0.685373994960039,0.0392911622125074
"TR213",0.182551772544377,0.00219991453382187,0.0576880878437406,0.317173172009482,0.75386155085407,0.787538123418869,0.10449824533467,0.558909484824933,0.544391922170717,0.108896711160702,0.0783170626307066,12.3208846163151,2.84052401705245,0.162841734211171
"TR221",0,0,0,0,0,0,0,0,0,0,0,0,0,0
"TR222",0,0,0,0,0,0,0,0,0,0,0,0,0,0
"TR310",0,0,0,0,0,0,0,0,0,0,0,0,0,0
"TR321",0,0,0,0,0,0,0,0,0,0,0,0,0,0
"TR322",0,0,0,0,0,0,0,0,0,0,0,0,0,0
"TR323",0,0,0,0,0,0,0,0,0,0,0,0,0,0
"TR331",0,0,0,0,0,0,0,0,0,0,0,0,0,0
"TR332",0,0,0,0,0,0,0,0,0,0,0,0,0,0
"TR333",0,0,0,0,0,0,0,0,0,0,0,0,0,0
"TR334",0,0,0,0,0,0,0,0,0,0,0,0,0,0
"TR411",0,0,0,0,0,0,0,0,0,0,0,0,0,0
"TR412",0,0,0,0,0,0,0,0,0,0,0,0,0,0
"TR413",0,0,0,0,0,0,0,0,0,0,0,0,0,0
"TR421",0,0,0,0,0,0,0,0,0,0,0,0,0,0
"TR422",0,0,0,0,0,0,0,0,0,0,0,0,0,0
"TR423",0,0,0,0,0,0,0,0,0,0,0,0,0,0
"TR424",0,0,0,0,0,0,0,0,0,0,0,0,0,0
"TR425",0,0,0,0,0,0,0,0,0,0,0,0,0,0
"TR510",0,0,0,0,0,0,0,0,0,0,0,0,0,0
"TR521",0,0,0,0,0,0,0,0,0,0,0,0,0,0
"TR522",0,0,0,0,0,0,0,0,0,0,0,0,0,0
"TR611",0,0,0,0,0,0,0,0,0,0,0,0,0,0
"TR612",0,0,0,0,0,0,0,0,0,0,0,0,0,0
"TR613",0,0,0,0,0,0,0,0,0,0,0,0,0,0
"TR621",0,0,0,0,0,0,0,0,0,0,0,0,0,0
"TR622",0,0,0,0,0,0,0,0,0,0,0,0,0,0
"TR631",0,0,0,0,0,0,0,0,0,0,0,0,0,0
"TR632",0,0,0,0,0,0,0,0,0,0,0,0,0,0
"TR633",0,0,0,0,0,0,0,0,0,0,0,0,0,0
"TR711",0,0,0,0,0,0,0,0,0,0,0,0,0,0
"TR712",0,0,0,0,0,0,0,0,0,0,0,0,0,0
"TR713",0,0,0,0,0,0,0,0,0,0,0,0,0,0
"TR714",0,0,0,0,0,0,0,0,0,0,0,0,0,0
"TR715",0,0,0,0,0,0,0,0,0,0,0,0,0,0
"TR721",0,0,0,0,0,0,0,0,0,0,0,0,0,0
"TR722",0,0,0,0,0,0,0,0,0,0,0,0,0,0
"TR723",0,0,0,0,0,0,0,0,0,0,0,0,0,0
"TR811",0,0,0,0,0,0,0,0,0,0,0,0,0,0
"TR812",0,0,0,0,0,0,0,0,0,0,0,0,0,0
"TR813",0,0,0,0,0,0,0,0,0,0,0,0,0,0
"TR821",0,0,0,0,0,0,0,0,0,0,0,0,0,0
"TR822",0,0,0,0,0,0,0,0,0,0,0,0,0,0
"TR823",0,0,0,0,0,0,0,0,0,0,0,0,0,0
"TR831",0,0,0,0,0,0,0,0,0,0,0,0,0,0
"TR832",0,0,0,0,0,0,0,0,0,0,0,0,0,0
"TR833",0,0,0,0,0,0,0,0,0,0,0,0,0,0
"TR834",0,0,0,0,0,0,0,0,0,0,0,0,0,0
"TR901",0,0,0,0,0,0,0,0,0,0,0,0,0,0
"TR902",0,0,0,0,0,0,0,0,0,0,0,0,0,0
"TR903",0,0,0,0,0,0,0,0,0,0,0,0,0,0
"TR904",0,0,0,0,0,0,0,0,0,0,0,0,0,0
"TR905",0,0,0,0,0,0,0,0,0,0,0,0,0,0
"TR906",0,0,0,0,0,0,0,0,0,0,0,0,0,0
"TRA11",0,0,0,0,0,0,0,0,0,0,0,0,0,0
"TRA12",0,0,0,0,0,0,0,0,0,0,0,0,0,0
"TRA13",0,0,0,0,0,0,0,0,0,0,0,0,0,0
"TRA21",0,0,0,0,0,0,0,0,0,0,0,0,0,0
"TRA22",0,0,0,0,0,0,0,0,0,0,0,0,0,0
"TRA23",0,0,0,0,0,0,0,0,0,0,0,0,0,0
"TRA24",0,0,0,0,0,0,0,0,0,0,0,0,0,0
"TRB11",0,0,0,0,0,0,0,0,0,0,0,0,0,0
"TRB12",0,0,0,0,0,0,0,0,0,0,0,0,0,0
"TRB13",0,0,0,0,0,0,0,0,0,0,0,0,0,0
"TRB14",0,0,0,0,0,0,0,0,0,0,0,0,0,0
"TRB21",0,0,0,0,0,0,0,0,0,0,0,0,0,0
"TRB22",0,0,0,0,0,0,0,0,0,0,0,0,0,0
"TRB23",0,0,0,0,0,0,0,0,0,0,0,0,0,0
"TRB24",0,0,0,0,0,0,0,0,0,0,0,0,0,0
"TRC11",0,0,0,0,0,0,0,0,0,0,0,0,0,0
"TRC12",0,0,0,0,0,0,0,0,0,0,0,0,0,0
"TRC13",0,0,0,0,0,0,0,0,0,0,0,0,0,0
"TRC21",0,0,0,0,0,0,0,0,0,0,0,0,0,0
"TRC22",0,0,0,0,0,0,0,0,0,0,0,0,0,0
"TRC31",0,0,0,0,0,0,0,0,0,0,0,0,0,0
"TRC32",0,0,0,0,0,0,0,0,0,0,0,0,0,0
"TRC33",0,0,0,0,0,0,0,0,0,0,0,0,0,0
"TRC34",0,0,0,0,0,0,0,0,0,0,0,0,0,0
"UKC11",0,0,0,0,0,0,0,0,0,0,0,0,0,0
"UKC12",0,0,0,0,0,0,0,0,0,0,0,0,0,0
"UKC13",0,0,0,0,0,0,0,0,0,0,0,0,0,0
"UKC14",0,0,0,0,0,0,0,0,0,0,0,0,0,0
"UKC21",0,0,0,0,0,0,0,0,0,0,0,0,0,0
"UKC22",0,0,0,0,0,0,0,0,0,0,0,0,0,0
"UKC23",0,0,0,0,0,0,0,0,0,0,0,0,0,0
"UKD11",0,0,0,0,0,0,0,0,0,0,0,0,0,0
"UKD12",0,0,0,0,0,0,0,0,0,0,0,0,0,0
"UKD31",0,0,0,0,0,0,0,0,0,0,0,0,0,0
"UKD32",0,0,0,0,0,0,0,0,0,0,0,0,0,0
"UKD41",0,0,0,0,0,0,0,0,0,0,0,0,0,0
"UKD42",0,0,0,0,0,0,0,0,0,0,0,0,0,0
"UKD43",0,0,0,0,0,0,0,0,0,0,0,0,0,0
"UKD61",0,0,0,0,0,0,0,0,0,0,0,0,0,0
"UKD62",0,0,0,0,0,0,0,0,0,0,0,0,0,0
"UKD63",0,0,0,0,0,0,0,0,0,0,0,0,0,0
"UKD71",0,0,0,0,0,0,0,0,0,0,0,0,0,0
"UKD72",0,0,0,0,0,0,0,0,0,0,0,0,0,0
"UKD73",0,0,0,0,0,0,0,0,0,0,0,0,0,0
"UKD74",0,0,0,0,0,0,0,0,0,0,0,0,0,0
"UKE11",0,0,0,0,0,0,0,0,0,0,0,0,0,0
"UKE12",0,0,0,0,0,0,0,0,0,0,0,0,0,0
"UKE13",0,0,0,0,0,0,0,0,0,0,0,0,0,0
"UKE21",0,0,0,0,0,0,0,0,0,0,0,0,0,0
"UKE22",0,0,0,0,0,0,0,0,0,0,0,0,0,0
"UKE31",0,0,0,0,0,0,0,0,0,0,0,0,0,0
"UKE32",0,0,0,0,0,0,0,0,0,0,0,0,0,0
"UKE41",0,0,0,0,0,0,0,0,0,0,0,0,0,0
"UKE42",0,0,0,0,0,0,0,0,0,0,0,0,0,0
"UKE44",0,0,0,0,0,0,0,0,0,0,0,0,0,0
"UKE45",0,0,0,0,0,0,0,0,0,0,0,0,0,0
"UKF11",0,0,0,0,0,0,0,0,0,0,0,0,0,0
"UKF12",0,0,0,0,0,0,0,0,0,0,0,0,0,0
"UKF13",0,0,0,0,0,0,0,0,0,0,0,0,0,0
"UKF14",0,0,0,0,0,0,0,0,0,0,0,0,0,0
"UKF15",0,0,0,0,0,0,0,0,0,0,0,0,0,0
"UKF16",0,0,0,0,0,0,0,0,0,0,0,0,0,0
"UKF21",0,0,0,0,0,0,0,0,0,0,0,0,0,0
"UKF22",0,0,0,0,0,0,0,0,0,0,0,0,0,0
"UKF24",0,0,0,0,0,0,0,0,0,0,0,0,0,0
"UKF25",0,0,0,0,0,0,0,0,0,0,0,0,0,0
"UKF30",0,0,0,0,0,0,0,0,0,0,0,0,0,0
"UKG11",0,0,0,0,0,0,0,0,0,0,0,0,0,0
"UKG12",0,0,0,0,0,0,0,0,0,0,0,0,0,0
"UKG13",0,0,0,0,0,0,0,0,0,0,0,0,0,0
"UKG21",0,0,0,0,0,0,0,0,0,0,0,0,0,0
"UKG22",0,0,0,0,0,0,0,0,0,0,0,0,0,0
"UKG23",0,0,0,0,0,0,0,0,0,0,0,0,0,0
"UKG24",0,0,0,0,0,0,0,0,0,0,0,0,0,0
"UKG31",0,0,0,0,0,0,0,0,0,0,0,0,0,0
"UKG32",0,0,0,0,0,0,0,0,0,0,0,0,0,0
"UKG33",0,0,0,0,0,0,0,0,0,0,0,0,0,0
"UKG36",0,0,0,0,0,0,0,0,0,0,0,0,0,0
"UKG37",0,0,0,0,0,0,0,0,0,0,0,0,0,0
"UKG38",0,0,0,0,0,0,0,0,0,0,0,0,0,0
"UKG39",0,0,0,0,0,0,0,0,0,0,0,0,0,0
"UKH11",0,0,0,0,0,0,0,0,0,0,0,0,0,0
"UKH12",0,0,0,0,0,0,0,0,0,0,0,0,0,0
"UKH13",0,0,0,0,0,0,0,0,0,0,0,0,0,0
"UKH14",0,0,0,0,0,0,0,0,0,0,0,0,0,0
"UKH21",0,0,0,0,0,0,0,0,0,0,0,0,0,0
"UKH23",0,0,0,0,0,0,0,0,0,0,0,0,0,0
"UKH24",0,0,0,0,0,0,0,0,0,0,0,0,0,0
"UKH25",0,0,0,0,0,0,0,0,0,0,0,0,0,0
"UKH31",0,0,0,0,0,0,0,0,0,0,0,0,0,0
"UKH32",0,0,0,0,0,0,0,0,0,0,0,0,0,0
"UKH33",0,0,0,0,0,0,0,0,0,0,0,0,0,0
"UKI11",0,0,0,0,0,0,0,0,0,0,0,0,0,0
"UKI12",0,0,0,0,0,0,0,0,0,0,0,0,0,0
"UKI21",0,0,0,0,0,0,0,0,0,0,0,0,0,0
"UKI22",0,0,0,0,0,0,0,0,0,0,0,0,0,0
"UKI23",0,0,0,0,0,0,0,0,0,0,0,0,0,0
"UKJ11",0,0,0,0,0,0,0,0,0,0,0,0,0,0
"UKJ12",0,0,0,0,0,0,0,0,0,0,0,0,0,0
"UKJ13",0,0,0,0,0,0,0,0,0,0,0,0,0,0
"UKJ14",0,0,0,0,0,0,0,0,0,0,0,0,0,0
"UKJ21",0,0,0,0,0,0,0,0,0,0,0,0,0,0
"UKJ22",0,0,0,0,0,0,0,0,0,0,0,0,0,0
"UKJ23",0,0,0,0,0,0,0,0,0,0,0,0,0,0
"UKJ24",0,0,0,0,0,0,0,0,0,0,0,0,0,0
"UKJ31",0,0,0,0,0,0,0,0,0,0,0,0,0,0
"UKJ32",0,0,0,0,0,0,0,0,0,0,0,0,0,0
"UKJ33",0,0,0,0,0,0,0,0,0,0,0,0,0,0
"UKJ34",0,0,0,0,0,0,0,0,0,0,0,0,0,0
"UKJ41",0,0,0,0,0,0,0,0,0,0,0,0,0,0
"UKJ42",0,0,0,0,0,0,0,0,0,0,0,0,0,0
"UKK11",0,0,0,0,0,0,0,0,0,0,0,0,0,0
"UKK12",0,0,0,0,0,0,0,0,0,0,0,0,0,0
"UKK13",0,0,0,0,0,0,0,0,0,0,0,0,0,0
"UKK14",0,0,0,0,0,0,0,0,0,0,0,0,0,0
"UKK15",0,0,0,0,0,0,0,0,0,0,0,0,0,0
"UKK21",0,0,0,0,0,0,0,0,0,0,0,0,0,0
"UKK22",0,0,0,0,0,0,0,0,0,0,0,0,0,0
"UKK23",0,0,0,0,0,0,0,0,0,0,0,0,0,0
"UKK30",0,0,0,0,0,0,0,0,0,0,0,0,0,0
"UKK41",0,0,0,0,0,0,0,0,0,0,0,0,0,0
"UKK42",0,0,0,0,0,0,0,0,0,0,0,0,0,0
"UKK43",0,0,0,0,0,0,0,0,0,0,0,0,0,0
"UKL11",0,0,0,0,0,0,0,0,0,0,0,0,0,0
"UKL12",0,0,0,0,0,0,0,0,0,0,0,0,0,0
"UKL13",0,0,0,0,0,0,0,0,0,0,0,0,0,0
"UKL14",0,0,0,0,0,0,0,0,0,0,0,0,0,0
"UKL15",0,0,0,0,0,0,0,0,0,0,0,0,0,0
"UKL16",0,0,0,0,0,0,0,0,0,0,0,0,0,0
"UKL17",0,0,0,0,0,0,0,0,0,0,0,0,0,0
"UKL18",0,0,0,0,0,0,0,0,0,0,0,0,0,0
"UKL21",0,0,0,0,0,0,0,0,0,0,0,0,0,0
"UKL22",0,0,0,0,0,0,0,0,0,0,0,0,0,0
"UKL23",0,0,0,0,0,0,0,0,0,0,0,0,0,0
"UKL24",0,0,0,0,0,0,0,0,0,0,0,0,0,0
"UKM21",0,0,0,0,0,0,0,0,0,0,0,0,0,0
"UKM22",0,0,0,0,0,0,0,0,0,0,0,0,0,0
"UKM23",0,0,0,0,0,0,0,0,0,0,0,0,0,0
"UKM24",0,0,0,0,0,0,0,0,0,0,0,0,0,0
"UKM25",0,0,0,0,0,0,0,0,0,0,0,0,0,0
"UKM26",0,0,0,0,0,0,0,0,0,0,0,0,0,0
"UKM27",0,0,0,0,0,0,0,0,0,0,0,0,0,0
"UKM28",0,0,0,0,0,0,0,0,0,0,0,0,0,0
"UKM31",0,0,0,0,0,0,0,0,0,0,0,0,0,0
"UKM32",0,0,0,0,0,0,0,0,0,0,0,0,0,0
"UKM34",0,0,0,0,0,0,0,0,0,0,0,0,0,0
"UKM35",0,0,0,0,0,0,0,0,0,0,0,0,0,0
"UKM36",0,0,0,0,0,0,0,0,0,0,0,0,0,0
"UKM37",0,0,0,0,0,0,0,0,0,0,0,0,0,0
"UKM38",0,0,0,0,0,0,0,0,0,0,0,0,0,0
"UKM50",0,0,0,0,0,0,0,0,0,0,0,0,0,0
"UKM61",0,0,0,0,0,0,0,0,0,0,0,0,0,0
"UKM62",0,0,0,0,0,0,0,0,0,0,0,0,0,0
"UKM63",0,0,0,0,0,0,0,0,0,0,0,0,0,0
"UKM64",0,0,0,0,0,0,0,0,0,0,0,0,0,0
"UKM65",0,0,0,0,0,0,0,0,0,0,0,0,0,0
"UKM66",0,0,0,0,0,0,0,0,0,0,0,0,0,0
"UKN01",0,0,0,0,0,0,0,0,0,0,0,0,0,0
"UKN02",0,0,0,0,0,0,0,0,0,0,0,0,0,0
"UKN03",0,0,0,0,0,0,0,0,0,0,0,0,0,0
"UKN04",0,0,0,0,0,0,0,0,0,0,0,0,0,0
"UKN05",0,0,0,0,0,0,0,0,0,0,0,0,0,0
"UKM33",0,0,0,0,0,0,0,0,0,0,0,0,0,0
