"fid4","agr","coa.oil.gas","pro","ely.elc","ser","air.wtp.tran"
"68",0,0,0,0,0,0
"69",0,0,0,0,0,0
"70",0,0,0,0,0,0
"71",0,0,0,0,0,0
"72",0,0,0,0,0,0
"73",0,0,0,0,0,0
"74",0,0,0,0,0,0
"263",0,0,0,0,0,0
"264",0,0,0,0,0,0
"265",0,0,0,0,0,0
"1627",0.00529376076769268,0.000557211173029712,0.0141705513497633,0.0193875781168323,0.025388913646627,0.00335819330509945
"1628",0.0100427515171602,0.00122232879293799,0.0187705998340738,0.0316913395844193,0.0421444138903096,0.00661742171063674
"1629",0.00859961297259775,0.00100999414177984,0.0270262845526574,0.0281252309194345,0.035787939092966,0.00561492309211164
"1630",0.00376651397517952,0.000367802045788732,0.0067646613055588,0.0149523409676363,0.0212493509109763,0.00234127424707782
"1631",0.00529376076769268,0.000557211173029712,0.0215788091956052,0.0193875781168324,0.0248058860615698,0.00335819330509945
"1632",0.0238384159174707,0.00356028993721811,0.0490757687377069,0.0618212384801079,0.0773560094129435,0.0165076833772667
"1633",0.0156905007173447,0.00211982410835168,0.0408554631117275,0.0447196847941408,0.056196222063916,0.0106107880594499
"1634",0.0272396087771854,0.00420268901297909,0.0658983170761791,0.0685545792647488,0.0833336729463553,0.0190031795072271
"1635",0.00624386289528032,0.0006819429733919,0.0193805288096589,0.0219985262392591,0.0283909366626643,0.00400007621218707
"1636",0.00859961297259775,0.00100999414177984,0.0185117282586935,0.0281252309194345,0.0387483959200317,0.00561492309211166
"1637",0.0135648158004046,0.00177077699718222,0.0319937716484001,0.0399612308100381,0.0504716125745719,0.00909650098659808
"1638",0.00624386289528032,0.000681942973391897,0.0212461484435473,0.0219985262392591,0.0283293821075172,0.00400007621218705
"1639",0.00624386289528031,0.000681942973391903,0.017787215188617,0.0219985262392591,0.0281469490855332,0.00400007621218706
"1640",0.00859961297259775,0.00100999414177984,0.0240229160254861,0.0281252309194345,0.0358672673964002,0.00561492309211165
"1641",0.00624386289528032,0.000681942973391902,0.0142013543466733,0.0219985262392591,0.0285975286287126,0.00400007621218705
"1642",0.00733981830848762,0.000831463847446917,0.0188159975274221,0.0249028434910931,0.0315641376784936,0.00474761684621303
"1643",0.0238384159174708,0.00356028993721811,0.0442070104329828,0.0618212384801077,0.0758344567547757,0.0165076833772666
"1644",0.00859961297259776,0.00100999414177985,0.0286632137003254,0.0281252309194345,0.0357449758022691,0.00561492309211165
"1645",0.0135648158004046,0.00177077699718221,0.0294045985945121,0.039961230810038,0.0513313341369251,0.00909650098659812
"1646",0.0156905007173448,0.0021198241083517,0.0456159916773814,0.0447196847941407,0.0557359657677891,0.0106107880594499
"1647",0.0310339556734192,0.00494410063424886,0.0680345164747658,0.0758477222428077,0.0937249274548674,0.0218058835319137
"1648",0.0116902838655121,0.00147388943400051,0.0337239888483434,0.0356276352382629,0.0464382044477447,0.00777189438080602
"1649",0.0272396087771854,0.00420268901297908,0.0632175648029386,0.0685545792647486,0.0838263786267593,0.0190031795072271
"1650",0.0272396087771854,0.00420268901297908,0.0522037722397112,0.0685545792647488,0.0847641787302534,0.0190031795072271
"1651",0.00529376076769269,0.000557211173029712,0.00999246983470876,0.0193875781168323,0.0247747895612603,0.00335819330509946
"1652",0.00859961297259775,0.00100999414177984,0.0323064057913234,0.0281252309194344,0.0367119198406312,0.00561492309211165
"1653",0.0116902838655121,0.00147388943400052,0.0366051251236459,0.0356276352382629,0.0451816273460077,0.00777189438080602
"1654",0.00529376076769269,0.000557211173029712,0.0138762969276438,0.0193875781168323,0.0251604434850584,0.00335819330509945
"1655",0.0135648158004046,0.00177077699718222,0.0368268809737075,0.039961230810038,0.0501973687115269,0.0090965009865981
"1656",0.00529376076769268,0.000557211173029713,0.0200181296084947,0.0193875781168323,0.0249871905284141,0.00335819330509945
"1657",0.00624386289528032,0.000681942973391904,0.0146806453380227,0.0219985262392591,0.0284912474103274,0.00400007621218706
"1658",0.00376651397517952,0.000367802045788731,0.0145425627682011,0.0149523409676363,0.0194753393265916,0.00234127424707784
"1659",0.0156905007173447,0.00211982410835169,0.0448177258760741,0.0447196847941406,0.0572656605865598,0.0106107880594499
"1660",0.0116902838655121,0.00147388943400051,0.0392488048799242,0.0356276352382628,0.0452512487631807,0.00777189438080602
"1661",0.0116902838655121,0.00147388943400051,0.0380145134784489,0.0356276352382629,0.0447678840555745,0.00777189438080602
"1662",0.00447300450130096,0.00045357169734216,0.00804538954782999,0.0170463535853415,0.0241003546445161,0.00280913236181266
"1663",0.0310339556734192,0.00494410063424889,0.0528012767644191,0.0758477222428078,0.0946004685022476,0.0218058835319137
"3264",0,0,0,0,0,0
"3265",0,0,0,0,0,0
"3266",0,0,0,0,0,0
"3267",0,0,0,0,0,0
"3268",0,0,0,0,0,0
"3269",0,0,0,0,0,0
"3270",0,0,0,0,0,0
"AL011",0,0,0,0,0,0
"AL012",0,0,0,0,0,0
"AL013",0,0,0,0,0,0
"AL014",0,0,0,0,0,0
"AL015",0,0,0,0,0,0
"AL021",0,0,0,0,0,0
"AL022",0,0,0,0,0,0
"AL031",0,0,0,0,0,0
"AL032",0,0,0,0,0,0
"AL033",0,0,0,0,0,0
"AL034",0,0,0,0,0,0
"AL035",0,0,0,0,0,0
"RS110",0,0,0,0,0,0
"RS121",0,0,0,0,0,0
"RS122",1.80893901740498e-05,8.5516479391662e-07,8.19395979139781e-05,0.000183069506444985,0.000275365646067758,9.10227257313597e-06
"RS123",0,0,0,0,0,0
"RS124",0,0,0,0,0,0
"RS125",0,0,0,0,0,0
"RS126",7.08139954297706e-06,3.20953143470736e-07,2.28359962336951e-05,7.6370480408872e-05,0.000114711077169152,3.51816714611329e-06
"RS127",0,0,0,0,0,0
"RS211",0,0,0,0,0,0
"RS212",0,0,0,0,0,0
"RS213",0,0,0,0,0,0
"RS214",0,0,0,0,0,0
"RS215",1.80893901740499e-05,8.55164793916623e-07,0.000102838668579898,0.000183069506444984,0.000267687504507672,9.10227257313595e-06
"RS216",1.80893901740499e-05,8.55164793916623e-07,0.000101931461494864,0.000183069506444985,0.000268411738819939,9.10227257313598e-06
"RS217",0,0,0,0,0,0
"RS218",7.08139954297707e-06,3.20953143470736e-07,3.2985889449662e-05,7.63704804088716e-05,0.000114093694691589,3.51816714611329e-06
"RS221",0.000202404286555913,1.17853895733496e-05,0.000956443414432401,0.00151817939232228,0.00217886676044009,0.000108416919152121
"RS222",1.80893901740499e-05,8.55164793916624e-07,0.000146385732274711,0.000183069506444985,0.000270981996991046,9.10227257313597e-06
"RS223",5.82958722948796e-05,2.99689923239752e-06,0.000381848721608554,0.000521421858657232,0.000755573195506179,3.00835553706999e-05
"RS224",1.80893901740498e-05,8.55164793916622e-07,0.000116427000967694,0.000183069506444985,0.000267541298915253,9.10227257313597e-06
"RS225",1.80893901740498e-05,8.55164793916626e-07,0.000110629211296379,0.000183069506444985,0.000273996060601877,9.10227257313597e-06
"RS226",5.82958722948795e-05,2.99689923239751e-06,0.000271598207502958,0.000521421858657231,0.000756266002177331,3.00835553706999e-05
"RS227",7.08139954297707e-06,3.20953143470735e-07,2.50083671315017e-05,7.6370480408872e-05,0.000113285427613,3.51816714611328e-06
"RS228",0,0,0,0,0,0
"RS229",7.08139954297706e-06,3.20953143470735e-07,6.10981084539399e-05,7.63704804088721e-05,0.00011131257351901,3.51816714611328e-06
"AT111",0,0,0,0,0,0
"AT112",0,0,0,0,0,0
"AT113",0,0,0,0,0,0
"AT121",0,0,0,0,0,0
"AT122",0,0,0,0,0,0
"AT123",0,0,0,0,0,0
"AT124",0,0,0,0,0,0
"AT125",0,0,0,0,0,0
"AT126",0,0,0,0,0,0
"AT127",0,0,0,0,0,0
"AT130",0,0,0,0,0,0
"AT211",0,0,0,0,0,0
"AT212",0,0,0,0,0,0
"AT213",0,0,0,0,0,0
"AT221",0,0,0,0,0,0
"AT222",0,0,0,0,0,0
"AT223",0,0,0,0,0,0
"AT224",0,0,0,0,0,0
"AT225",0,0,0,0,0,0
"AT226",0,0,0,0,0,0
"AT311",0,0,0,0,0,0
"AT312",0,0,0,0,0,0
"AT313",0,0,0,0,0,0
"AT314",0,0,0,0,0,0
"AT315",0,0,0,0,0,0
"AT321",0,0,0,0,0,0
"AT322",0,0,0,0,0,0
"AT323",0,0,0,0,0,0
"AT331",0,0,0,0,0,0
"AT332",0,0,0,0,0,0
"AT333",0,0,0,0,0,0
"AT334",0,0,0,0,0,0
"AT335",0,0,0,0,0,0
"AT341",0,0,0,0,0,0
"AT342",0,0,0,0,0,0
"BE100",0,0,0,0,0,0
"BE211",0,0,0,0,0,0
"BE212",0,0,0,0,0,0
"BE213",0,0,0,0,0,0
"BE221",0,0,0,0,0,0
"BE222",0,0,0,0,0,0
"BE223",0,0,0,0,0,0
"BE231",0,0,0,0,0,0
"BE232",0,0,0,0,0,0
"BE233",0,0,0,0,0,0
"BE234",0,0,0,0,0,0
"BE235",0,0,0,0,0,0
"BE236",0,0,0,0,0,0
"BE241",0,0,0,0,0,0
"BE242",0,0,0,0,0,0
"BE251",0,0,0,0,0,0
"BE252",0,0,0,0,0,0
"BE253",0,0,0,0,0,0
"BE254",0,0,0,0,0,0
"BE255",0,0,0,0,0,0
"BE256",0,0,0,0,0,0
"BE257",0,0,0,0,0,0
"BE258",0,0,0,0,0,0
"BE310",0,0,0,0,0,0
"BE321",0,0,0,0,0,0
"BE322",0,0,0,0,0,0
"BE323",0,0,0,0,0,0
"BE324",0,0,0,0,0,0
"BE325",0,0,0,0,0,0
"BE326",0,0,0,0,0,0
"BE327",0,0,0,0,0,0
"BE331",0,0,0,0,0,0
"BE332",0,0,0,0,0,0
"BE334",0,0,0,0,0,0
"BE335",0,0,0,0,0,0
"BE336",0,0,0,0,0,0
"BE341",0,0,0,0,0,0
"BE342",0,0,0,0,0,0
"BE343",0,0,0,0,0,0
"BE344",0,0,0,0,0,0
"BE345",0,0,0,0,0,0
"BE351",0,0,0,0,0,0
"BE352",0,0,0,0,0,0
"BE353",0,0,0,0,0,0
"BG311",0.000402770532096576,2.54601052029289e-05,0.00144593814985231,0.00270322620536015,0.00391627036489518,0.000221065516979661
"BG312",0.00083682824355526,5.97449539416933e-05,0.00163483825716932,0.00479790229198707,0.00677391156962923,0.000476005040860924
"BG313",0.00151205404112793,0.000121668641987058,0.00182792697912743,0.00748703665220852,0.0102800119265776,0.000890291122105691
"BG314",0.00624386289528033,0.000681942973391904,0.00942610488037829,0.0219985262392591,0.0295829794366411,0.00400007621218705
"BG315",0.0031605762059456,0.000297106699763199,0.00438293306238528,0.0130842165141536,0.0178186017700953,0.00194415409452377
"BG321",0.00733981830848761,0.000831463847446917,0.0105272295129911,0.0249028434910931,0.0333250602104648,0.00474761684621304
"BG322",0.00220193493810899,0.000191625457019224,0.00269949353407989,0.00994645435750667,0.0136072308677444,0.001325631268938
"BG323",0.0207994766091921,0.00300569250330038,0.0221434280195351,0.0556221720544088,0.0714255233648496,0.0142934529311755
"BG324",0.0180930096601273,0.00252864648848715,0.0209448094203429,0.0499307642681523,0.0643622549286314,0.0123356802756977
"BG325",0.0207994766091922,0.00300569250330038,0.0305585926020933,0.0556221720544088,0.0716443908812526,0.0142934529311756
"BG331",0.00529376076769267,0.000557211173029711,0.00920985310950556,0.0193875781168323,0.0263524331555642,0.00335819330509945
"BG332",0.00733981830848761,0.000831463847446917,0.011480827913132,0.0249028434910931,0.0332691114596935,0.00474761684621304
"BG333",0.00859961297259776,0.00100999414177984,0.0107998597261902,0.0281252309194344,0.0372152972111833,0.00561492309211165
"BG334",0.00733981830848761,0.000831463847446917,0.0101042137864469,0.0249028434910929,0.0331883945272134,0.00474761684621304
"BG341",0.00220193493810899,0.000191625457019224,0.0045453698969428,0.00994645435750668,0.0138515502059878,0.001325631268938
"BG342",0.00264277824465045,0.000239072289151836,0.00439210909446993,0.0114218770918979,0.0157165350190456,0.00160839383980694
"BG343",0.002201934938109,0.000191625457019223,0.00352887868371186,0.00994645435750673,0.0136991458889442,0.001325631268938
"BG344",0.00182801317256378,0.000152993606794062,0.00203287144552872,0.00864031314955354,0.011787407326813,0.00108844705771266
"BG411",0.000202404286555912,1.17853895733495e-05,0.000995567313137121,0.00151817939232228,0.00224984985197057,0.00010841691915212
"BG412",0.000288347474374547,1.74952480595984e-05,0.000397028164135385,0.00204461593103081,0.00290458446775577,0.000156353945958138
"BG413",3.45141760181671e-05,1.70161418517435e-06,0.000124139062927207,0.000328173346915216,0.000492419656295068,1.75882281472526e-05
"BG414",3.45141760181672e-05,1.70161418517436e-06,0.000106721695458728,0.000328173346915213,0.000491577242693917,1.75882281472526e-05
"BG415",1.80893901740498e-05,8.55164793916624e-07,6.13772605731306e-05,0.000183069506444985,0.000275618306809272,9.10227257313597e-06
"BG421",0.000836828243555262,5.97449539416933e-05,0.00148039593626493,0.00479790229198706,0.00679894821092184,0.000476005040860922
"BG422",0.00102308757904532,7.60331553607928e-05,0.0021067875197801,0.00557933905490879,0.00788116346037067,0.000588772327314869
"BG423",0.000553481577529051,3.64433822706049e-05,0.000940186627464185,0.00352040317234464,0.00500820996641437,0.00030746048103934
"BG424",5.82958722948795e-05,2.99689923239752e-06,0.000135824568176219,0.000521421858657231,0.000769836380177216,3.00835553707e-05
"BG425",0.000288347474374548,1.74952480595983e-05,0.000532983867978114,0.00204461593103081,0.00293440168262035,0.000156353945958139
"CH011",0,0,0,0,0,0
"CH012",0,0,0,0,0,0
"CH013",0,0,0,0,0,0
"CH021",0,0,0,0,0,0
"CH022",0,0,0,0,0,0
"CH023",0,0,0,0,0,0
"CH024",0,0,0,0,0,0
"CH025",0,0,0,0,0,0
"CH031",0,0,0,0,0,0
"CH032",0,0,0,0,0,0
"CH033",0,0,0,0,0,0
"CH040",0,0,0,0,0,0
"CH051",0,0,0,0,0,0
"CH052",0,0,0,0,0,0
"CH053",0,0,0,0,0,0
"CH054",0,0,0,0,0,0
"CH055",0,0,0,0,0,0
"CH056",0,0,0,0,0,0
"CH057",0,0,0,0,0,0
"CH061",0,0,0,0,0,0
"CH062",0,0,0,0,0,0
"CH063",0,0,0,0,0,0
"CH064",0,0,0,0,0,0
"CH065",0,0,0,0,0,0
"CH066",0,0,0,0,0,0
"CH070",0,0,0,0,0,0
"CY000",0,0,0,0,0,0
"CZ010",0,0,0,0,0,0
"CZ020",0,0,0,0,0,0
"CZ031",0,0,0,0,0,0
"CZ032",0,0,0,0,0,0
"CZ041",0,0,0,0,0,0
"CZ042",0,0,0,0,0,0
"CZ051",0,0,0,0,0,0
"CZ052",0,0,0,0,0,0
"CZ053",0,0,0,0,0,0
"CZ063",0,0,0,0,0,0
"CZ064",0,0,0,0,0,0
"CZ071",0,0,0,0,0,0
"CZ072",0,0,0,0,0,0
"CZ080",0,0,0,0,0,0
"DE111",0,0,0,0,0,0
"DE112",0,0,0,0,0,0
"DE113",0,0,0,0,0,0
"DE114",0,0,0,0,0,0
"DE115",0,0,0,0,0,0
"DE116",0,0,0,0,0,0
"DE117",0,0,0,0,0,0
"DE118",0,0,0,0,0,0
"DE119",0,0,0,0,0,0
"DE11A",0,0,0,0,0,0
"DE11B",0,0,0,0,0,0
"DE11C",0,0,0,0,0,0
"DE11D",0,0,0,0,0,0
"DE121",0,0,0,0,0,0
"DE122",0,0,0,0,0,0
"DE123",0,0,0,0,0,0
"DE124",0,0,0,0,0,0
"DE125",0,0,0,0,0,0
"DE126",0,0,0,0,0,0
"DE127",0,0,0,0,0,0
"DE128",0,0,0,0,0,0
"DE129",0,0,0,0,0,0
"DE12A",0,0,0,0,0,0
"DE12B",0,0,0,0,0,0
"DE12C",0,0,0,0,0,0
"DE131",0,0,0,0,0,0
"DE132",0,0,0,0,0,0
"DE133",0,0,0,0,0,0
"DE134",0,0,0,0,0,0
"DE135",0,0,0,0,0,0
"DE136",0,0,0,0,0,0
"DE137",0,0,0,0,0,0
"DE138",0,0,0,0,0,0
"DE139",0,0,0,0,0,0
"DE13A",0,0,0,0,0,0
"DE141",0,0,0,0,0,0
"DE142",0,0,0,0,0,0
"DE143",0,0,0,0,0,0
"DE144",0,0,0,0,0,0
"DE145",0,0,0,0,0,0
"DE146",0,0,0,0,0,0
"DE147",0,0,0,0,0,0
"DE148",0,0,0,0,0,0
"DE149",0,0,0,0,0,0
"DE211",0,0,0,0,0,0
"DE212",0,0,0,0,0,0
"DE213",0,0,0,0,0,0
"DE214",0,0,0,0,0,0
"DE215",0,0,0,0,0,0
"DE216",0,0,0,0,0,0
"DE217",0,0,0,0,0,0
"DE218",0,0,0,0,0,0
"DE219",0,0,0,0,0,0
"DE21A",0,0,0,0,0,0
"DE21B",0,0,0,0,0,0
"DE21C",0,0,0,0,0,0
"DE21D",0,0,0,0,0,0
"DE21E",0,0,0,0,0,0
"DE21F",0,0,0,0,0,0
"DE21G",0,0,0,0,0,0
"DE21H",0,0,0,0,0,0
"DE21I",0,0,0,0,0,0
"DE21J",0,0,0,0,0,0
"DE21K",0,0,0,0,0,0
"DE21L",0,0,0,0,0,0
"DE21M",0,0,0,0,0,0
"DE21N",0,0,0,0,0,0
"DE221",0,0,0,0,0,0
"DE222",0,0,0,0,0,0
"DE223",0,0,0,0,0,0
"DE224",0,0,0,0,0,0
"DE225",0,0,0,0,0,0
"DE226",0,0,0,0,0,0
"DE227",0,0,0,0,0,0
"DE228",0,0,0,0,0,0
"DE229",0,0,0,0,0,0
"DE22A",0,0,0,0,0,0
"DE22B",0,0,0,0,0,0
"DE22C",0,0,0,0,0,0
"DE231",0,0,0,0,0,0
"DE232",0,0,0,0,0,0
"DE233",0,0,0,0,0,0
"DE234",0,0,0,0,0,0
"DE235",0,0,0,0,0,0
"DE236",0,0,0,0,0,0
"DE237",0,0,0,0,0,0
"DE238",0,0,0,0,0,0
"DE239",0,0,0,0,0,0
"DE23A",0,0,0,0,0,0
"DE241",0,0,0,0,0,0
"DE242",0,0,0,0,0,0
"DE243",0,0,0,0,0,0
"DE244",0,0,0,0,0,0
"DE245",0,0,0,0,0,0
"DE246",0,0,0,0,0,0
"DE247",0,0,0,0,0,0
"DE248",0,0,0,0,0,0
"DE249",0,0,0,0,0,0
"DE24A",0,0,0,0,0,0
"DE24B",0,0,0,0,0,0
"DE24C",0,0,0,0,0,0
"DE24D",0,0,0,0,0,0
"DE251",0,0,0,0,0,0
"DE252",0,0,0,0,0,0
"DE253",0,0,0,0,0,0
"DE254",0,0,0,0,0,0
"DE255",0,0,0,0,0,0
"DE256",0,0,0,0,0,0
"DE257",0,0,0,0,0,0
"DE258",0,0,0,0,0,0
"DE259",0,0,0,0,0,0
"DE25A",0,0,0,0,0,0
"DE25B",0,0,0,0,0,0
"DE25C",0,0,0,0,0,0
"DE261",0,0,0,0,0,0
"DE262",0,0,0,0,0,0
"DE263",0,0,0,0,0,0
"DE264",0,0,0,0,0,0
"DE265",0,0,0,0,0,0
"DE266",0,0,0,0,0,0
"DE267",0,0,0,0,0,0
"DE268",0,0,0,0,0,0
"DE269",0,0,0,0,0,0
"DE26A",0,0,0,0,0,0
"DE26B",0,0,0,0,0,0
"DE26C",0,0,0,0,0,0
"DE271",0,0,0,0,0,0
"DE272",0,0,0,0,0,0
"DE273",0,0,0,0,0,0
"DE274",0,0,0,0,0,0
"DE275",0,0,0,0,0,0
"DE276",0,0,0,0,0,0
"DE277",0,0,0,0,0,0
"DE278",0,0,0,0,0,0
"DE279",0,0,0,0,0,0
"DE27A",0,0,0,0,0,0
"DE27B",0,0,0,0,0,0
"DE27C",0,0,0,0,0,0
"DE27D",0,0,0,0,0,0
"DE27E",0,0,0,0,0,0
"DE300",0,0,0,0,0,0
"DE401",0,0,0,0,0,0
"DE402",0,0,0,0,0,0
"DE403",0,0,0,0,0,0
"DE404",0,0,0,0,0,0
"DE405",0,0,0,0,0,0
"DE406",0,0,0,0,0,0
"DE407",0,0,0,0,0,0
"DE408",0,0,0,0,0,0
"DE409",0,0,0,0,0,0
"DE40A",0,0,0,0,0,0
"DE40B",0,0,0,0,0,0
"DE40C",0,0,0,0,0,0
"DE40D",0,0,0,0,0,0
"DE40E",0,0,0,0,0,0
"DE40F",0,0,0,0,0,0
"DE40G",0,0,0,0,0,0
"DE40H",0,0,0,0,0,0
"DE40I",0,0,0,0,0,0
"DE501",0,0,0,0,0,0
"DE502",0,0,0,0,0,0
"DE600",0,0,0,0,0,0
"DE711",0,0,0,0,0,0
"DE712",0,0,0,0,0,0
"DE713",0,0,0,0,0,0
"DE714",0,0,0,0,0,0
"DE715",0,0,0,0,0,0
"DE716",0,0,0,0,0,0
"DE717",0,0,0,0,0,0
"DE718",0,0,0,0,0,0
"DE719",0,0,0,0,0,0
"DE71A",0,0,0,0,0,0
"DE71B",0,0,0,0,0,0
"DE71C",0,0,0,0,0,0
"DE71D",0,0,0,0,0,0
"DE71E",0,0,0,0,0,0
"DE721",0,0,0,0,0,0
"DE722",0,0,0,0,0,0
"DE723",0,0,0,0,0,0
"DE724",0,0,0,0,0,0
"DE725",0,0,0,0,0,0
"DE731",0,0,0,0,0,0
"DE732",0,0,0,0,0,0
"DE733",0,0,0,0,0,0
"DE734",0,0,0,0,0,0
"DE735",0,0,0,0,0,0
"DE736",0,0,0,0,0,0
"DE737",0,0,0,0,0,0
"DE801",0,0,0,0,0,0
"DE802",0,0,0,0,0,0
"DE803",0,0,0,0,0,0
"DE804",0,0,0,0,0,0
"DE805",0,0,0,0,0,0
"DE806",0,0,0,0,0,0
"DE807",0,0,0,0,0,0
"DE808",0,0,0,0,0,0
"DE809",0,0,0,0,0,0
"DE80A",0,0,0,0,0,0
"DE80B",0,0,0,0,0,0
"DE80C",0,0,0,0,0,0
"DE80D",0,0,0,0,0,0
"DE80E",0,0,0,0,0,0
"DE80F",0,0,0,0,0,0
"DE80G",0,0,0,0,0,0
"DE80H",0,0,0,0,0,0
"DE80I",0,0,0,0,0,0
"DE911",0,0,0,0,0,0
"DE912",0,0,0,0,0,0
"DE913",0,0,0,0,0,0
"DE914",0,0,0,0,0,0
"DE915",0,0,0,0,0,0
"DE916",0,0,0,0,0,0
"DE917",0,0,0,0,0,0
"DE918",0,0,0,0,0,0
"DE919",0,0,0,0,0,0
"DE91A",0,0,0,0,0,0
"DE91B",0,0,0,0,0,0
"DE922",0,0,0,0,0,0
"DE923",0,0,0,0,0,0
"DE925",0,0,0,0,0,0
"DE926",0,0,0,0,0,0
"DE927",0,0,0,0,0,0
"DE928",0,0,0,0,0,0
"DE929",0,0,0,0,0,0
"DE931",0,0,0,0,0,0
"DE932",0,0,0,0,0,0
"DE933",0,0,0,0,0,0
"DE934",0,0,0,0,0,0
"DE935",0,0,0,0,0,0
"DE936",0,0,0,0,0,0
"DE937",0,0,0,0,0,0
"DE938",0,0,0,0,0,0
"DE939",0,0,0,0,0,0
"DE93A",0,0,0,0,0,0
"DE93B",0,0,0,0,0,0
"DE941",0,0,0,0,0,0
"DE942",0,0,0,0,0,0
"DE943",0,0,0,0,0,0
"DE944",0,0,0,0,0,0
"DE945",0,0,0,0,0,0
"DE946",0,0,0,0,0,0
"DE947",0,0,0,0,0,0
"DE948",0,0,0,0,0,0
"DE949",0,0,0,0,0,0
"DE94A",0,0,0,0,0,0
"DE94B",0,0,0,0,0,0
"DE94C",0,0,0,0,0,0
"DE94D",0,0,0,0,0,0
"DE94E",0,0,0,0,0,0
"DE94F",0,0,0,0,0,0
"DE94G",0,0,0,0,0,0
"DE94H",0,0,0,0,0,0
"DEA11",0,0,0,0,0,0
"DEA12",0,0,0,0,0,0
"DEA13",0,0,0,0,0,0
"DEA14",0,0,0,0,0,0
"DEA15",0,0,0,0,0,0
"DEA16",0,0,0,0,0,0
"DEA17",0,0,0,0,0,0
"DEA18",0,0,0,0,0,0
"DEA19",0,0,0,0,0,0
"DEA1A",0,0,0,0,0,0
"DEA1B",0,0,0,0,0,0
"DEA1C",0,0,0,0,0,0
"DEA1D",0,0,0,0,0,0
"DEA1E",0,0,0,0,0,0
"DEA1F",0,0,0,0,0,0
"DEA22",0,0,0,0,0,0
"DEA23",0,0,0,0,0,0
"DEA24",0,0,0,0,0,0
"DEA26",0,0,0,0,0,0
"DEA27",0,0,0,0,0,0
"DEA28",0,0,0,0,0,0
"DEA29",0,0,0,0,0,0
"DEA2A",0,0,0,0,0,0
"DEA2B",0,0,0,0,0,0
"DEA2C",0,0,0,0,0,0
"DEA2D",0,0,0,0,0,0
"DEA31",0,0,0,0,0,0
"DEA32",0,0,0,0,0,0
"DEA33",0,0,0,0,0,0
"DEA34",0,0,0,0,0,0
"DEA35",0,0,0,0,0,0
"DEA36",0,0,0,0,0,0
"DEA37",0,0,0,0,0,0
"DEA38",0,0,0,0,0,0
"DEA41",0,0,0,0,0,0
"DEA42",0,0,0,0,0,0
"DEA43",0,0,0,0,0,0
"DEA44",0,0,0,0,0,0
"DEA45",0,0,0,0,0,0
"DEA46",0,0,0,0,0,0
"DEA47",0,0,0,0,0,0
"DEA51",0,0,0,0,0,0
"DEA52",0,0,0,0,0,0
"DEA53",0,0,0,0,0,0
"DEA54",0,0,0,0,0,0
"DEA55",0,0,0,0,0,0
"DEA56",0,0,0,0,0,0
"DEA57",0,0,0,0,0,0
"DEA58",0,0,0,0,0,0
"DEA59",0,0,0,0,0,0
"DEA5A",0,0,0,0,0,0
"DEA5B",0,0,0,0,0,0
"DEA5C",0,0,0,0,0,0
"DEB11",0,0,0,0,0,0
"DEB12",0,0,0,0,0,0
"DEB13",0,0,0,0,0,0
"DEB14",0,0,0,0,0,0
"DEB15",0,0,0,0,0,0
"DEB16",0,0,0,0,0,0
"DEB17",0,0,0,0,0,0
"DEB18",0,0,0,0,0,0
"DEB19",0,0,0,0,0,0
"DEB1A",0,0,0,0,0,0
"DEB1B",0,0,0,0,0,0
"DEB21",0,0,0,0,0,0
"DEB22",0,0,0,0,0,0
"DEB23",0,0,0,0,0,0
"DEB24",0,0,0,0,0,0
"DEB25",0,0,0,0,0,0
"DEB31",0,0,0,0,0,0
"DEB32",0,0,0,0,0,0
"DEB33",0,0,0,0,0,0
"DEB34",0,0,0,0,0,0
"DEB35",0,0,0,0,0,0
"DEB36",0,0,0,0,0,0
"DEB37",0,0,0,0,0,0
"DEB38",0,0,0,0,0,0
"DEB39",0,0,0,0,0,0
"DEB3A",0,0,0,0,0,0
"DEB3B",0,0,0,0,0,0
"DEB3C",0,0,0,0,0,0
"DEB3D",0,0,0,0,0,0
"DEB3E",0,0,0,0,0,0
"DEB3F",0,0,0,0,0,0
"DEB3G",0,0,0,0,0,0
"DEB3H",0,0,0,0,0,0
"DEB3I",0,0,0,0,0,0
"DEB3J",0,0,0,0,0,0
"DEB3K",0,0,0,0,0,0
"DEC01",0,0,0,0,0,0
"DEC02",0,0,0,0,0,0
"DEC03",0,0,0,0,0,0
"DEC04",0,0,0,0,0,0
"DEC05",0,0,0,0,0,0
"DEC06",0,0,0,0,0,0
"DED21",0,0,0,0,0,0
"DED2C",0,0,0,0,0,0
"DED2D",0,0,0,0,0,0
"DED2E",0,0,0,0,0,0
"DED2F",0,0,0,0,0,0
"DED41",0,0,0,0,0,0
"DED42",0,0,0,0,0,0
"DED43",0,0,0,0,0,0
"DED44",0,0,0,0,0,0
"DED45",0,0,0,0,0,0
"DED51",0,0,0,0,0,0
"DED52",0,0,0,0,0,0
"DED53",0,0,0,0,0,0
"DEE01",0,0,0,0,0,0
"DEE02",0,0,0,0,0,0
"DEE03",0,0,0,0,0,0
"DEE04",0,0,0,0,0,0
"DEE05",0,0,0,0,0,0
"DEE06",0,0,0,0,0,0
"DEE07",0,0,0,0,0,0
"DEE08",0,0,0,0,0,0
"DEE09",0,0,0,0,0,0
"DEE0A",0,0,0,0,0,0
"DEE0B",0,0,0,0,0,0
"DEE0C",0,0,0,0,0,0
"DEE0D",0,0,0,0,0,0
"DEE0E",0,0,0,0,0,0
"DEF01",0,0,0,0,0,0
"DEF02",0,0,0,0,0,0
"DEF03",0,0,0,0,0,0
"DEF04",0,0,0,0,0,0
"DEF05",0,0,0,0,0,0
"DEF06",0,0,0,0,0,0
"DEF07",0,0,0,0,0,0
"DEF08",0,0,0,0,0,0
"DEF09",0,0,0,0,0,0
"DEF0A",0,0,0,0,0,0
"DEF0B",0,0,0,0,0,0
"DEF0C",0,0,0,0,0,0
"DEF0D",0,0,0,0,0,0
"DEF0E",0,0,0,0,0,0
"DEF0F",0,0,0,0,0,0
"DEG01",0,0,0,0,0,0
"DEG02",0,0,0,0,0,0
"DEG03",0,0,0,0,0,0
"DEG04",0,0,0,0,0,0
"DEG05",0,0,0,0,0,0
"DEG06",0,0,0,0,0,0
"DEG07",0,0,0,0,0,0
"DEG09",0,0,0,0,0,0
"DEG0A",0,0,0,0,0,0
"DEG0B",0,0,0,0,0,0
"DEG0C",0,0,0,0,0,0
"DEG0D",0,0,0,0,0,0
"DEG0E",0,0,0,0,0,0
"DEG0F",0,0,0,0,0,0
"DEG0G",0,0,0,0,0,0
"DEG0H",0,0,0,0,0,0
"DEG0I",0,0,0,0,0,0
"DEG0J",0,0,0,0,0,0
"DEG0K",0,0,0,0,0,0
"DEG0L",0,0,0,0,0,0
"DEG0M",0,0,0,0,0,0
"DEG0N",0,0,0,0,0,0
"DEG0P",0,0,0,0,0,0
"DK011",0,0,0,0,0,0
"DK012",0,0,0,0,0,0
"DK013",0,0,0,0,0,0
"DK014",0,0,0,0,0,0
"DK021",0,0,0,0,0,0
"DK022",0,0,0,0,0,0
"DK031",0,0,0,0,0,0
"DK032",0,0,0,0,0,0
"DK041",0,0,0,0,0,0
"DK042",0,0,0,0,0,0
"DK050",0,0,0,0,0,0
"EE001",0,0,0,0,0,0
"EE004",0,0,0,0,0,0
"EE006",0,0,0,0,0,0
"EE007",0,0,0,0,0,0
"EE008",0,0,0,0,0,0
"EL111",0.000402770532096577,2.5460105202929e-05,0.00179542590908809,0.00270322620536015,0.00395467864752884,0.000221065516979661
"EL112",9.1934976542632e-05,4.92739178843155e-06,0.000399664094643105,0.000774484242209321,0.00115405180343553,4.80401993315024e-05
"EL113",9.1934976542632e-05,4.92739178843153e-06,0.00029344174902213,0.000774484242209327,0.00114529379586284,4.80401993315025e-05
"EL114",3.45141760181672e-05,1.70161418517435e-06,0.000145824094813502,0.000328173346915214,0.000492825405520611,1.75882281472526e-05
"EL115",3.45141760181671e-05,1.70161418517435e-06,0.000174812681472617,0.000328173346915215,0.000495679623905114,1.75882281472527e-05
"EL121",0,0,0,0,0,0
"EL122",0,0,0,0,0,0
"EL123",0,0,0,0,0,0
"EL124",0,0,0,0,0,0
"EL125",0,0,0,0,0,0
"EL126",1.80893901740499e-05,8.55164793916623e-07,0.000114535772487119,0.000183069506444985,0.000277837899184791,9.10227257313598e-06
"EL127",0,0,0,0,0,0
"EL131",0,0,0,0,0,0
"EL132",0,0,0,0,0,0
"EL133",0,0,0,0,0,0
"EL134",0,0,0,0,0,0
"EL141",0,0,0,0,0,0
"EL142",0,0,0,0,0,0
"EL143",0,0,0,0,0,0
"EL144",0,0,0,0,0,0
"EL211",0,0,0,0,0,0
"EL212",0,0,0,0,0,0
"EL213",0,0,0,0,0,0
"EL214",0,0,0,0,0,0
"EL221",0,0,0,0,0,0
"EL222",0,0,0,0,0,0
"EL223",0,0,0,0,0,0
"EL224",0,0,0,0,0,0
"EL231",0,0,0,0,0,0
"EL232",0,0,0,0,0,0
"EL233",0,0,0,0,0,0
"EL241",0,0,0,0,0,0
"EL242",0,0,0,0,0,0
"EL243",0,0,0,0,0,0
"EL244",0,0,0,0,0,0
"EL245",0,0,0,0,0,0
"EL251",0,0,0,0,0,0
"EL252",0,0,0,0,0,0
"EL253",0,0,0,0,0,0
"EL254",0,0,0,0,0,0
"EL255",0,0,0,0,0,0
"EL300",0,0,0,0,0,0
"EL411",0,0,0,0,0,0
"EL412",0,0,0,0,0,0
"EL413",0,0,0,0,0,0
"EL421",0,0,0,0,0,0
"EL422",0,0,0,0,0,0
"EL431",0,0,0,0,0,0
"EL432",0,0,0,0,0,0
"EL433",0,0,0,0,0,0
"EL434",0,0,0,0,0,0
"ES111",0,0,0,0,0,0
"ES112",0,0,0,0,0,0
"ES113",0,0,0,0,0,0
"ES114",0,0,0,0,0,0
"ES120",0,0,0,0,0,0
"ES130",0,0,0,0,0,0
"ES211",0,0,0,0,0,0
"ES212",0,0,0,0,0,0
"ES213",0,0,0,0,0,0
"ES220",0,0,0,0,0,0
"ES230",0,0,0,0,0,0
"ES241",0,0,0,0,0,0
"ES242",0,0,0,0,0,0
"ES243",0,0,0,0,0,0
"ES300",0,0,0,0,0,0
"ES411",0,0,0,0,0,0
"ES412",0,0,0,0,0,0
"ES413",0,0,0,0,0,0
"ES414",0,0,0,0,0,0
"ES415",0,0,0,0,0,0
"ES416",0,0,0,0,0,0
"ES417",0,0,0,0,0,0
"ES418",0,0,0,0,0,0
"ES419",0,0,0,0,0,0
"ES421",0,0,0,0,0,0
"ES422",0,0,0,0,0,0
"ES423",0,0,0,0,0,0
"ES424",0,0,0,0,0,0
"ES425",0,0,0,0,0,0
"ES431",0,0,0,0,0,0
"ES432",0,0,0,0,0,0
"ES511",0,0,0,0,0,0
"ES512",0,0,0,0,0,0
"ES513",0,0,0,0,0,0
"ES514",0,0,0,0,0,0
"ES521",0,0,0,0,0,0
"ES522",0,0,0,0,0,0
"ES523",0,0,0,0,0,0
"ES531",0,0,0,0,0,0
"ES532",0,0,0,0,0,0
"ES533",0,0,0,0,0,0
"ES611",0,0,0,0,0,0
"ES612",0,0,0,0,0,0
"ES613",0,0,0,0,0,0
"ES614",0,0,0,0,0,0
"ES615",0,0,0,0,0,0
"ES616",0,0,0,0,0,0
"ES617",0,0,0,0,0,0
"ES618",0,0,0,0,0,0
"ES620",0,0,0,0,0,0
"ES630",0,0,0,0,0,0
"ES640",0,0,0,0,0,0
"ES703",0,0,0,0,0,0
"ES704",0,0,0,0,0,0
"ES705",0,0,0,0,0,0
"ES706",0,0,0,0,0,0
"ES707",0,0,0,0,0,0
"ES708",0,0,0,0,0,0
"ES709",0,0,0,0,0,0
"FI193",0,0,0,0,0,0
"FI194",0,0,0,0,0,0
"FI195",0,0,0,0,0,0
"FI196",0,0,0,0,0,0
"FI197",0,0,0,0,0,0
"FI1B1",0,0,0,0,0,0
"FI1C1",0,0,0,0,0,0
"FI1C2",0,0,0,0,0,0
"FI1C3",0,0,0,0,0,0
"FI1C4",0,0,0,0,0,0
"FI1C5",0,0,0,0,0,0
"FI1D1",0,0,0,0,0,0
"FI1D2",0,0,0,0,0,0
"FI1D3",0,0,0,0,0,0
"FI1D4",0,0,0,0,0,0
"FI1D5",0,0,0,0,0,0
"FI1D6",0,0,0,0,0,0
"FI1D7",0,0,0,0,0,0
"FI200",0,0,0,0,0,0
"FR101",0,0,0,0,0,0
"FR102",0,0,0,0,0,0
"FR103",0,0,0,0,0,0
"FR104",0,0,0,0,0,0
"FR105",0,0,0,0,0,0
"FR106",0,0,0,0,0,0
"FR107",0,0,0,0,0,0
"FR108",0,0,0,0,0,0
"FR211",0,0,0,0,0,0
"FR212",0,0,0,0,0,0
"FR213",0,0,0,0,0,0
"FR214",0,0,0,0,0,0
"FR221",0,0,0,0,0,0
"FR222",0,0,0,0,0,0
"FR223",0,0,0,0,0,0
"FR231",0,0,0,0,0,0
"FR232",0,0,0,0,0,0
"FR241",0,0,0,0,0,0
"FR242",0,0,0,0,0,0
"FR243",0,0,0,0,0,0
"FR244",0,0,0,0,0,0
"FR245",0,0,0,0,0,0
"FR246",0,0,0,0,0,0
"FR251",0,0,0,0,0,0
"FR252",0,0,0,0,0,0
"FR253",0,0,0,0,0,0
"FR261",0,0,0,0,0,0
"FR262",0,0,0,0,0,0
"FR263",0,0,0,0,0,0
"FR264",0,0,0,0,0,0
"FR301",0,0,0,0,0,0
"FR302",0,0,0,0,0,0
"FR411",0,0,0,0,0,0
"FR412",0,0,0,0,0,0
"FR413",0,0,0,0,0,0
"FR414",0,0,0,0,0,0
"FR421",0,0,0,0,0,0
"FR422",0,0,0,0,0,0
"FR431",0,0,0,0,0,0
"FR432",0,0,0,0,0,0
"FR433",0,0,0,0,0,0
"FR434",0,0,0,0,0,0
"FR511",0,0,0,0,0,0
"FR512",0,0,0,0,0,0
"FR513",0,0,0,0,0,0
"FR514",0,0,0,0,0,0
"FR515",0,0,0,0,0,0
"FR521",0,0,0,0,0,0
"FR522",0,0,0,0,0,0
"FR523",0,0,0,0,0,0
"FR524",0,0,0,0,0,0
"FR531",0,0,0,0,0,0
"FR532",0,0,0,0,0,0
"FR533",0,0,0,0,0,0
"FR534",0,0,0,0,0,0
"FR611",0,0,0,0,0,0
"FR612",0,0,0,0,0,0
"FR613",0,0,0,0,0,0
"FR614",0,0,0,0,0,0
"FR615",0,0,0,0,0,0
"FR621",0,0,0,0,0,0
"FR622",0,0,0,0,0,0
"FR623",0,0,0,0,0,0
"FR624",0,0,0,0,0,0
"FR625",0,0,0,0,0,0
"FR626",0,0,0,0,0,0
"FR627",0,0,0,0,0,0
"FR628",0,0,0,0,0,0
"FR631",0,0,0,0,0,0
"FR632",0,0,0,0,0,0
"FR633",0,0,0,0,0,0
"FR711",0,0,0,0,0,0
"FR712",0,0,0,0,0,0
"FR713",0,0,0,0,0,0
"FR714",0,0,0,0,0,0
"FR715",0,0,0,0,0,0
"FR716",0,0,0,0,0,0
"FR717",0,0,0,0,0,0
"FR718",0,0,0,0,0,0
"FR721",0,0,0,0,0,0
"FR722",0,0,0,0,0,0
"FR723",0,0,0,0,0,0
"FR724",0,0,0,0,0,0
"FR811",0,0,0,0,0,0
"FR812",0,0,0,0,0,0
"FR813",0,0,0,0,0,0
"FR814",0,0,0,0,0,0
"FR815",0,0,0,0,0,0
"FR821",0,0,0,0,0,0
"FR822",0,0,0,0,0,0
"FR823",0,0,0,0,0,0
"FR824",0,0,0,0,0,0
"FR825",0,0,0,0,0,0
"FR826",0,0,0,0,0,0
"FR831",0,0,0,0,0,0
"FR832",0,0,0,0,0,0
"HR041",0,0,0,0,0,0
"HR042",0,0,0,0,0,0
"HR043",0,0,0,0,0,0
"HR044",0,0,0,0,0,0
"HR045",0,0,0,0,0,0
"HR046",0,0,0,0,0,0
"HR047",0,0,0,0,0,0
"HR048",0,0,0,0,0,0
"HR049",0,0,0,0,0,0
"HR04A",0,0,0,0,0,0
"HR04B",0,0,0,0,0,0
"HR04C",0,0,0,0,0,0
"HR04D",0,0,0,0,0,0
"HR04E",0,0,0,0,0,0
"HR031",0,0,0,0,0,0
"HR032",0,0,0,0,0,0
"HR033",0,0,0,0,0,0
"HR034",0,0,0,0,0,0
"HR035",0,0,0,0,0,0
"HR036",0,0,0,0,0,0
"HR037",0,0,0,0,0,0
"HU101",0,0,0,0,0,0
"HU102",0,0,0,0,0,0
"HU211",0,0,0,0,0,0
"HU212",0,0,0,0,0,0
"HU213",0,0,0,0,0,0
"HU221",0,0,0,0,0,0
"HU222",0,0,0,0,0,0
"HU223",0,0,0,0,0,0
"HU231",0,0,0,0,0,0
"HU232",0,0,0,0,0,0
"HU233",0,0,0,0,0,0
"HU311",7.08139954297706e-06,3.20953143470735e-07,1.14484855109637e-05,7.63704804088719e-05,0.000115098297083639,3.51816714611329e-06
"HU312",0,0,0,0,0,0
"HU313",0,0,0,0,0,0
"HU321",1.80893901740498e-05,8.55164793916619e-07,4.79867802592687e-05,0.000183069506444985,0.00027640984766983,9.10227257313594e-06
"HU322",0,0,0,0,0,0
"HU323",9.19349765426318e-05,4.92739178843153e-06,0.000164524945670294,0.000774484242209324,0.00114653492100627,4.80401993315025e-05
"HU331",0,0,0,0,0,0
"HU332",1.80893901740498e-05,8.55164793916623e-07,4.55024130722568e-05,0.000183069506444985,0.000275511876554452,9.10227257313598e-06
"HU333",0,0,0,0,0,0
"IE011",0,0,0,0,0,0
"IE012",0,0,0,0,0,0
"IE013",0,0,0,0,0,0
"IE021",0,0,0,0,0,0
"IE022",0,0,0,0,0,0
"IE023",0,0,0,0,0,0
"IE024",0,0,0,0,0,0
"IE025",0,0,0,0,0,0
"IS001",0,0,0,0,0,0
"IS002",0,0,0,0,0,0
"ITC11",0,0,0,0,0,0
"ITC12",0,0,0,0,0,0
"ITC13",0,0,0,0,0,0
"ITC14",0,0,0,0,0,0
"ITC15",0,0,0,0,0,0
"ITC16",0,0,0,0,0,0
"ITC17",0,0,0,0,0,0
"ITC18",0,0,0,0,0,0
"ITC20",0,0,0,0,0,0
"ITC31",0,0,0,0,0,0
"ITC32",0,0,0,0,0,0
"ITC33",0,0,0,0,0,0
"ITC34",0,0,0,0,0,0
"ITC41",0,0,0,0,0,0
"ITC42",0,0,0,0,0,0
"ITC43",0,0,0,0,0,0
"ITC44",0,0,0,0,0,0
"ITC46",0,0,0,0,0,0
"ITC47",0,0,0,0,0,0
"ITC48",0,0,0,0,0,0
"ITC49",0,0,0,0,0,0
"ITC4A",0,0,0,0,0,0
"ITC4B",0,0,0,0,0,0
"ITC4C",0,0,0,0,0,0
"ITC4D",0,0,0,0,0,0
"ITF11",0,0,0,0,0,0
"ITF12",0,0,0,0,0,0
"ITF13",0,0,0,0,0,0
"ITF14",0,0,0,0,0,0
"ITF21",0,0,0,0,0,0
"ITF22",0,0,0,0,0,0
"ITF31",0,0,0,0,0,0
"ITF32",0,0,0,0,0,0
"ITF33",0,0,0,0,0,0
"ITF34",0,0,0,0,0,0
"ITF35",0,0,0,0,0,0
"ITF43",0,0,0,0,0,0
"ITF44",0,0,0,0,0,0
"ITF45",0,0,0,0,0,0
"ITF46",0,0,0,0,0,0
"ITF47",0,0,0,0,0,0
"ITF48",0,0,0,0,0,0
"ITF51",0,0,0,0,0,0
"ITF52",0,0,0,0,0,0
"ITF61",0,0,0,0,0,0
"ITF62",0,0,0,0,0,0
"ITF63",0,0,0,0,0,0
"ITF64",0,0,0,0,0,0
"ITF65",0,0,0,0,0,0
"ITG11",0,0,0,0,0,0
"ITG12",0,0,0,0,0,0
"ITG13",0,0,0,0,0,0
"ITG14",0,0,0,0,0,0
"ITG15",0,0,0,0,0,0
"ITG16",0,0,0,0,0,0
"ITG17",0,0,0,0,0,0
"ITG18",0,0,0,0,0,0
"ITG19",0,0,0,0,0,0
"ITG25",0,0,0,0,0,0
"ITG26",0,0,0,0,0,0
"ITG27",0,0,0,0,0,0
"ITG28",0,0,0,0,0,0
"ITG29",0,0,0,0,0,0
"ITG2A",0,0,0,0,0,0
"ITG2B",0,0,0,0,0,0
"ITG2C",0,0,0,0,0,0
"ITH10",0,0,0,0,0,0
"ITH20",0,0,0,0,0,0
"ITH31",0,0,0,0,0,0
"ITH32",0,0,0,0,0,0
"ITH33",0,0,0,0,0,0
"ITH34",0,0,0,0,0,0
"ITH35",0,0,0,0,0,0
"ITH36",0,0,0,0,0,0
"ITH37",0,0,0,0,0,0
"ITH41",0,0,0,0,0,0
"ITH42",0,0,0,0,0,0
"ITH43",0,0,0,0,0,0
"ITH44",0,0,0,0,0,0
"ITH51",0,0,0,0,0,0
"ITH52",0,0,0,0,0,0
"ITH53",0,0,0,0,0,0
"ITH54",0,0,0,0,0,0
"ITH55",0,0,0,0,0,0
"ITH56",0,0,0,0,0,0
"ITH57",0,0,0,0,0,0
"ITH58",0,0,0,0,0,0
"ITH59",0,0,0,0,0,0
"ITI11",0,0,0,0,0,0
"ITI12",0,0,0,0,0,0
"ITI13",0,0,0,0,0,0
"ITI14",0,0,0,0,0,0
"ITI15",0,0,0,0,0,0
"ITI16",0,0,0,0,0,0
"ITI17",0,0,0,0,0,0
"ITI18",0,0,0,0,0,0
"ITI19",0,0,0,0,0,0
"ITI1A",0,0,0,0,0,0
"ITI21",0,0,0,0,0,0
"ITI22",0,0,0,0,0,0
"ITI31",0,0,0,0,0,0
"ITI32",0,0,0,0,0,0
"ITI33",0,0,0,0,0,0
"ITI34",0,0,0,0,0,0
"ITI35",0,0,0,0,0,0
"ITI41",0,0,0,0,0,0
"ITI42",0,0,0,0,0,0
"ITI43",0,0,0,0,0,0
"ITI44",0,0,0,0,0,0
"ITI45",0,0,0,0,0,0
"LI000",0,0,0,0,0,0
"LT001",0,0,0,0,0,0
"LT002",0,0,0,0,0,0
"LT003",0,0,0,0,0,0
"LT004",0,0,0,0,0,0
"LT005",0,0,0,0,0,0
"LT006",0,0,0,0,0,0
"LT007",0,0,0,0,0,0
"LT008",0,0,0,0,0,0
"LT009",0,0,0,0,0,0
"LT00A",0,0,0,0,0,0
"LU000",0,0,0,0,0,0
"LV003",0,0,0,0,0,0
"LV005",0,0,0,0,0,0
"LV006",0,0,0,0,0,0
"LV007",0,0,0,0,0,0
"LV008",0,0,0,0,0,0
"LV009",0,0,0,0,0,0
"ME000",0,0,0,0,0,0
"MK001",0,0,0,0,0,0
"MK002",7.08139954297707e-06,3.20953143470736e-07,2.94219047171055e-05,7.6370480408872e-05,0.000111290063670479,3.51816714611329e-06
"MK003",0,0,0,0,0,0
"MK004",7.08139954297706e-06,3.20953143470736e-07,5.01341112777131e-05,7.63704804088719e-05,0.000111444366828214,3.51816714611328e-06
"MK005",0,0,0,0,0,0
"MK006",0,0,0,0,0,0
"MK007",0,0,0,0,0,0
"MK008",0,0,0,0,0,0
"MT001",0,0,0,0,0,0
"MT002",0,0,0,0,0,0
"NL111",0,0,0,0,0,0
"NL112",0,0,0,0,0,0
"NL113",0,0,0,0,0,0
"NL121",0,0,0,0,0,0
"NL122",0,0,0,0,0,0
"NL123",0,0,0,0,0,0
"NL131",0,0,0,0,0,0
"NL132",0,0,0,0,0,0
"NL133",0,0,0,0,0,0
"NL211",0,0,0,0,0,0
"NL212",0,0,0,0,0,0
"NL213",0,0,0,0,0,0
"NL221",0,0,0,0,0,0
"NL224",0,0,0,0,0,0
"NL225",0,0,0,0,0,0
"NL226",0,0,0,0,0,0
"NL230",0,0,0,0,0,0
"NL310",0,0,0,0,0,0
"NL321",0,0,0,0,0,0
"NL322",0,0,0,0,0,0
"NL323",0,0,0,0,0,0
"NL324",0,0,0,0,0,0
"NL325",0,0,0,0,0,0
"NL326",0,0,0,0,0,0
"NL327",0,0,0,0,0,0
"NL332",0,0,0,0,0,0
"NL333",0,0,0,0,0,0
"NL337",0,0,0,0,0,0
"NL338",0,0,0,0,0,0
"NL339",0,0,0,0,0,0
"NL33A",0,0,0,0,0,0
"NL341",0,0,0,0,0,0
"NL342",0,0,0,0,0,0
"NL411",0,0,0,0,0,0
"NL412",0,0,0,0,0,0
"NL413",0,0,0,0,0,0
"NL414",0,0,0,0,0,0
"NL421",0,0,0,0,0,0
"NL422",0,0,0,0,0,0
"NL423",0,0,0,0,0,0
"NO011",0,0,0,0,0,0
"NO012",0,0,0,0,0,0
"NO021",0,0,0,0,0,0
"NO022",0,0,0,0,0,0
"NO031",0,0,0,0,0,0
"NO032",0,0,0,0,0,0
"NO033",0,0,0,0,0,0
"NO034",0,0,0,0,0,0
"NO041",0,0,0,0,0,0
"NO042",0,0,0,0,0,0
"NO043",0,0,0,0,0,0
"NO051",0,0,0,0,0,0
"NO052",0,0,0,0,0,0
"NO053",0,0,0,0,0,0
"NO061",0,0,0,0,0,0
"NO062",0,0,0,0,0,0
"NO071",0,0,0,0,0,0
"NO072",0,0,0,0,0,0
"NO073",0,0,0,0,0,0
"PL113",0,0,0,0,0,0
"PL114",0,0,0,0,0,0
"PL115",0,0,0,0,0,0
"PL116",0,0,0,0,0,0
"PL117",0,0,0,0,0,0
"PL121",0,0,0,0,0,0
"PL122",0,0,0,0,0,0
"PL127",0,0,0,0,0,0
"PL128",0,0,0,0,0,0
"PL129",0,0,0,0,0,0
"PL12A",0,0,0,0,0,0
"PL213",0,0,0,0,0,0
"PL214",0,0,0,0,0,0
"PL215",0,0,0,0,0,0
"PL216",0,0,0,0,0,0
"PL217",0,0,0,0,0,0
"PL224",0,0,0,0,0,0
"PL225",0,0,0,0,0,0
"PL227",0,0,0,0,0,0
"PL228",0,0,0,0,0,0
"PL229",0,0,0,0,0,0
"PL22A",0,0,0,0,0,0
"PL22B",0,0,0,0,0,0
"PL22C",0,0,0,0,0,0
"PL311",0,0,0,0,0,0
"PL312",7.08139954297706e-06,3.20953143470736e-07,1.42843059871464e-05,7.63704804088717e-05,0.000124669199012635,3.51816714611329e-06
"PL314",0,0,0,0,0,0
"PL315",0,0,0,0,0,0
"PL323",0,0,0,0,0,0
"PL324",0,0,0,0,0,0
"PL325",0,0,0,0,0,0
"PL326",0,0,0,0,0,0
"PL331",0,0,0,0,0,0
"PL332",0,0,0,0,0,0
"PL343",0,0,0,0,0,0
"PL344",0,0,0,0,0,0
"PL345",0,0,0,0,0,0
"PL411",0,0,0,0,0,0
"PL414",0,0,0,0,0,0
"PL415",0,0,0,0,0,0
"PL416",0,0,0,0,0,0
"PL417",0,0,0,0,0,0
"PL418",0,0,0,0,0,0
"PL422",0,0,0,0,0,0
"PL423",0,0,0,0,0,0
"PL424",0,0,0,0,0,0
"PL425",0,0,0,0,0,0
"PL431",0,0,0,0,0,0
"PL432",0,0,0,0,0,0
"PL514",0,0,0,0,0,0
"PL515",0,0,0,0,0,0
"PL516",0,0,0,0,0,0
"PL517",0,0,0,0,0,0
"PL518",0,0,0,0,0,0
"PL521",0,0,0,0,0,0
"PL522",0,0,0,0,0,0
"PL613",0,0,0,0,0,0
"PL614",0,0,0,0,0,0
"PL615",0,0,0,0,0,0
"PL621",0,0,0,0,0,0
"PL622",0,0,0,0,0,0
"PL623",0,0,0,0,0,0
"PL631",0,0,0,0,0,0
"PL633",0,0,0,0,0,0
"PL634",0,0,0,0,0,0
"PL635",0,0,0,0,0,0
"PT111",0,0,0,0,0,0
"PT112",0,0,0,0,0,0
"PT113",0,0,0,0,0,0
"PT114",0,0,0,0,0,0
"PT115",0,0,0,0,0,0
"PT116",0,0,0,0,0,0
"PT117",0,0,0,0,0,0
"PT118",0,0,0,0,0,0
"PT150",0,0,0,0,0,0
"PT161",0,0,0,0,0,0
"PT162",0,0,0,0,0,0
"PT163",0,0,0,0,0,0
"PT164",0,0,0,0,0,0
"PT165",0,0,0,0,0,0
"PT166",0,0,0,0,0,0
"PT167",0,0,0,0,0,0
"PT168",0,0,0,0,0,0
"PT169",0,0,0,0,0,0
"PT16A",0,0,0,0,0,0
"PT16B",0,0,0,0,0,0
"PT16C",0,0,0,0,0,0
"PT171",0,0,0,0,0,0
"PT172",0,0,0,0,0,0
"PT181",0,0,0,0,0,0
"PT182",0,0,0,0,0,0
"PT183",0,0,0,0,0,0
"PT184",0,0,0,0,0,0
"PT185",0,0,0,0,0,0
"PT200",0,0,0,0,0,0
"PT300",0,0,0,0,0,0
"RO111",5.82958722948794e-05,2.99689923239752e-06,0.000117845709763089,0.000521421858657235,0.000819942116857981,3.00835553706998e-05
"RO112",0.00151205404112794,0.000121668641987058,0.00182997280983709,0.00748703665220858,0.0111255368441025,0.000890291122105692
"RO113",0.00102308757904532,7.60331553607925e-05,0.00178693851148672,0.00557933905490879,0.00842095805903566,0.000588772327314871
"RO114",0.000836828243555261,5.97449539416933e-05,0.00110400068818186,0.00479790229198705,0.00723502063619783,0.000476005040860922
"RO115",0.000138624167806026,7.74472839996395e-06,0.000228735069556757,0.00110125469722653,0.00170930541207681,7.3343084732072e-05
"RO116",0.000202404286555912,1.17853895733496e-05,0.0003145221132209,0.00151817939232228,0.00234396056610778,0.000108416919152121
"RO121",0.00124609420769729,9.63737415608136e-05,0.00133303642393779,0.00647140066255544,0.00962248314763285,0.000725409438199422
"RO122",0.0352532919562197,0.00579672879642773,0.0323728087589669,0.0837247068763284,0.112455181461491,0.0249427494833049
"RO123",0.0450975635643488,0.00788956121493236,0.0392858952803411,0.101316366728286,0.133895948396288,0.0323309133373182
"RO124",0.0238384159174708,0.00356028993721813,0.0217329946532863,0.0618212384801076,0.0843394640853646,0.0165076833772666
"RO125",0.0037665139751795,0.000367802045788731,0.00414763098278817,0.0149523409676363,0.0217151524183242,0.00234127424707783
"RO126",0.00316057620594562,0.000297106699763199,0.00315245525369249,0.0130842165141535,0.0190480411456572,0.00194415409452377
"RO211",0.0882198386613832,0.0184257159967718,0.0870231768500123,0.169810000071022,0.217153456093095,0.0654903250284742
"RO212",0.0156905007173447,0.00211982410835168,0.0166817863245595,0.0447196847941407,0.0621064224332943,0.0106107880594499
"RO213",0.0570362455575154,0.0105994407852647,0.0612169120280143,0.121475726908598,0.159702158793661,0.0413971173288324
"RO214",0.0713293653642374,0.0140612180613166,0.0674468629382754,0.144297198503118,0.186642527204454,0.0523743799071558
"RO215",0.0116902838655121,0.00147388943400051,0.0129084975659855,0.0356276352382629,0.0500662928266882,0.00777189438080608
"RO216",0.0794358360048962,0.0161206103652224,0.0752860309934578,0.156718236544375,0.201358183123673,0.0586512825111709
"RO221",0.0713293653642373,0.0140612180613166,0.0661783519631091,0.144297198503119,0.186197074452605,0.0523743799071558
"RO222",0.088219838661383,0.0184257159967719,0.0754604763005883,0.16981000007102,0.215930748667075,0.0654903250284742
"RO223",0.0135648158004046,0.00177077699718222,0.0130183501313761,0.039961230810038,0.0557905239104791,0.00909650098659811
"RO224",0.088219838661383,0.0184257159967719,0.0810225631384177,0.169810000071021,0.216668277890901,0.0654903250284739
"RO225",0.0156905007173447,0.00211982410835168,0.0159398269380679,0.0447196847941407,0.0620965441267922,0.0106107880594499
"RO226",0.0882198386613831,0.0184257159967718,0.0810356687566866,0.169810000071022,0.216572622695581,0.0654903250284741
"RO311",0.0135648158004046,0.00177077699718222,0.0120867979079779,0.039961230810038,0.0556292540221847,0.00909650098659809
"RO312",0.0507886196151406,0.00915932741629827,0.0477813131456246,0.111067806740723,0.145943182373117,0.0366396841167015
"RO313",0.0450975635643489,0.00788956121493234,0.0386679410321896,0.101316366728287,0.133898501101174,0.0323309133373182
"RO314",0.0352532919562196,0.00579672879642773,0.0403467552984032,0.0837247068763283,0.112538154464977,0.024942749483305
"RO315",0.0794358360048959,0.0161206103652225,0.0772237587330468,0.156718236544375,0.201236449522368,0.0586512825111708
"RO316",0.088219838661383,0.0184257159967718,0.0712266826902794,0.169810000071021,0.215517643754498,0.065490325028474
"RO317",0.0180930096601274,0.00252864648848715,0.0176239461956027,0.0499307642681525,0.0687941744455309,0.0123356802756978
"RO321",0.0399301639627963,0.00677379609037803,0.047928927610769,0.0922076617809777,0.1237710334222,0.028441593135356
"RO322",0.0638727433927997,0.0122272773658498,0.0591907686853774,0.132550197374448,0.17275758745842,0.0466323961076691
"RO411",0.00220193493810899,0.000191625457019224,0.00261426046737882,0.00994645435750667,0.0146440721249102,0.001325631268938
"RO412",0.00102308757904532,7.60331553607927e-05,0.0011385145210488,0.0055793390549088,0.00834659512372984,0.000588772327314869
"RO413",0.000681875489451735,4.67566257992211e-05,0.00139142162712768,0.00411521059615967,0.00625824546686658,0.000383321323079457
"RO414",0.00624386289528031,0.0006819429733919,0.00621767831990181,0.0219985262392591,0.0313777582940553,0.00400007621218706
"RO415",0.00316057620594561,0.000297106699763198,0.00370687869108223,0.0130842165141535,0.0191134599029484,0.00194415409452378
"RO421",9.19349765426317e-05,4.92739178843153e-06,0.000139469297773286,0.000774484242209325,0.00120435273273077,4.80401993315025e-05
"RO422",5.82958722948795e-05,2.99689923239751e-06,0.000147061987873157,0.000521421858657231,0.000821919365948456,3.00835553706999e-05
"RO423",0.000553481577529047,3.64433822706047e-05,0.000940995975785081,0.00352040317234463,0.0053779144907344,0.000307460481039341
"RO424",5.82958722948796e-05,2.99689923239752e-06,0.000100795931570608,0.000521421858657233,0.000818181498348767,3.00835553706999e-05
"SE110",0,0,0,0,0,0
"SE121",0,0,0,0,0,0
"SE122",0,0,0,0,0,0
"SE123",0,0,0,0,0,0
"SE124",0,0,0,0,0,0
"SE125",0,0,0,0,0,0
"SE211",0,0,0,0,0,0
"SE212",0,0,0,0,0,0
"SE213",0,0,0,0,0,0
"SE214",0,0,0,0,0,0
"SE221",0,0,0,0,0,0
"SE224",0,0,0,0,0,0
"SE231",0,0,0,0,0,0
"SE232",0,0,0,0,0,0
"SE311",0,0,0,0,0,0
"SE312",0,0,0,0,0,0
"SE313",0,0,0,0,0,0
"SE321",0,0,0,0,0,0
"SE322",0,0,0,0,0,0
"SE331",0,0,0,0,0,0
"SE332",0,0,0,0,0,0
"SI011",0,0,0,0,0,0
"SI012",0,0,0,0,0,0
"SI013",0,0,0,0,0,0
"SI014",0,0,0,0,0,0
"SI015",0,0,0,0,0,0
"SI016",0,0,0,0,0,0
"SI017",0,0,0,0,0,0
"SI018",0,0,0,0,0,0
"SI021",0,0,0,0,0,0
"SI022",0,0,0,0,0,0
"SI023",0,0,0,0,0,0
"SI024",0,0,0,0,0,0
"SK010",0,0,0,0,0,0
"SK021",0,0,0,0,0,0
"SK022",0,0,0,0,0,0
"SK023",0,0,0,0,0,0
"SK031",0,0,0,0,0,0
"SK032",0,0,0,0,0,0
"SK041",0,0,0,0,0,0
"SK042",7.08139954297705e-06,3.20953143470736e-07,1.13804793071305e-05,7.6370480408872e-05,0.000116725546097293,3.51816714611329e-06
"TR100",5.82958722948794e-05,2.99689923239751e-06,0.000297523114604594,0.000521421858657234,0.000761850374530005,3.00835553706999e-05
"TR211",0.000138624167806026,7.74472839996392e-06,0.000626864976239186,0.00110125469722653,0.00158969900090789,7.33430847320721e-05
"TR212",0.000553481577529049,3.64433822706049e-05,0.00200405777633927,0.00352040317234464,0.0049689129860142,0.00030746048103934
"TR213",0.000402770532096577,2.54601052029289e-05,0.00153792995638334,0.00270322620536016,0.00383625727623529,0.000221065516979661
"TR221",1.80893901740498e-05,8.55164793916624e-07,0.000104888934337542,0.000183069506444985,0.000270920030165706,9.10227257313597e-06
"TR222",5.82958722948795e-05,2.99689923239751e-06,0.000297523114604594,0.000521421858657233,0.000761850374530005,3.00835553707e-05
"TR310",0,0,0,0,0,0
"TR321",0,0,0,0,0,0
"TR322",0,0,0,0,0,0
"TR323",0,0,0,0,0,0
"TR331",0,0,0,0,0,0
"TR332",0,0,0,0,0,0
"TR333",0,0,0,0,0,0
"TR334",0,0,0,0,0,0
"TR411",7.08139954297706e-06,3.20953143470736e-07,4.38742824424255e-05,7.63704804088721e-05,0.00011377348783072,3.51816714611329e-06
"TR412",0,0,0,0,0,0
"TR413",0,0,0,0,0,0
"TR421",0,0,0,0,0,0
"TR422",0,0,0,0,0,0
"TR423",0,0,0,0,0,0
"TR424",0,0,0,0,0,0
"TR425",0,0,0,0,0,0
"TR510",0,0,0,0,0,0
"TR521",0,0,0,0,0,0
"TR522",0,0,0,0,0,0
"TR611",0,0,0,0,0,0
"TR612",0,0,0,0,0,0
"TR613",0,0,0,0,0,0
"TR621",0,0,0,0,0,0
"TR622",0,0,0,0,0,0
"TR631",0,0,0,0,0,0
"TR632",0,0,0,0,0,0
"TR633",0,0,0,0,0,0
"TR711",0,0,0,0,0,0
"TR712",0,0,0,0,0,0
"TR713",0,0,0,0,0,0
"TR714",0,0,0,0,0,0
"TR715",0,0,0,0,0,0
"TR721",0,0,0,0,0,0
"TR722",0,0,0,0,0,0
"TR723",0,0,0,0,0,0
"TR811",0,0,0,0,0,0
"TR812",0,0,0,0,0,0
"TR813",0,0,0,0,0,0
"TR821",0,0,0,0,0,0
"TR822",0,0,0,0,0,0
"TR823",0,0,0,0,0,0
"TR831",0,0,0,0,0,0
"TR832",0,0,0,0,0,0
"TR833",0,0,0,0,0,0
"TR834",0,0,0,0,0,0
"TR901",0,0,0,0,0,0
"TR902",0,0,0,0,0,0
"TR903",0,0,0,0,0,0
"TR904",0,0,0,0,0,0
"TR905",0,0,0,0,0,0
"TR906",0,0,0,0,0,0
"TRA11",0,0,0,0,0,0
"TRA12",0,0,0,0,0,0
"TRA13",0,0,0,0,0,0
"TRA21",0,0,0,0,0,0
"TRA22",0,0,0,0,0,0
"TRA23",0,0,0,0,0,0
"TRA24",0,0,0,0,0,0
"TRB11",0,0,0,0,0,0
"TRB12",0,0,0,0,0,0
"TRB13",0,0,0,0,0,0
"TRB14",0,0,0,0,0,0
"TRB21",0,0,0,0,0,0
"TRB22",0,0,0,0,0,0
"TRB23",0,0,0,0,0,0
"TRB24",0,0,0,0,0,0
"TRC11",0,0,0,0,0,0
"TRC12",0,0,0,0,0,0
"TRC13",0,0,0,0,0,0
"TRC21",0,0,0,0,0,0
"TRC22",0,0,0,0,0,0
"TRC31",0,0,0,0,0,0
"TRC32",0,0,0,0,0,0
"TRC33",0,0,0,0,0,0
"TRC34",0,0,0,0,0,0
"UKC11",0,0,0,0,0,0
"UKC12",0,0,0,0,0,0
"UKC13",0,0,0,0,0,0
"UKC14",0,0,0,0,0,0
"UKC21",0,0,0,0,0,0
"UKC22",0,0,0,0,0,0
"UKC23",0,0,0,0,0,0
"UKD11",0,0,0,0,0,0
"UKD12",0,0,0,0,0,0
"UKD31",0,0,0,0,0,0
"UKD32",0,0,0,0,0,0
"UKD41",0,0,0,0,0,0
"UKD42",0,0,0,0,0,0
"UKD43",0,0,0,0,0,0
"UKD61",0,0,0,0,0,0
"UKD62",0,0,0,0,0,0
"UKD63",0,0,0,0,0,0
"UKD71",0,0,0,0,0,0
"UKD72",0,0,0,0,0,0
"UKD73",0,0,0,0,0,0
"UKD74",0,0,0,0,0,0
"UKE11",0,0,0,0,0,0
"UKE12",0,0,0,0,0,0
"UKE13",0,0,0,0,0,0
"UKE21",0,0,0,0,0,0
"UKE22",0,0,0,0,0,0
"UKE31",0,0,0,0,0,0
"UKE32",0,0,0,0,0,0
"UKE41",0,0,0,0,0,0
"UKE42",0,0,0,0,0,0
"UKE44",0,0,0,0,0,0
"UKE45",0,0,0,0,0,0
"UKF11",0,0,0,0,0,0
"UKF12",0,0,0,0,0,0
"UKF13",0,0,0,0,0,0
"UKF14",0,0,0,0,0,0
"UKF15",0,0,0,0,0,0
"UKF16",0,0,0,0,0,0
"UKF21",0,0,0,0,0,0
"UKF22",0,0,0,0,0,0
"UKF24",0,0,0,0,0,0
"UKF25",0,0,0,0,0,0
"UKF30",0,0,0,0,0,0
"UKG11",0,0,0,0,0,0
"UKG12",0,0,0,0,0,0
"UKG13",0,0,0,0,0,0
"UKG21",0,0,0,0,0,0
"UKG22",0,0,0,0,0,0
"UKG23",0,0,0,0,0,0
"UKG24",0,0,0,0,0,0
"UKG31",0,0,0,0,0,0
"UKG32",0,0,0,0,0,0
"UKG33",0,0,0,0,0,0
"UKG36",0,0,0,0,0,0
"UKG37",0,0,0,0,0,0
"UKG38",0,0,0,0,0,0
"UKG39",0,0,0,0,0,0
"UKH11",0,0,0,0,0,0
"UKH12",0,0,0,0,0,0
"UKH13",0,0,0,0,0,0
"UKH14",0,0,0,0,0,0
"UKH21",0,0,0,0,0,0
"UKH23",0,0,0,0,0,0
"UKH24",0,0,0,0,0,0
"UKH25",0,0,0,0,0,0
"UKH31",0,0,0,0,0,0
"UKH32",0,0,0,0,0,0
"UKH33",0,0,0,0,0,0
"UKI11",0,0,0,0,0,0
"UKI12",0,0,0,0,0,0
"UKI21",0,0,0,0,0,0
"UKI22",0,0,0,0,0,0
"UKI23",0,0,0,0,0,0
"UKJ11",0,0,0,0,0,0
"UKJ12",0,0,0,0,0,0
"UKJ13",0,0,0,0,0,0
"UKJ14",0,0,0,0,0,0
"UKJ21",0,0,0,0,0,0
"UKJ22",0,0,0,0,0,0
"UKJ23",0,0,0,0,0,0
"UKJ24",0,0,0,0,0,0
"UKJ31",0,0,0,0,0,0
"UKJ32",0,0,0,0,0,0
"UKJ33",0,0,0,0,0,0
"UKJ34",0,0,0,0,0,0
"UKJ41",0,0,0,0,0,0
"UKJ42",0,0,0,0,0,0
"UKK11",0,0,0,0,0,0
"UKK12",0,0,0,0,0,0
"UKK13",0,0,0,0,0,0
"UKK14",0,0,0,0,0,0
"UKK15",0,0,0,0,0,0
"UKK21",0,0,0,0,0,0
"UKK22",0,0,0,0,0,0
"UKK23",0,0,0,0,0,0
"UKK30",0,0,0,0,0,0
"UKK41",0,0,0,0,0,0
"UKK42",0,0,0,0,0,0
"UKK43",0,0,0,0,0,0
"UKL11",0,0,0,0,0,0
"UKL12",0,0,0,0,0,0
"UKL13",0,0,0,0,0,0
"UKL14",0,0,0,0,0,0
"UKL15",0,0,0,0,0,0
"UKL16",0,0,0,0,0,0
"UKL17",0,0,0,0,0,0
"UKL18",0,0,0,0,0,0
"UKL21",0,0,0,0,0,0
"UKL22",0,0,0,0,0,0
"UKL23",0,0,0,0,0,0
"UKL24",0,0,0,0,0,0
"UKM21",0,0,0,0,0,0
"UKM22",0,0,0,0,0,0
"UKM23",0,0,0,0,0,0
"UKM24",0,0,0,0,0,0
"UKM25",0,0,0,0,0,0
"UKM26",0,0,0,0,0,0
"UKM27",0,0,0,0,0,0
"UKM28",0,0,0,0,0,0
"UKM31",0,0,0,0,0,0
"UKM32",0,0,0,0,0,0
"UKM34",0,0,0,0,0,0
"UKM35",0,0,0,0,0,0
"UKM36",0,0,0,0,0,0
"UKM37",0,0,0,0,0,0
"UKM38",0,0,0,0,0,0
"UKM50",0,0,0,0,0,0
"UKM61",0,0,0,0,0,0
"UKM62",0,0,0,0,0,0
"UKM63",0,0,0,0,0,0
"UKM64",0,0,0,0,0,0
"UKM65",0,0,0,0,0,0
"UKM66",0,0,0,0,0,0
"UKN01",0,0,0,0,0,0
"UKN02",0,0,0,0,0,0
"UKN03",0,0,0,0,0,0
"UKN04",0,0,0,0,0,0
"UKN05",0,0,0,0,0,0
"UKM33",0,0,0,0,0,0
