"CNTR_CODE","CNTR_NAME","CNTR_CODE_iso2","CNTR_CODE_iso3","CNTR_CODE_Eurostat","NUTS2","NAME","agr","coa.oil.gas","pro","ely.elc","ser","air.wtp.tran"
"AL","Albania","AL","ALB","AL","AL01","Veri",0,0,0,0,0,0
"AL","Albania","AL","ALB","AL","AL02","Qender",0,0,0,0,0,0
"AL","Albania","AL","ALB","AL","AL03","Jug",0,0,0,0,0,0
"AT","Austria","AT","AUT","AT","AT21","Kärnten",0,0,0,0,0,0
"AT","Austria","AT","AUT","AT","AT22","Steiermark",0,0,0,0,0,0
"AT","Austria","AT","AUT","AT","AT32","Salzburg",0,0,0,0,0,0
"AT","Austria","AT","AUT","AT","AT33","Tirol",0,0,0,0,0,0
"AT","Austria","AT","AUT","AT","AT34","Vorarlberg",0,0,0,0,0,0
"AT","Austria","AT","AUT","AT","AT31","Oberösterreich",0,0,0,0,0,0
"AT","Austria","AT","AUT","AT","AT11","Burgenland",0,0,0,0,0,0
"AT","Austria","AT","AUT","AT","AT12","Niederösterreich",0,0,0,0,0,0
"AT","Austria","AT","AUT","AT","AT13","Wien",0,0,0,0,0,0
"BE","Belgium","BE","BEL","BE","BE10","Région de Bruxelles-Capitale/ Brussels Hoofdstedelijk Gewest",0,0,0,0,0,0
"BE","Belgium","BE","BEL","BE","BE21","Prov. Antwerpen",0,0,0,0,0,0
"BE","Belgium","BE","BEL","BE","BE22","Prov. Limburg (BE)",0,0,0,0,0,0
"BE","Belgium","BE","BEL","BE","BE23","Prov. Oost-Vlaanderen",0,0,0,0,0,0
"BE","Belgium","BE","BEL","BE","BE33","Prov. Liège",0,0,0,0,0,0
"BE","Belgium","BE","BEL","BE","BE34","Prov. Luxembourg (BE)",0,0,0,0,0,0
"BE","Belgium","BE","BEL","BE","BE35","Prov. Namur",0,0,0,0,0,0
"BE","Belgium","BE","BEL","BE","BE31","Prov. Brabant Wallon",0,0,0,0,0,0
"BE","Belgium","BE","BEL","BE","BE32","Prov. Hainaut",0,0,0,0,0,0
"BE","Belgium","BE","BEL","BE","BE24","Prov. Vlaams-Brabant",0,0,0,0,0,0
"BE","Belgium","BE","BEL","BE","BE25","Prov. West-Vlaanderen",0,0,0,0,0,0
"BG","Bulgaria","BG","BGR","BG","BG31","Северозападен",0.000594465861331309,4.52566293765698e-05,0.0011868556802327,0.00401727035287395,0.00547362679308009,0.000396860471820295
"BG","Bulgaria","BG","BGR","BG","BG32","Северен централен",0.00719568036459772,0.0006142152849256,0.00725898785773706,0.0201030245932368,0.0267695576730754,0.00377604468448273
"BG","Bulgaria","BG","BGR","BG","BG33","Североизточен",0.00306594286693596,0.000238682198505471,0.00462573394104874,0.0104809106865902,0.0147474485412339,0.00150488568330762
"BG","Bulgaria","BG","BGR","BG","BG34","Югоизточен",0.000913579236526202,6.27681761189628e-05,0.00148639043364122,0.00500274594460381,0.00704585803796642,0.000504167646627549
"BG","Bulgaria","BG","BGR","BG","BG41","Югозападен",1.09993117596082e-05,9.45870848544913e-07,9.42924865545486e-05,0.000174406873718006,0.000267443862667011,8.83703963988542e-06
"BG","Bulgaria","BG","BGR","BG","BG42","Южен централен",0.00016925019079918,1.19918609692202e-05,0.000440066721601267,0.00156952586123662,0.00221764952508842,0.000113474787294546
"CH","Switzerland","CH","CHE","CH","CH05","Ostschweiz",0,0,0,0,0,0
"CH","Switzerland","CH","CHE","CH","CH06","Zentralschweiz",0,0,0,0,0,0
"CH","Switzerland","CH","CHE","CH","CH07","Ticino",0,0,0,0,0,0
"CH","Switzerland","CH","CHE","CH","CH03","Nordwestschweiz",0,0,0,0,0,0
"CH","Switzerland","CH","CHE","CH","CH04","Zürich",0,0,0,0,0,0
"CH","Switzerland","CH","CHE","CH","CH01","Région lémanique",0,0,0,0,0,0
"CH","Switzerland","CH","CHE","CH","CH02","Espace Mittelland",0,0,0,0,0,0
"CY","Cyprus","CY","CYP","CY","CY00","Κύπρος",0,0,0,0,0,0
"CZ","Czechia","CZ","CZE","CZ","CZ01","Praha",0,0,0,0,0,0
"CZ","Czechia","CZ","CZE","CZ","CZ02","Střední Čechy",0,0,0,0,0,0
"CZ","Czechia","CZ","CZE","CZ","CZ03","Jihozápad",0,0,0,0,0,0
"CZ","Czechia","CZ","CZE","CZ","CZ04","Severozápad",0,0,0,0,0,0
"CZ","Czechia","CZ","CZE","CZ","CZ05","Severovýchod",0,0,0,0,0,0
"CZ","Czechia","CZ","CZE","CZ","CZ08","Moravskoslezsko",0,0,0,0,0,0
"CZ","Czechia","CZ","CZE","CZ","CZ06","Jihovýchod",0,0,0,0,0,0
"CZ","Czechia","CZ","CZE","CZ","CZ07","Střední Morava",0,0,0,0,0,0
"DE","Germany","DE","DEU","DE","DE13","Freiburg",0,0,0,0,0,0
"DE","Germany","DE","DEU","DE","DE12","Karlsruhe",0,0,0,0,0,0
"DE","Germany","DE","DEU","DE","DE23","Oberpfalz",0,0,0,0,0,0
"DE","Germany","DE","DEU","DE","DE14","Tübingen",0,0,0,0,0,0
"DE","Germany","DE","DEU","DE","DE21","Oberbayern",0,0,0,0,0,0
"DE","Germany","DE","DEU","DE","DE22","Niederbayern",0,0,0,0,0,0
"DE","Germany","DE","DEU","DE","DE27","Schwaben",0,0,0,0,0,0
"DE","Germany","DE","DEU","DE","DE24","Oberfranken",0,0,0,0,0,0
"DE","Germany","DE","DEU","DE","DE25","Mittelfranken",0,0,0,0,0,0
"DE","Germany","DE","DEU","DE","DE26","Unterfranken",0,0,0,0,0,0
"DE","Germany","DE","DEU","DE","DE60","Hamburg",0,0,0,0,0,0
"DE","Germany","DE","DEU","DE","DE71","Darmstadt",0,0,0,0,0,0
"DE","Germany","DE","DEU","DE","DE72","Gießen",0,0,0,0,0,0
"DE","Germany","DE","DEU","DE","DE73","Kassel",0,0,0,0,0,0
"DE","Germany","DE","DEU","DE","DE80","Mecklenburg-Vorpommern",0,0,0,0,0,0
"DE","Germany","DE","DEU","DE","DE91","Braunschweig",0,0,0,0,0,0
"DE","Germany","DE","DEU","DE","DE92","Hannover",0,0,0,0,0,0
"DE","Germany","DE","DEU","DE","DE93","Lüneburg",0,0,0,0,0,0
"DE","Germany","DE","DEU","DE","DE94","Weser-Ems",0,0,0,0,0,0
"DE","Germany","DE","DEU","DE","DEA1","Düsseldorf",0,0,0,0,0,0
"DE","Germany","DE","DEU","DE","DE30","Berlin",0,0,0,0,0,0
"DE","Germany","DE","DEU","DE","DE40","Brandenburg",0,0,0,0,0,0
"DE","Germany","DE","DEU","DE","DE50","Bremen",0,0,0,0,0,0
"DE","Germany","DE","DEU","DE","DEA5","Arnsberg",0,0,0,0,0,0
"DE","Germany","DE","DEU","DE","DEB1","Koblenz",0,0,0,0,0,0
"DE","Germany","DE","DEU","DE","DEB2","Trier",0,0,0,0,0,0
"DE","Germany","DE","DEU","DE","DEB3","Rheinhessen-Pfalz",0,0,0,0,0,0
"DE","Germany","DE","DEU","DE","DEC0","Saarland",0,0,0,0,0,0
"DE","Germany","DE","DEU","DE","DED2","Dresden",0,0,0,0,0,0
"DE","Germany","DE","DEU","DE","DED4","Chemnitz",0,0,0,0,0,0
"DE","Germany","DE","DEU","DE","DED5","Leipzig",0,0,0,0,0,0
"DE","Germany","DE","DEU","DE","DEE0","Sachsen-Anhalt",0,0,0,0,0,0
"DE","Germany","DE","DEU","DE","DEF0","Schleswig-Holstein",0,0,0,0,0,0
"DE","Germany","DE","DEU","DE","DEA2","Köln",0,0,0,0,0,0
"DE","Germany","DE","DEU","DE","DEA3","Münster",0,0,0,0,0,0
"DE","Germany","DE","DEU","DE","DEA4","Detmold",0,0,0,0,0,0
"DE","Germany","DE","DEU","DE","DE11","Stuttgart",0,0,0,0,0,0
"DE","Germany","DE","DEU","DE","DEG0","Thüringen",0,0,0,0,0,0
"DK","Denmark","DK","DNK","DK","DK04","Midtjylland",0,0,0,0,0,0
"DK","Denmark","DK","DNK","DK","DK05","Nordjylland",0,0,0,0,0,0
"DK","Denmark","DK","DNK","DK","DK01","Hovedstaden",0,0,0,0,0,0
"DK","Denmark","DK","DNK","DK","DK02","Sjælland",0,0,0,0,0,0
"DK","Denmark","DK","DNK","DK","DK03","Syddanmark",0,0,0,0,0,0
"EE","Estonia","EE","EST","EE","EE00","Eesti",0,0,0,0,0,0
"EL","Greece","GR","GRC","EL","EL30","Aττική",0,0,0,0,0,0
"EL","Greece","GR","GRC","EL","EL41","Βόρειο Αιγαίο",0,0,0,0,0,0
"EL","Greece","GR","GRC","EL","EL42","Νότιο Αιγαίο",0,0,0,0,0,0
"EL","Greece","GR","GRC","EL","EL43","Κρήτη",0,0,0,0,0,0
"EL","Greece","GR","GRC","EL","EL51","Aνατολική Μακεδονία, Θράκη",1.24406097466201e-05,5.42176411429524e-07,6.4866887898738e-05,0.00013259032124904,0.000196512898910534,6.65385684533234e-06
"EL","Greece","GR","GRC","EL","EL52","Κεντρική Μακεδονία",0,0,0,0,0,0
"EL","Greece","GR","GRC","EL","EL53","Δυτική Μακεδονία",0,0,0,0,0,0
"EL","Greece","GR","GRC","EL","EL64","Στερεά Ελλάδα",0,0,0,0,0,0
"EL","Greece","GR","GRC","EL","EL65","Πελοπόννησος",0,0,0,0,0,0
"EL","Greece","GR","GRC","EL","EL61","Θεσσαλία",0,0,0,0,0,0
"EL","Greece","GR","GRC","EL","EL62","Ιόνια Νησιά",0,0,0,0,0,0
"EL","Greece","GR","GRC","EL","EL63","Δυτική Ελλάδα",0,0,0,0,0,0
"EL","Greece","GR","GRC","EL","EL54","Ήπειρος",0,0,0,0,0,0
"ES","Spain","ES","ESP","ES","ES11","Galicia",0,0,0,0,0,0
"ES","Spain","ES","ESP","ES","ES12","Principado de Asturias",0,0,0,0,0,0
"ES","Spain","ES","ESP","ES","ES13","Cantabria",0,0,0,0,0,0
"ES","Spain","ES","ESP","ES","ES21","País Vasco",0,0,0,0,0,0
"ES","Spain","ES","ESP","ES","ES22","Comunidad Foral de Navarra",0,0,0,0,0,0
"ES","Spain","ES","ESP","ES","ES23","La Rioja",0,0,0,0,0,0
"ES","Spain","ES","ESP","ES","ES24","Aragón",0,0,0,0,0,0
"ES","Spain","ES","ESP","ES","ES51","Cataluña",0,0,0,0,0,0
"ES","Spain","ES","ESP","ES","ES52","Comunitat Valenciana",0,0,0,0,0,0
"ES","Spain","ES","ESP","ES","ES53","Illes Balears",0,0,0,0,0,0
"ES","Spain","ES","ESP","ES","ES61","Andalucía",0,0,0,0,0,0
"ES","Spain","ES","ESP","ES","ES62","Región de Murcia",0,0,0,0,0,0
"ES","Spain","ES","ESP","ES","ES63","Ciudad de Ceuta",0,0,0,0,0,0
"ES","Spain","ES","ESP","ES","ES64","Ciudad de Melilla",0,0,0,0,0,0
"ES","Spain","ES","ESP","ES","ES70","Canarias",0,0,0,0,0,0
"ES","Spain","ES","ESP","ES","ES43","Extremadura",0,0,0,0,0,0
"ES","Spain","ES","ESP","ES","ES30","Comunidad de Madrid",0,0,0,0,0,0
"ES","Spain","ES","ESP","ES","ES41","Castilla y León",0,0,0,0,0,0
"ES","Spain","ES","ESP","ES","ES42","Castilla-La Mancha",0,0,0,0,0,0
"FI","Finland","FI","FIN","FI","FI19","Länsi-Suomi",0,0,0,0,0,0
"FI","Finland","FI","FIN","FI","FI20","Åland",0,0,0,0,0,0
"FI","Finland","FI","FIN","FI","FI1B","Helsinki-Uusimaa",0,0,0,0,0,0
"FI","Finland","FI","FIN","FI","FI1C","Etelä-Suomi",0,0,0,0,0,0
"FI","Finland","FI","FIN","FI","FI1D","Pohjois- ja Itä-Suomi",0,0,0,0,0,0
"FR","France","FR","FRA","FR","FRB0","Centre — Val de Loire",0,0,0,0,0,0
"FR","France","FR","FRA","FR","FRD2","Haute-Normandie",0,0,0,0,0,0
"FR","France","FR","FRA","FR","FRC1","Bourgogne",0,0,0,0,0,0
"FR","France","FR","FRA","FR","FRC2","Franche-Comté",0,0,0,0,0,0
"FR","France","FR","FRA","FR","FRD1","Basse-Normandie",0,0,0,0,0,0
"FR","France","FR","FRA","FR","FRF2","Champagne-Ardenne",0,0,0,0,0,0
"FR","France","FR","FRA","FR","FRE1","Nord-Pas de Calais",0,0,0,0,0,0
"FR","France","FR","FRA","FR","FRE2","Picardie",0,0,0,0,0,0
"FR","France","FR","FRA","FR","FRF1","Alsace",0,0,0,0,0,0
"FR","France","FR","FRA","FR","FR10","Ile-de-France",0,0,0,0,0,0
"FR","France","FR","FRA","FR","FRI2","Limousin",0,0,0,0,0,0
"FR","France","FR","FRA","FR","FRI3","Poitou-Charentes",0,0,0,0,0,0
"FR","France","FR","FRA","FR","FRJ1","Languedoc-Roussillon",0,0,0,0,0,0
"FR","France","FR","FRA","FR","FRJ2","Midi-Pyrénées",0,0,0,0,0,0
"FR","France","FR","FRA","FR","FRK1","Auvergne",0,0,0,0,0,0
"FR","France","FR","FRA","FR","FRK2","Rhône-Alpes",0,0,0,0,0,0
"FR","France","FR","FRA","FR","FRL0","Provence-Alpes-Côte d’Azur",0,0,0,0,0,0
"FR","France","FR","FRA","FR","FRM0","Corse",0,0,0,0,0,0
"FR","France","FR","FRA","FR","FRI1","Aquitaine",0,0,0,0,0,0
"FR","France","FR","FRA","FR","FRF3","Lorraine",0,0,0,0,0,0
"FR","France","FR","FRA","FR","FRG0","Pays de la Loire",0,0,0,0,0,0
"FR","France","FR","FRA","FR","FRH0","Bretagne",0,0,0,0,0,0
"HR","Croatia","HR","HRV","HR","HR02","Panonska Hrvatska",0,0,0,0,0,0
"HR","Croatia","HR","HRV","HR","HR03","Jadranska Hrvatska",0,0,0,0,0,0
"HR","Croatia","HR","HRV","HR","HR05","Grad Zagreb",0,0,0,0,0,0
"HR","Croatia","HR","HRV","HR","HR06","Sjeverna Hrvatska",0,0,0,0,0,0
"HU","Hungary","HU","HUN","HU","HU12","Pest",0,0,0,0,0,0
"HU","Hungary","HU","HUN","HU","HU31","Észak-Magyarország",0,0,0,0,0,0
"HU","Hungary","HU","HUN","HU","HU21","Közép-Dunántúl",0,0,0,0,0,0
"HU","Hungary","HU","HUN","HU","HU22","Nyugat-Dunántúl",0,0,0,0,0,0
"HU","Hungary","HU","HUN","HU","HU23","Dél-Dunántúl",0,0,0,0,0,0
"HU","Hungary","HU","HUN","HU","HU11","Budapest",0,0,0,0,0,0
"HU","Hungary","HU","HUN","HU","HU32","Észak-Alföld",2.450221403333e-06,1.05106457257694e-07,5.09637205762894e-06,2.57860582989265e-05,3.89146723082701e-05,1.1812421165801e-06
"HU","Hungary","HU","HUN","HU","HU33","Dél-Alföld",0,0,0,0,0,0
"IE","Ireland","IE","IRL","IE","IE04","Northern and Western",0,0,0,0,0,0
"IE","Ireland","IE","IRL","IE","IE05","Southern",0,0,0,0,0,0
"IE","Ireland","IE","IRL","IE","IE06","Eastern and Midland",0,0,0,0,0,0
"IS","Iceland","IS","ISL","IS","IS00","Ísland",0,0,0,0,0,0
"IT","Italy","IT","ITA","IT","ITC3","Liguria",0,0,0,0,0,0
"IT","Italy","IT","ITA","IT","ITC4","Lombardia",0,0,0,0,0,0
"IT","Italy","IT","ITA","IT","ITF3","Campania",0,0,0,0,0,0
"IT","Italy","IT","ITA","IT","ITF4","Puglia",0,0,0,0,0,0
"IT","Italy","IT","ITA","IT","ITF1","Abruzzo",0,0,0,0,0,0
"IT","Italy","IT","ITA","IT","ITF2","Molise",0,0,0,0,0,0
"IT","Italy","IT","ITA","IT","ITG1","Sicilia",0,0,0,0,0,0
"IT","Italy","IT","ITA","IT","ITG2","Sardegna",0,0,0,0,0,0
"IT","Italy","IT","ITA","IT","ITF5","Basilicata",0,0,0,0,0,0
"IT","Italy","IT","ITA","IT","ITF6","Calabria",0,0,0,0,0,0
"IT","Italy","IT","ITA","IT","ITH3","Veneto",0,0,0,0,0,0
"IT","Italy","IT","ITA","IT","ITH4","Friuli-Venezia Giulia",0,0,0,0,0,0
"IT","Italy","IT","ITA","IT","ITH5","Emilia-Romagna",0,0,0,0,0,0
"IT","Italy","IT","ITA","IT","ITI1","Toscana",0,0,0,0,0,0
"IT","Italy","IT","ITA","IT","ITI2","Umbria",0,0,0,0,0,0
"IT","Italy","IT","ITA","IT","ITI3","Marche",0,0,0,0,0,0
"IT","Italy","IT","ITA","IT","ITI4","Lazio",0,0,0,0,0,0
"IT","Italy","IT","ITA","IT","ITH1","Provincia Autonoma di Bolzano/Bozen",0,0,0,0,0,0
"IT","Italy","IT","ITA","IT","ITH2","Provincia Autonoma di Trento",0,0,0,0,0,0
"IT","Italy","IT","ITA","IT","ITC1","Piemonte",0,0,0,0,0,0
"IT","Italy","IT","ITA","IT","ITC2","Valle d’Aosta/Vallée d’Aoste",0,0,0,0,0,0
"LT","Lithuania","LT","LTU","LT","LT01","Sostinės regionas",0,0,0,0,0,0
"LT","Lithuania","LT","LTU","LT","LT02","Vidurio ir vakarų Lietuvos regionas",0,0,0,0,0,0
"LU","Luxembourg","LU","LUX","LU","LU00","Luxembourg",0,0,0,0,0,0
"LV","Latvia","LV","LVA","LV","LV00","Latvija",0,0,0,0,0,0
"ME","Montenegro","ME","MNE","ME","ME00","Црна Гора",0,0,0,0,0,0
"MK","North Macedonia","MK","MKD","MK","MK00","Северна Македонија",0,0,0,0,0,0
"MT","Malta","MT","MLT","MT","MT00","Malta",0,0,0,0,0,0
"NL","Netherlands (the)","NL","NLD","NL","NL12","Friesland (NL)",0,0,0,0,0,0
"NL","Netherlands (the)","NL","NLD","NL","NL23","Flevoland",0,0,0,0,0,0
"NL","Netherlands (the)","NL","NLD","NL","NL13","Drenthe",0,0,0,0,0,0
"NL","Netherlands (the)","NL","NLD","NL","NL21","Overijssel",0,0,0,0,0,0
"NL","Netherlands (the)","NL","NLD","NL","NL22","Gelderland",0,0,0,0,0,0
"NL","Netherlands (the)","NL","NLD","NL","NL34","Zeeland",0,0,0,0,0,0
"NL","Netherlands (the)","NL","NLD","NL","NL31","Utrecht",0,0,0,0,0,0
"NL","Netherlands (the)","NL","NLD","NL","NL32","Noord-Holland",0,0,0,0,0,0
"NL","Netherlands (the)","NL","NLD","NL","NL33","Zuid-Holland",0,0,0,0,0,0
"NL","Netherlands (the)","NL","NLD","NL","NL11","Groningen",0,0,0,0,0,0
"NL","Netherlands (the)","NL","NLD","NL","NL41","Noord-Brabant",0,0,0,0,0,0
"NL","Netherlands (the)","NL","NLD","NL","NL42","Limburg (NL)",0,0,0,0,0,0
"NO","Norway","NO","NOR","NO","NO07","Nord-Norge",0,0,0,0,0,0
"NO","Norway","NO","NOR","NO","NO08","Oslo og Viken",0,0,0,0,0,0
"NO","Norway","NO","NOR","NO","NO02","Innlandet",0,0,0,0,0,0
"NO","Norway","NO","NOR","NO","NO06","Trøndelag",0,0,0,0,0,0
"NO","Norway","NO","NOR","NO","NO09","Agder og Sør-Østlandet",0,0,0,0,0,0
"NO","Norway","NO","NOR","NO","NO0A","Vestlandet",0,0,0,0,0,0
"PL","Poland","PL","POL","PL","PL21","Małopolskie",0,0,0,0,0,0
"PL","Poland","PL","POL","PL","PL22","Śląskie",0,0,0,0,0,0
"PL","Poland","PL","POL","PL","PL41","Wielkopolskie",0,0,0,0,0,0
"PL","Poland","PL","POL","PL","PL42","Zachodniopomorskie",0,0,0,0,0,0
"PL","Poland","PL","POL","PL","PL43","Lubuskie",0,0,0,0,0,0
"PL","Poland","PL","POL","PL","PL51","Dolnośląskie",0,0,0,0,0,0
"PL","Poland","PL","POL","PL","PL71","Łódzkie",0,0,0,0,0,0
"PL","Poland","PL","POL","PL","PL72","Świętokrzyskie",0,0,0,0,0,0
"PL","Poland","PL","POL","PL","PL81","Lubelskie",0,0,0,0,0,0
"PL","Poland","PL","POL","PL","PL82","Podkarpackie",0,0,0,0,0,0
"PL","Poland","PL","POL","PL","PL84","Podlaskie",0,0,0,0,0,0
"PL","Poland","PL","POL","PL","PL91","Warszawski stołeczny",0,0,0,0,0,0
"PL","Poland","PL","POL","PL","PL92","Mazowiecki regionalny",0,0,0,0,0,0
"PL","Poland","PL","POL","PL","PL62","Warmińsko-mazurskie",0,0,0,0,0,0
"PL","Poland","PL","POL","PL","PL63","Pomorskie",0,0,0,0,0,0
"PL","Poland","PL","POL","PL","PL52","Opolskie",0,0,0,0,0,0
"PL","Poland","PL","POL","PL","PL61","Kujawsko-pomorskie",0,0,0,0,0,0
"PT","Portugal","PT","PRT","PT","PT11","Norte",0,0,0,0,0,0
"PT","Portugal","PT","PRT","PT","PT15","Algarve",0,0,0,0,0,0
"PT","Portugal","PT","PRT","PT","PT30","Região Autónoma da Madeira",0,0,0,0,0,0
"PT","Portugal","PT","PRT","PT","PT16","Centro (PT)",0,0,0,0,0,0
"PT","Portugal","PT","PRT","PT","PT17","Área Metropolitana de Lisboa",0,0,0,0,0,0
"PT","Portugal","PT","PRT","PT","PT18","Alentejo",0,0,0,0,0,0
"PT","Portugal","PT","PRT","PT","PT20","Região Autónoma dos Açores",0,0,0,0,0,0
"RO","Romania","RO","ROU","RO","RO11","Nord-Vest",0.000114073613533308,7.38017077845241e-06,0.000230021292562192,0.000934972318336845,0.00144792215911995,6.63148695619775e-05
"RO","Romania","RO","ROU","RO","RO12","Centru",0.00475358883889401,0.000457666573633547,0.00416087812787717,0.0153648639110649,0.021845278481637,0.00276880014103173
"RO","Romania","RO","ROU","RO","RO21","Nord-Est",0.0188388390786313,0.00336370702520977,0.0234242229460912,0.0565626923798025,0.0764784144969173,0.0155348924324801
"RO","Romania","RO","ROU","RO","RO22","Sud-Est",0.0326489220788976,0.00436966484041214,0.023390114120904,0.0599634516561736,0.0801678867708666,0.0186203281607176
"RO","Romania","RO","ROU","RO","RO31","Sud-Muntenia",0.0198700541485611,0.00403070505225049,0.0213446447634513,0.0565343718316979,0.0768309345713963,0.0161165879472397
"RO","Romania","RO","ROU","RO","RO32","Bucureşti-Ilfov",0.0364573664099889,0.0059661094464841,0.0422832027999622,0.0844736042851267,0.1140134899957,0.0252973766393067
"RO","Romania","RO","ROU","RO","RO41","Sud-Vest Oltenia",0.00123378297356406,8.29600701760279e-05,0.00127722965014184,0.00518732128199367,0.0077660651279448,0.00060773477724514
"RO","Romania","RO","ROU","RO","RO42","Vest",1.15987341992156e-05,6.55388040456275e-07,2.89846759399731e-05,0.00015033790833141,0.000234548235761123,7.56869423016194e-06
"SE","Sweden","SE","SWE","SE","SE11","Stockholm",0,0,0,0,0,0
"SE","Sweden","SE","SWE","SE","SE12","Östra Mellansverige",0,0,0,0,0,0
"SE","Sweden","SE","SWE","SE","SE21","Småland med öarna",0,0,0,0,0,0
"SE","Sweden","SE","SWE","SE","SE22","Sydsverige",0,0,0,0,0,0
"SE","Sweden","SE","SWE","SE","SE23","Västsverige",0,0,0,0,0,0
"SE","Sweden","SE","SWE","SE","SE31","Norra Mellansverige",0,0,0,0,0,0
"SE","Sweden","SE","SWE","SE","SE32","Mellersta Norrland",0,0,0,0,0,0
"SE","Sweden","SE","SWE","SE","SE33","Övre Norrland",0,0,0,0,0,0
"SI","Slovenia","SI","SVN","SI","SI03","Vzhodna Slovenija",0,0,0,0,0,0
"SI","Slovenia","SI","SVN","SI","SI04","Zahodna Slovenija",0,0,0,0,0,0
"SK","Slovakia","SK","SVK","SK","SK01","Bratislavský kraj",0,0,0,0,0,0
"SK","Slovakia","SK","SVK","SK","SK02","Západné Slovensko",0,0,0,0,0,0
"SK","Slovakia","SK","SVK","SK","SK03","Stredné Slovensko",0,0,0,0,0,0
"SK","Slovakia","SK","SVK","SK","SK04","Východné Slovensko",0,0,0,0,0,0
"TR","Turkey","TR","TUR","TR","TR10","İstanbul",0,0,0,0,0,0
"TR","Turkey","TR","TUR","TR","TR21","Tekirdağ, Edirne, Kırklareli",8.4156665615226e-05,2.57288126679833e-06,0.000251733060956649,0.000441036311347547,0.000644284802774434,2.6416080436169e-05
"TR","Turkey","TR","TUR","TR","TR22","Balıkesir, Çanakkale",0,0,0,0,0,0
"TR","Turkey","TR","TUR","TR","TR31","İzmir",0,0,0,0,0,0
"TR","Turkey","TR","TUR","TR","TR32","Aydın, Denizli, Muğla",0,0,0,0,0,0
"TR","Turkey","TR","TUR","TR","TR33","Manisa, Afyonkarahisar, Kütahya, Uşak",0,0,0,0,0,0
"TR","Turkey","TR","TUR","TR","TR41","Bursa, Eskişehir, Bilecik",0,0,0,0,0,0
"TR","Turkey","TR","TUR","TR","TR42","Kocaeli, Sakarya, Düzce, Bolu, Yalova",0,0,0,0,0,0
"TR","Turkey","TR","TUR","TR","TR51","Ankara",0,0,0,0,0,0
"TR","Turkey","TR","TUR","TR","TR52","Konya, Karaman",0,0,0,0,0,0
"TR","Turkey","TR","TUR","TR","TR61","Antalya, Isparta, Burdur",0,0,0,0,0,0
"TR","Turkey","TR","TUR","TR","TR62","Adana, Mersin",0,0,0,0,0,0
"TR","Turkey","TR","TUR","TR","TR63","Hatay, Kahramanmaraş, Osmaniye",0,0,0,0,0,0
"TR","Turkey","TR","TUR","TR","TR71","Kırıkkale, Aksaray, Niğde, Nevşehir, Kırşehir",0,0,0,0,0,0
"TR","Turkey","TR","TUR","TR","TR72","Kayseri, Sivas, Yozgat",0,0,0,0,0,0
"TR","Turkey","TR","TUR","TR","TR81","Zonguldak, Karabük, Bartın",0,0,0,0,0,0
"TR","Turkey","TR","TUR","TR","TR82","Kastamonu, Çankırı, Sinop",0,0,0,0,0,0
"TR","Turkey","TR","TUR","TR","TR83","Samsun, Tokat, Çorum, Amasya",0,0,0,0,0,0
"TR","Turkey","TR","TUR","TR","TR90","Trabzon, Ordu, Giresun, Rize, Artvin, Gümüşhane",0,0,0,0,0,0
"TR","Turkey","TR","TUR","TR","TRA1","Erzurum, Erzincan, Bayburt",0,0,0,0,0,0
"TR","Turkey","TR","TUR","TR","TRA2","Ağrı, Kars, Iğdır, Ardahan",0,0,0,0,0,0
"TR","Turkey","TR","TUR","TR","TRB1","Malatya, Elazığ, Bingöl, Tunceli",0,0,0,0,0,0
"TR","Turkey","TR","TUR","TR","TRB2","Van, Muş, Bitlis, Hakkari",0,0,0,0,0,0
"TR","Turkey","TR","TUR","TR","TRC1","Gaziantep, Adıyaman, Kilis",0,0,0,0,0,0
"TR","Turkey","TR","TUR","TR","TRC2","Şanlıurfa, Diyarbakır",0,0,0,0,0,0
"TR","Turkey","TR","TUR","TR","TRC3","Mardin, Batman, Şırnak, Siirt",0,0,0,0,0,0
"UK","United Kingdom","GB","GBR","UK","UKC1","Tees Valley and Durham",0,0,0,0,0,0
"UK","United Kingdom","GB","GBR","UK","UKC2","Northumberland and Tyne and Wear",0,0,0,0,0,0
"UK","United Kingdom","GB","GBR","UK","UKD1","Cumbria",0,0,0,0,0,0
"UK","United Kingdom","GB","GBR","UK","UKD3","Greater Manchester",0,0,0,0,0,0
"UK","United Kingdom","GB","GBR","UK","UKD4","Lancashire",0,0,0,0,0,0
"UK","United Kingdom","GB","GBR","UK","UKD6","Cheshire",0,0,0,0,0,0
"UK","United Kingdom","GB","GBR","UK","UKD7","Merseyside",0,0,0,0,0,0
"UK","United Kingdom","GB","GBR","UK","UKE1","East Yorkshire and Northern Lincolnshire",0,0,0,0,0,0
"UK","United Kingdom","GB","GBR","UK","UKE2","North Yorkshire",0,0,0,0,0,0
"UK","United Kingdom","GB","GBR","UK","UKE3","South Yorkshire",0,0,0,0,0,0
"UK","United Kingdom","GB","GBR","UK","UKE4","West Yorkshire",0,0,0,0,0,0
"UK","United Kingdom","GB","GBR","UK","UKF1","Derbyshire and Nottinghamshire",0,0,0,0,0,0
"UK","United Kingdom","GB","GBR","UK","UKF2","Leicestershire, Rutland and Northamptonshire",0,0,0,0,0,0
"UK","United Kingdom","GB","GBR","UK","UKF3","Lincolnshire",0,0,0,0,0,0
"UK","United Kingdom","GB","GBR","UK","UKG1","Herefordshire, Worcestershire and Warwickshire",0,0,0,0,0,0
"UK","United Kingdom","GB","GBR","UK","UKG2","Shropshire and Staffordshire",0,0,0,0,0,0
"UK","United Kingdom","GB","GBR","UK","UKG3","West Midlands",0,0,0,0,0,0
"UK","United Kingdom","GB","GBR","UK","UKH1","East Anglia",0,0,0,0,0,0
"UK","United Kingdom","GB","GBR","UK","UKH2","Bedfordshire and Hertfordshire",0,0,0,0,0,0
"UK","United Kingdom","GB","GBR","UK","UKH3","Essex",0,0,0,0,0,0
"UK","United Kingdom","GB","GBR","UK","UKI3","Inner London — West",0,0,0,0,0,0
"UK","United Kingdom","GB","GBR","UK","UKI4","Inner London — East",0,0,0,0,0,0
"UK","United Kingdom","GB","GBR","UK","UKI5","Outer London — East and North East",0,0,0,0,0,0
"UK","United Kingdom","GB","GBR","UK","UKI6","Outer London — South",0,0,0,0,0,0
"UK","United Kingdom","GB","GBR","UK","UKI7","Outer London — West and North West",0,0,0,0,0,0
"UK","United Kingdom","GB","GBR","UK","UKJ1","Berkshire, Buckinghamshire and Oxfordshire",0,0,0,0,0,0
"UK","United Kingdom","GB","GBR","UK","UKJ2","Surrey, East and West Sussex",0,0,0,0,0,0
"UK","United Kingdom","GB","GBR","UK","UKJ3","Hampshire and Isle of Wight",0,0,0,0,0,0
"UK","United Kingdom","GB","GBR","UK","UKJ4","Kent",0,0,0,0,0,0
"UK","United Kingdom","GB","GBR","UK","UKK1","Gloucestershire, Wiltshire and Bristol/Bath area",0,0,0,0,0,0
"UK","United Kingdom","GB","GBR","UK","UKK2","Dorset and Somerset",0,0,0,0,0,0
"UK","United Kingdom","GB","GBR","UK","UKK3","Cornwall and Isles of Scilly",0,0,0,0,0,0
"UK","United Kingdom","GB","GBR","UK","UKK4","Devon",0,0,0,0,0,0
"UK","United Kingdom","GB","GBR","UK","UKL1","West Wales and The Valleys",0,0,0,0,0,0
"UK","United Kingdom","GB","GBR","UK","UKL2","East Wales",0,0,0,0,0,0
"UK","United Kingdom","GB","GBR","UK","UKM5","North Eastern Scotland",0,0,0,0,0,0
"UK","United Kingdom","GB","GBR","UK","UKM6","Highlands and Islands",0,0,0,0,0,0
"UK","United Kingdom","GB","GBR","UK","UKM7","Eastern Scotland",0,0,0,0,0,0
"UK","United Kingdom","GB","GBR","UK","UKM8","West Central Scotland",0,0,0,0,0,0
"UK","United Kingdom","GB","GBR","UK","UKM9","Southern Scotland",0,0,0,0,0,0
"UK","United Kingdom","GB","GBR","UK","UKN0","Northern Ireland",0,0,0,0,0,0
