"CNTR_CODE","CNTR_NAME","CNTR_CODE_iso2","CNTR_CODE_iso3","CNTR_CODE_Eurostat","NUTS2","NAME","A","B","C","D","E","F","G","H","I","J","K","L","M","N","O","P","Q","R","S","T","U"
"AL","Albania","AL","ALB","AL","AL01","Veri",0,0,0,0,0,0,0,0,0,0,0,0,0,0,0,0,0,0,0,0,0
"AL","Albania","AL","ALB","AL","AL02","Qender",0,0,0,0,0,0,0,0,0,0,0,0,0,0,0,0,0,0,0,0,0
"AL","Albania","AL","ALB","AL","AL03","Jug",0,0,0,0,0,0,0,0,0,0,0,0,0,0,0,0,0,0,0,0,0
"AT","Austria","AT","AUT","AT","AT21","Kärnten",0,0,0,0,0,0,0,0,0,0,0,0,0,0,0,0,0,0,0,0,0
"AT","Austria","AT","AUT","AT","AT22","Steiermark",0,0,0,0,0,0,0,0,0,0,0,0,0,0,0,0,0,0,0,0,0
"AT","Austria","AT","AUT","AT","AT32","Salzburg",0,0,0,0,0,0,0,0,0,0,0,0,0,0,0,0,0,0,0,0,0
"AT","Austria","AT","AUT","AT","AT33","Tirol",0,0,0,0,0,0,0,0,0,0,0,0,0,0,0,0,0,0,0,0,0
"AT","Austria","AT","AUT","AT","AT34","Vorarlberg",0,0,0,0,0,0,0,0,0,0,0,0,0,0,0,0,0,0,0,0,0
"AT","Austria","AT","AUT","AT","AT31","Oberösterreich",0,0,0,0,0,0,0,0,0,0,0,0,0,0,0,0,0,0,0,0,0
"AT","Austria","AT","AUT","AT","AT11","Burgenland",0,0,0,0,0,0,0,0,0,0,0,0,0,0,0,0,0,0,0,0,0
"AT","Austria","AT","AUT","AT","AT12","Niederösterreich",0,0,0,0,0,0,0,0,0,0,0,0,0,0,0,0,0,0,0,0,0
"AT","Austria","AT","AUT","AT","AT13","Wien",0,0,0,0,0,0,0,0,0,0,0,0,0,0,0,0,0,0,0,0,0
"BE","Belgium","BE","BEL","BE","BE10","Région de Bruxelles-Capitale/ Brussels Hoofdstedelijk Gewest",0,0,0,0,0,0,0,0,0,0,0,0,0,0,0,0,0,0,0,0,0
"BE","Belgium","BE","BEL","BE","BE21","Prov. Antwerpen",0,0,0,0,0,0,0,0,0,0,0,0,0,0,0,0,0,0,0,0,0
"BE","Belgium","BE","BEL","BE","BE22","Prov. Limburg (BE)",0,0,0,0,0,0,0,0,0,0,0,0,0,0,0,0,0,0,0,0,0
"BE","Belgium","BE","BEL","BE","BE23","Prov. Oost-Vlaanderen",0,0,0,0,0,0,0,0,0,0,0,0,0,0,0,0,0,0,0,0,0
"BE","Belgium","BE","BEL","BE","BE33","Prov. Liège",0,0,0,0,0,0,0,0,0,0,0,0,0,0,0,0,0,0,0,0,0
"BE","Belgium","BE","BEL","BE","BE34","Prov. Luxembourg (BE)",0,0,0,0,0,0,0,0,0,0,0,0,0,0,0,0,0,0,0,0,0
"BE","Belgium","BE","BEL","BE","BE35","Prov. Namur",0,0,0,0,0,0,0,0,0,0,0,0,0,0,0,0,0,0,0,0,0
"BE","Belgium","BE","BEL","BE","BE31","Prov. Brabant Wallon",0,0,0,0,0,0,0,0,0,0,0,0,0,0,0,0,0,0,0,0,0
"BE","Belgium","BE","BEL","BE","BE32","Prov. Hainaut",0,0,0,0,0,0,0,0,0,0,0,0,0,0,0,0,0,0,0,0,0
"BE","Belgium","BE","BEL","BE","BE24","Prov. Vlaams-Brabant",0,0,0,0,0,0,0,0,0,0,0,0,0,0,0,0,0,0,0,0,0
"BE","Belgium","BE","BEL","BE","BE25","Prov. West-Vlaanderen",0,0,0,0,0,0,0,0,0,0,0,0,0,0,0,0,0,0,0,0,0
"BG","Bulgaria","BG","BGR","BG","BG31","Северозападен",2.58996355314153,0.150099536977136,6.1545581691621,9.05428288725656,1.54298797322182,12.7885838875207,15.8702090650855,0.569493325479547,7.54331101325875,2.80932327975128,1.87021904523639,144.495658802415,2.82615344907104,2.99844664159006,29.1858333277043,2.67640053740316,1.69059472488413,1.2271194075136,0.279543679183272,0,0
"BG","Bulgaria","BG","BGR","BG","BG32","Северен централен",13.8034412621476,1.04859177094436,32.770673323546,31.3339997146466,5.33979171124452,42.7187444449868,49.9064264712862,2.9852692488459,23.721155461112,9.09161883330435,6.23198478453071,483.474160463253,9.49536977768799,10.0742440683548,98.0591764426716,8.99222679653128,5.68009570119418,4.12290158538599,0.939216730688507,0,0
"BG","Bulgaria","BG","BGR","BG","BG33","Североизточен",6.57320337665537,0.403558585824822,14.955801153201,27.9899041573977,4.7699067970674,36.144624911983,47.6326429544513,1.79194901106893,22.6403974084634,8.51132101265301,5.71035972177402,386.035139328593,8.6685475637785,9.19701558972991,89.5205405328847,8.20921644075189,5.18549365695208,3.76389433275956,0.85743315882241,0,0
"BG","Bulgaria","BG","BGR","BG","BG34","Югоизточен",1.72753417805457,0.162465152529544,7.39662107248802,11.0178468215429,1.87760923179993,15.8229874947097,20.0090473828531,0.5824192569974,9.51055319239295,3.50474627795603,2.31018310204406,178.980420154492,3.47434883492805,3.68615851316447,35.8797807146121,3.2902491872775,2.07834284959558,1.50856666513062,0.343658712658065,0,0
"BG","Bulgaria","BG","BGR","BG","BG41","Югозападен",0.0941835189769921,0.0218811945657668,1.33802219684061,10.8922865786531,1.85621185035004,13.9129501757894,22.1200762227586,0.231402195682547,10.5139518894144,3.73000795089383,2.40378520607957,137.760539206719,3.52261113267883,3.73736306635454,36.3781879679866,3.33595415056566,2.10721318075721,1.52952221594851,0.348432487515734,0,0
"BG","Bulgaria","BG","BGR","BG","BG42","Южен централен",0.769946442586263,0.0628433619809224,3.33742342619527,6.8149419240903,1.16137010053843,9.95301275098944,13.0942276233278,0.262442513570883,6.22385193768294,2.25162049701598,1.4656152941283,111.926608550111,2.17836231675051,2.31116366840374,22.4960606880458,2.06293472037983,1.30308842316942,0.945847677294204,0.215468631690468,0,0
"CH","Switzerland","CH","CHE","CH","CH05","Ostschweiz",0,0,0,0,0,0,0,0,0,0,0,0,0,0,0,0,0,0,0,0,0
"CH","Switzerland","CH","CHE","CH","CH06","Zentralschweiz",0,0,0,0,0,0,0,0,0,0,0,0,0,0,0,0,0,0,0,0,0
"CH","Switzerland","CH","CHE","CH","CH07","Ticino",0,0,0,0,0,0,0,0,0,0,0,0,0,0,0,0,0,0,0,0,0
"CH","Switzerland","CH","CHE","CH","CH03","Nordwestschweiz",0,0,0,0,0,0,0,0,0,0,0,0,0,0,0,0,0,0,0,0,0
"CH","Switzerland","CH","CHE","CH","CH04","Zürich",0,0,0,0,0,0,0,0,0,0,0,0,0,0,0,0,0,0,0,0,0
"CH","Switzerland","CH","CHE","CH","CH01","Région lémanique",0,0,0,0,0,0,0,0,0,0,0,0,0,0,0,0,0,0,0,0,0
"CH","Switzerland","CH","CHE","CH","CH02","Espace Mittelland",0,0,0,0,0,0,0,0,0,0,0,0,0,0,0,0,0,0,0,0,0
"CY","Cyprus","CY","CYP","CY","CY00","Κύπρος",0,0,0,0,0,0,0,0,0,0,0,0,0,0,0,0,0,0,0,0,0
"CZ","Czechia","CZ","CZE","CZ","CZ01","Praha",0,0,0,0,0,0,0,0,0,0,0,0,0,0,0,0,0,0,0,0,0
"CZ","Czechia","CZ","CZE","CZ","CZ02","Střední Čechy",0,0,0,0,0,0,0,0,0,0,0,0,0,0,0,0,0,0,0,0,0
"CZ","Czechia","CZ","CZE","CZ","CZ03","Jihozápad",0,0,0,0,0,0,0,0,0,0,0,0,0,0,0,0,0,0,0,0,0
"CZ","Czechia","CZ","CZE","CZ","CZ04","Severozápad",0,0,0,0,0,0,0,0,0,0,0,0,0,0,0,0,0,0,0,0,0
"CZ","Czechia","CZ","CZE","CZ","CZ05","Severovýchod",0,0,0,0,0,0,0,0,0,0,0,0,0,0,0,0,0,0,0,0,0
"CZ","Czechia","CZ","CZE","CZ","CZ08","Moravskoslezsko",0,0,0,0,0,0,0,0,0,0,0,0,0,0,0,0,0,0,0,0,0
"CZ","Czechia","CZ","CZE","CZ","CZ06","Jihovýchod",0,0,0,0,0,0,0,0,0,0,0,0,0,0,0,0,0,0,0,0,0
"CZ","Czechia","CZ","CZE","CZ","CZ07","Střední Morava",0,0,0,0,0,0,0,0,0,0,0,0,0,0,0,0,0,0,0,0,0
"DE","Germany","DE","DEU","DE","DE13","Freiburg",0,0,0,0,0,0,0,0,0,0,0,0,0,0,0,0,0,0,0,0,0
"DE","Germany","DE","DEU","DE","DE12","Karlsruhe",0,0,0,0,0,0,0,0,0,0,0,0,0,0,0,0,0,0,0,0,0
"DE","Germany","DE","DEU","DE","DE23","Oberpfalz",0,0,0,0,0,0,0,0,0,0,0,0,0,0,0,0,0,0,0,0,0
"DE","Germany","DE","DEU","DE","DE14","Tübingen",0,0,0,0,0,0,0,0,0,0,0,0,0,0,0,0,0,0,0,0,0
"DE","Germany","DE","DEU","DE","DE21","Oberbayern",0,0,0,0,0,0,0,0,0,0,0,0,0,0,0,0,0,0,0,0,0
"DE","Germany","DE","DEU","DE","DE22","Niederbayern",0,0,0,0,0,0,0,0,0,0,0,0,0,0,0,0,0,0,0,0,0
"DE","Germany","DE","DEU","DE","DE27","Schwaben",0,0,0,0,0,0,0,0,0,0,0,0,0,0,0,0,0,0,0,0,0
"DE","Germany","DE","DEU","DE","DE24","Oberfranken",0,0,0,0,0,0,0,0,0,0,0,0,0,0,0,0,0,0,0,0,0
"DE","Germany","DE","DEU","DE","DE25","Mittelfranken",0,0,0,0,0,0,0,0,0,0,0,0,0,0,0,0,0,0,0,0,0
"DE","Germany","DE","DEU","DE","DE26","Unterfranken",0,0,0,0,0,0,0,0,0,0,0,0,0,0,0,0,0,0,0,0,0
"DE","Germany","DE","DEU","DE","DE60","Hamburg",0,0,0,0,0,0,0,0,0,0,0,0,0,0,0,0,0,0,0,0,0
"DE","Germany","DE","DEU","DE","DE71","Darmstadt",0,0,0,0,0,0,0,0,0,0,0,0,0,0,0,0,0,0,0,0,0
"DE","Germany","DE","DEU","DE","DE72","Gießen",0,0,0,0,0,0,0,0,0,0,0,0,0,0,0,0,0,0,0,0,0
"DE","Germany","DE","DEU","DE","DE73","Kassel",0,0,0,0,0,0,0,0,0,0,0,0,0,0,0,0,0,0,0,0,0
"DE","Germany","DE","DEU","DE","DE80","Mecklenburg-Vorpommern",0,0,0,0,0,0,0,0,0,0,0,0,0,0,0,0,0,0,0,0,0
"DE","Germany","DE","DEU","DE","DE91","Braunschweig",0,0,0,0,0,0,0,0,0,0,0,0,0,0,0,0,0,0,0,0,0
"DE","Germany","DE","DEU","DE","DE92","Hannover",0,0,0,0,0,0,0,0,0,0,0,0,0,0,0,0,0,0,0,0,0
"DE","Germany","DE","DEU","DE","DE93","Lüneburg",0,0,0,0,0,0,0,0,0,0,0,0,0,0,0,0,0,0,0,0,0
"DE","Germany","DE","DEU","DE","DE94","Weser-Ems",0,0,0,0,0,0,0,0,0,0,0,0,0,0,0,0,0,0,0,0,0
"DE","Germany","DE","DEU","DE","DEA1","Düsseldorf",0,0,0,0,0,0,0,0,0,0,0,0,0,0,0,0,0,0,0,0,0
"DE","Germany","DE","DEU","DE","DE30","Berlin",0,0,0,0,0,0,0,0,0,0,0,0,0,0,0,0,0,0,0,0,0
"DE","Germany","DE","DEU","DE","DE40","Brandenburg",0,0,0,0,0,0,0,0,0,0,0,0,0,0,0,0,0,0,0,0,0
"DE","Germany","DE","DEU","DE","DE50","Bremen",0,0,0,0,0,0,0,0,0,0,0,0,0,0,0,0,0,0,0,0,0
"DE","Germany","DE","DEU","DE","DEA5","Arnsberg",0,0,0,0,0,0,0,0,0,0,0,0,0,0,0,0,0,0,0,0,0
"DE","Germany","DE","DEU","DE","DEB1","Koblenz",0,0,0,0,0,0,0,0,0,0,0,0,0,0,0,0,0,0,0,0,0
"DE","Germany","DE","DEU","DE","DEB2","Trier",0,0,0,0,0,0,0,0,0,0,0,0,0,0,0,0,0,0,0,0,0
"DE","Germany","DE","DEU","DE","DEB3","Rheinhessen-Pfalz",0,0,0,0,0,0,0,0,0,0,0,0,0,0,0,0,0,0,0,0,0
"DE","Germany","DE","DEU","DE","DEC0","Saarland",0,0,0,0,0,0,0,0,0,0,0,0,0,0,0,0,0,0,0,0,0
"DE","Germany","DE","DEU","DE","DED2","Dresden",0,0,0,0,0,0,0,0,0,0,0,0,0,0,0,0,0,0,0,0,0
"DE","Germany","DE","DEU","DE","DED4","Chemnitz",0,0,0,0,0,0,0,0,0,0,0,0,0,0,0,0,0,0,0,0,0
"DE","Germany","DE","DEU","DE","DED5","Leipzig",0,0,0,0,0,0,0,0,0,0,0,0,0,0,0,0,0,0,0,0,0
"DE","Germany","DE","DEU","DE","DEE0","Sachsen-Anhalt",0,0,0,0,0,0,0,0,0,0,0,0,0,0,0,0,0,0,0,0,0
"DE","Germany","DE","DEU","DE","DEF0","Schleswig-Holstein",0,0,0,0,0,0,0,0,0,0,0,0,0,0,0,0,0,0,0,0,0
"DE","Germany","DE","DEU","DE","DEA2","Köln",0,0,0,0,0,0,0,0,0,0,0,0,0,0,0,0,0,0,0,0,0
"DE","Germany","DE","DEU","DE","DEA3","Münster",0,0,0,0,0,0,0,0,0,0,0,0,0,0,0,0,0,0,0,0,0
"DE","Germany","DE","DEU","DE","DEA4","Detmold",0,0,0,0,0,0,0,0,0,0,0,0,0,0,0,0,0,0,0,0,0
"DE","Germany","DE","DEU","DE","DE11","Stuttgart",0,0,0,0,0,0,0,0,0,0,0,0,0,0,0,0,0,0,0,0,0
"DE","Germany","DE","DEU","DE","DEG0","Thüringen",0,0,0,0,0,0,0,0,0,0,0,0,0,0,0,0,0,0,0,0,0
"DK","Denmark","DK","DNK","DK","DK04","Midtjylland",0,0,0,0,0,0,0,0,0,0,0,0,0,0,0,0,0,0,0,0,0
"DK","Denmark","DK","DNK","DK","DK05","Nordjylland",0,0,0,0,0,0,0,0,0,0,0,0,0,0,0,0,0,0,0,0,0
"DK","Denmark","DK","DNK","DK","DK01","Hovedstaden",0,0,0,0,0,0,0,0,0,0,0,0,0,0,0,0,0,0,0,0,0
"DK","Denmark","DK","DNK","DK","DK02","Sjælland",0,0,0,0,0,0,0,0,0,0,0,0,0,0,0,0,0,0,0,0,0
"DK","Denmark","DK","DNK","DK","DK03","Syddanmark",0,0,0,0,0,0,0,0,0,0,0,0,0,0,0,0,0,0,0,0,0
"EE","Estonia","EE","EST","EE","EE00","Eesti",0,0,0,0,0,0,0,0,0,0,0,0,0,0,0,0,0,0,0,0,0
"EL","Greece","GR","GRC","EL","EL30","Aττική",0,0,0,0,0,0,0,0,0,0,0,0,0,0,0,0,0,0,0,0,0
"EL","Greece","GR","GRC","EL","EL41","Βόρειο Αιγαίο",0,0,0,0,0,0,0,0,0,0,0,0,0,0,0,0,0,0,0,0,0
"EL","Greece","GR","GRC","EL","EL42","Νότιο Αιγαίο",0,0,0,0,0,0,0,0,0,0,0,0,0,0,0,0,0,0,0,0,0
"EL","Greece","GR","GRC","EL","EL43","Κρήτη",0,0,0,0,0,0,0,0,0,0,0,0,0,0,0,0,0,0,0,0,0
"EL","Greece","GR","GRC","EL","EL51","Aνατολική Μακεδονία, Θράκη",0.339539237293812,0.00666247096664841,0.168730160209544,1.47466352751821,0.60103495501603,2.09848600145465,3.59955700869108,0.0727097717836412,2.55457671635215,2.5032648529224,0.502210059655736,30.6361705880266,0.208757934783069,0.154071217198249,11.8479413732734,1.04447483555999,0.26723107198306,0.469443910002762,0.284973152465573,0,0
"EL","Greece","GR","GRC","EL","EL52","Κεντρική Μακεδονία",0.0178463670443614,0.000143097435464435,0.00428131170806669,0.0581965104923649,0.0237194020284309,0.0890051964843141,0.1524036159667,0.00203651203042239,0.108159622947041,0.103167963874085,0.0204916628477127,1.31428070109905,0.00834538213497457,0.00615920628289495,0.473637557180704,0.0417543009427196,0.0106829252567333,0.0187666582541197,0.0113921890346582,0,0
"EL","Greece","GR","GRC","EL","EL53","Δυτική Μακεδονία",0,0,0,0,0,0,0,0,0,0,0,0,0,0,0,0,0,0,0,0,0
"EL","Greece","GR","GRC","EL","EL64","Στερεά Ελλάδα",0,0,0,0,0,0,0,0,0,0,0,0,0,0,0,0,0,0,0,0,0
"EL","Greece","GR","GRC","EL","EL65","Πελοπόννησος",0,0,0,0,0,0,0,0,0,0,0,0,0,0,0,0,0,0,0,0,0
"EL","Greece","GR","GRC","EL","EL61","Θεσσαλία",0,0,0,0,0,0,0,0,0,0,0,0,0,0,0,0,0,0,0,0,0
"EL","Greece","GR","GRC","EL","EL62","Ιόνια Νησιά",0,0,0,0,0,0,0,0,0,0,0,0,0,0,0,0,0,0,0,0,0
"EL","Greece","GR","GRC","EL","EL63","Δυτική Ελλάδα",0,0,0,0,0,0,0,0,0,0,0,0,0,0,0,0,0,0,0,0,0
"EL","Greece","GR","GRC","EL","EL54","Ήπειρος",0,0,0,0,0,0,0,0,0,0,0,0,0,0,0,0,0,0,0,0,0
"ES","Spain","ES","ESP","ES","ES11","Galicia",0,0,0,0,0,0,0,0,0,0,0,0,0,0,0,0,0,0,0,0,0
"ES","Spain","ES","ESP","ES","ES12","Principado de Asturias",0,0,0,0,0,0,0,0,0,0,0,0,0,0,0,0,0,0,0,0,0
"ES","Spain","ES","ESP","ES","ES13","Cantabria",0,0,0,0,0,0,0,0,0,0,0,0,0,0,0,0,0,0,0,0,0
"ES","Spain","ES","ESP","ES","ES21","País Vasco",0,0,0,0,0,0,0,0,0,0,0,0,0,0,0,0,0,0,0,0,0
"ES","Spain","ES","ESP","ES","ES22","Comunidad Foral de Navarra",0,0,0,0,0,0,0,0,0,0,0,0,0,0,0,0,0,0,0,0,0
"ES","Spain","ES","ESP","ES","ES23","La Rioja",0,0,0,0,0,0,0,0,0,0,0,0,0,0,0,0,0,0,0,0,0
"ES","Spain","ES","ESP","ES","ES24","Aragón",0,0,0,0,0,0,0,0,0,0,0,0,0,0,0,0,0,0,0,0,0
"ES","Spain","ES","ESP","ES","ES51","Cataluña",0,0,0,0,0,0,0,0,0,0,0,0,0,0,0,0,0,0,0,0,0
"ES","Spain","ES","ESP","ES","ES52","Comunitat Valenciana",0,0,0,0,0,0,0,0,0,0,0,0,0,0,0,0,0,0,0,0,0
"ES","Spain","ES","ESP","ES","ES53","Illes Balears",0,0,0,0,0,0,0,0,0,0,0,0,0,0,0,0,0,0,0,0,0
"ES","Spain","ES","ESP","ES","ES61","Andalucía",0,0,0,0,0,0,0,0,0,0,0,0,0,0,0,0,0,0,0,0,0
"ES","Spain","ES","ESP","ES","ES62","Región de Murcia",0,0,0,0,0,0,0,0,0,0,0,0,0,0,0,0,0,0,0,0,0
"ES","Spain","ES","ESP","ES","ES63","Ciudad de Ceuta",0,0,0,0,0,0,0,0,0,0,0,0,0,0,0,0,0,0,0,0,0
"ES","Spain","ES","ESP","ES","ES64","Ciudad de Melilla",0,0,0,0,0,0,0,0,0,0,0,0,0,0,0,0,0,0,0,0,0
"ES","Spain","ES","ESP","ES","ES70","Canarias",0,0,0,0,0,0,0,0,0,0,0,0,0,0,0,0,0,0,0,0,0
"ES","Spain","ES","ESP","ES","ES43","Extremadura",0,0,0,0,0,0,0,0,0,0,0,0,0,0,0,0,0,0,0,0,0
"ES","Spain","ES","ESP","ES","ES30","Comunidad de Madrid",0,0,0,0,0,0,0,0,0,0,0,0,0,0,0,0,0,0,0,0,0
"ES","Spain","ES","ESP","ES","ES41","Castilla y León",0,0,0,0,0,0,0,0,0,0,0,0,0,0,0,0,0,0,0,0,0
"ES","Spain","ES","ESP","ES","ES42","Castilla-La Mancha",0,0,0,0,0,0,0,0,0,0,0,0,0,0,0,0,0,0,0,0,0
"FI","Finland","FI","FIN","FI","FI19","Länsi-Suomi",0,0,0,0,0,0,0,0,0,0,0,0,0,0,0,0,0,0,0,0,0
"FI","Finland","FI","FIN","FI","FI20","Åland",0,0,0,0,0,0,0,0,0,0,0,0,0,0,0,0,0,0,0,0,0
"FI","Finland","FI","FIN","FI","FI1B","Helsinki-Uusimaa",0,0,0,0,0,0,0,0,0,0,0,0,0,0,0,0,0,0,0,0,0
"FI","Finland","FI","FIN","FI","FI1C","Etelä-Suomi",0,0,0,0,0,0,0,0,0,0,0,0,0,0,0,0,0,0,0,0,0
"FI","Finland","FI","FIN","FI","FI1D","Pohjois- ja Itä-Suomi",0,0,0,0,0,0,0,0,0,0,0,0,0,0,0,0,0,0,0,0,0
"FR","France","FR","FRA","FR","FRB0","Centre — Val de Loire",0,0,0,0,0,0,0,0,0,0,0,0,0,0,0,0,0,0,0,0,0
"FR","France","FR","FRA","FR","FRD2","Haute-Normandie",0,0,0,0,0,0,0,0,0,0,0,0,0,0,0,0,0,0,0,0,0
"FR","France","FR","FRA","FR","FRC1","Bourgogne",0,0,0,0,0,0,0,0,0,0,0,0,0,0,0,0,0,0,0,0,0
"FR","France","FR","FRA","FR","FRC2","Franche-Comté",0,0,0,0,0,0,0,0,0,0,0,0,0,0,0,0,0,0,0,0,0
"FR","France","FR","FRA","FR","FRD1","Basse-Normandie",0,0,0,0,0,0,0,0,0,0,0,0,0,0,0,0,0,0,0,0,0
"FR","France","FR","FRA","FR","FRF2","Champagne-Ardenne",0,0,0,0,0,0,0,0,0,0,0,0,0,0,0,0,0,0,0,0,0
"FR","France","FR","FRA","FR","FRE1","Nord-Pas de Calais",0,0,0,0,0,0,0,0,0,0,0,0,0,0,0,0,0,0,0,0,0
"FR","France","FR","FRA","FR","FRE2","Picardie",0,0,0,0,0,0,0,0,0,0,0,0,0,0,0,0,0,0,0,0,0
"FR","France","FR","FRA","FR","FRF1","Alsace",0,0,0,0,0,0,0,0,0,0,0,0,0,0,0,0,0,0,0,0,0
"FR","France","FR","FRA","FR","FR10","Ile-de-France",0,0,0,0,0,0,0,0,0,0,0,0,0,0,0,0,0,0,0,0,0
"FR","France","FR","FRA","FR","FRI2","Limousin",0,0,0,0,0,0,0,0,0,0,0,0,0,0,0,0,0,0,0,0,0
"FR","France","FR","FRA","FR","FRI3","Poitou-Charentes",0,0,0,0,0,0,0,0,0,0,0,0,0,0,0,0,0,0,0,0,0
"FR","France","FR","FRA","FR","FRJ1","Languedoc-Roussillon",0,0,0,0,0,0,0,0,0,0,0,0,0,0,0,0,0,0,0,0,0
"FR","France","FR","FRA","FR","FRJ2","Midi-Pyrénées",0,0,0,0,0,0,0,0,0,0,0,0,0,0,0,0,0,0,0,0,0
"FR","France","FR","FRA","FR","FRK1","Auvergne",0,0,0,0,0,0,0,0,0,0,0,0,0,0,0,0,0,0,0,0,0
"FR","France","FR","FRA","FR","FRK2","Rhône-Alpes",0,0,0,0,0,0,0,0,0,0,0,0,0,0,0,0,0,0,0,0,0
"FR","France","FR","FRA","FR","FRL0","Provence-Alpes-Côte d’Azur",0,0,0,0,0,0,0,0,0,0,0,0,0,0,0,0,0,0,0,0,0
"FR","France","FR","FRA","FR","FRM0","Corse",0,0,0,0,0,0,0,0,0,0,0,0,0,0,0,0,0,0,0,0,0
"FR","France","FR","FRA","FR","FRI1","Aquitaine",0,0,0,0,0,0,0,0,0,0,0,0,0,0,0,0,0,0,0,0,0
"FR","France","FR","FRA","FR","FRF3","Lorraine",0,0,0,0,0,0,0,0,0,0,0,0,0,0,0,0,0,0,0,0,0
"FR","France","FR","FRA","FR","FRG0","Pays de la Loire",0,0,0,0,0,0,0,0,0,0,0,0,0,0,0,0,0,0,0,0,0
"FR","France","FR","FRA","FR","FRH0","Bretagne",0,0,0,0,0,0,0,0,0,0,0,0,0,0,0,0,0,0,0,0,0
"HR","Croatia","HR","HRV","HR","HR02","Panonska Hrvatska",0,0,0,0,0,0,0,0,0,0,0,0,0,0,0,0,0,0,0,0,0
"HR","Croatia","HR","HRV","HR","HR03","Jadranska Hrvatska",0,0,0,0,0,0,0,0,0,0,0,0,0,0,0,0,0,0,0,0,0
"HR","Croatia","HR","HRV","HR","HR05","Grad Zagreb",0,0,0,0,0,0,0,0,0,0,0,0,0,0,0,0,0,0,0,0,0
"HR","Croatia","HR","HRV","HR","HR06","Sjeverna Hrvatska",0,0,0,0,0,0,0,0,0,0,0,0,0,0,0,0,0,0,0,0,0
"HU","Hungary","HU","HUN","HU","HU12","Pest",0,0,0,0,0,0,0,0,0,0,0,0,0,0,0,0,0,0,0,0,0
"HU","Hungary","HU","HUN","HU","HU31","Észak-Magyarország",0.0169943061547494,0.000111981199483671,0.0552726763198517,0.0662270216224799,0.0876014556136344,0.137400503905711,0.203168096492153,0.00683010219075821,0.0623728959224736,0.146561800398998,0.0290856909564792,1.69042348539691,0.0431627159613869,0.0260110291589967,0.851985235750134,0.116140072066874,0.0665041299569261,0.0717724855449881,0.0724339831076148,0,0
"HU","Hungary","HU","HUN","HU","HU21","Közép-Dunántúl",0,0,0,0,0,0,0,0,0,0,0,0,0,0,0,0,0,0,0,0,0
"HU","Hungary","HU","HUN","HU","HU22","Nyugat-Dunántúl",0,0,0,0,0,0,0,0,0,0,0,0,0,0,0,0,0,0,0,0,0
"HU","Hungary","HU","HUN","HU","HU23","Dél-Dunántúl",0,0,0,0,0,0,0,0,0,0,0,0,0,0,0,0,0,0,0,0,0
"HU","Hungary","HU","HUN","HU","HU11","Budapest",0,0,0,0,0,0,0,0,0,0,0,0,0,0,0,0,0,0,0,0,0
"HU","Hungary","HU","HUN","HU","HU32","Észak-Alföld",0.478422583169607,0.000925491798950647,0.405626484321113,0.704373886497941,0.931706971592208,1.30576605601696,2.06567292583023,0.0809806755272066,0.634164539793562,1.51726407066884,0.302799304911836,15.2298717589262,0.455589264474949,0.274550509133508,8.99283833867547,1.2258767510448,0.701961565132447,0.757569888054129,0.764552099003937,0,0
"HU","Hungary","HU","HUN","HU","HU33","Dél-Alföld",0.0758457505741231,6.49595661718205e-05,0.0310146652751433,0.0786039976778644,0.103973037665555,0.149616402397856,0.237711703369886,0.00771833396426653,0.0729778325920204,0.172492487661284,0.0342880791416277,1.75793722897733,0.0511117324836487,0.0308013231880116,1.00889020720187,0.137528887186435,0.0787517936187582,0.0849903904134236,0.0857737119840542,0,0
"IE","Ireland","IE","IRL","IE","IE04","Northern and Western",0,0,0,0,0,0,0,0,0,0,0,0,0,0,0,0,0,0,0,0,0
"IE","Ireland","IE","IRL","IE","IE05","Southern",0,0,0,0,0,0,0,0,0,0,0,0,0,0,0,0,0,0,0,0,0
"IE","Ireland","IE","IRL","IE","IE06","Eastern and Midland",0,0,0,0,0,0,0,0,0,0,0,0,0,0,0,0,0,0,0,0,0
"IS","Iceland","IS","ISL","IS","IS00","Ísland",0,0,0,0,0,0,0,0,0,0,0,0,0,0,0,0,0,0,0,0,0
"IT","Italy","IT","ITA","IT","ITC3","Liguria",0,0,0,0,0,0,0,0,0,0,0,0,0,0,0,0,0,0,0,0,0
"IT","Italy","IT","ITA","IT","ITC4","Lombardia",0,0,0,0,0,0,0,0,0,0,0,0,0,0,0,0,0,0,0,0,0
"IT","Italy","IT","ITA","IT","ITF3","Campania",0,0,0,0,0,0,0,0,0,0,0,0,0,0,0,0,0,0,0,0,0
"IT","Italy","IT","ITA","IT","ITF4","Puglia",0,0,0,0,0,0,0,0,0,0,0,0,0,0,0,0,0,0,0,0,0
"IT","Italy","IT","ITA","IT","ITF1","Abruzzo",0,0,0,0,0,0,0,0,0,0,0,0,0,0,0,0,0,0,0,0,0
"IT","Italy","IT","ITA","IT","ITF2","Molise",0,0,0,0,0,0,0,0,0,0,0,0,0,0,0,0,0,0,0,0,0
"IT","Italy","IT","ITA","IT","ITG1","Sicilia",0,0,0,0,0,0,0,0,0,0,0,0,0,0,0,0,0,0,0,0,0
"IT","Italy","IT","ITA","IT","ITG2","Sardegna",0,0,0,0,0,0,0,0,0,0,0,0,0,0,0,0,0,0,0,0,0
"IT","Italy","IT","ITA","IT","ITF5","Basilicata",0,0,0,0,0,0,0,0,0,0,0,0,0,0,0,0,0,0,0,0,0
"IT","Italy","IT","ITA","IT","ITF6","Calabria",0,0,0,0,0,0,0,0,0,0,0,0,0,0,0,0,0,0,0,0,0
"IT","Italy","IT","ITA","IT","ITH3","Veneto",0,0,0,0,0,0,0,0,0,0,0,0,0,0,0,0,0,0,0,0,0
"IT","Italy","IT","ITA","IT","ITH4","Friuli-Venezia Giulia",0,0,0,0,0,0,0,0,0,0,0,0,0,0,0,0,0,0,0,0,0
"IT","Italy","IT","ITA","IT","ITH5","Emilia-Romagna",0,0,0,0,0,0,0,0,0,0,0,0,0,0,0,0,0,0,0,0,0
"IT","Italy","IT","ITA","IT","ITI1","Toscana",0,0,0,0,0,0,0,0,0,0,0,0,0,0,0,0,0,0,0,0,0
"IT","Italy","IT","ITA","IT","ITI2","Umbria",0,0,0,0,0,0,0,0,0,0,0,0,0,0,0,0,0,0,0,0,0
"IT","Italy","IT","ITA","IT","ITI3","Marche",0,0,0,0,0,0,0,0,0,0,0,0,0,0,0,0,0,0,0,0,0
"IT","Italy","IT","ITA","IT","ITI4","Lazio",0,0,0,0,0,0,0,0,0,0,0,0,0,0,0,0,0,0,0,0,0
"IT","Italy","IT","ITA","IT","ITH1","Provincia Autonoma di Bolzano/Bozen",0,0,0,0,0,0,0,0,0,0,0,0,0,0,0,0,0,0,0,0,0
"IT","Italy","IT","ITA","IT","ITH2","Provincia Autonoma di Trento",0,0,0,0,0,0,0,0,0,0,0,0,0,0,0,0,0,0,0,0,0
"IT","Italy","IT","ITA","IT","ITC1","Piemonte",0,0,0,0,0,0,0,0,0,0,0,0,0,0,0,0,0,0,0,0,0
"IT","Italy","IT","ITA","IT","ITC2","Valle d’Aosta/Vallée d’Aoste",0,0,0,0,0,0,0,0,0,0,0,0,0,0,0,0,0,0,0,0,0
"LT","Lithuania","LT","LTU","LT","LT01","Sostinės regionas",0,0,0,0,0,0,0,0,0,0,0,0,0,0,0,0,0,0,0,0,0
"LT","Lithuania","LT","LTU","LT","LT02","Vidurio ir vakarų Lietuvos regionas",0,0,0,0,0,0,0,0,0,0,0,0,0,0,0,0,0,0,0,0,0
"LU","Luxembourg","LU","LUX","LU","LU00","Luxembourg",0,0,0,0,0,0,0,0,0,0,0,0,0,0,0,0,0,0,0,0,0
"LV","Latvia","LV","LVA","LV","LV00","Latvija",0,0,0,0,0,0,0,0,0,0,0,0,0,0,0,0,0,0,0,0,0
"ME","Montenegro","ME","MNE","ME","ME00","Црна Гора",0,0,0,0,0,0,0,0,0,0,0,0,0,0,0,0,0,0,0,0,0
"MK","North Macedonia","MK","MKD","MK","MK00","Северна Македонија",0.00584475751505011,6.52528982800846e-05,0.00201830223031562,0.00685453516903061,0.00279373237358597,0.0295585658424157,0.0182091927460145,0.000686768654586833,0.0129229179313518,0.0122542275135505,0.00242998674731379,0.516928098961609,0.000985201045797076,0.000727115472131285,0.0559145416130935,0.00492923874425056,0.00126115604592835,0.00221546851169223,0.0013448870727952,0,0
"MT","Malta","MT","MLT","MT","MT00","Malta",0,0,0,0,0,0,0,0,0,0,0,0,0,0,0,0,0,0,0,0,0
"NL","Netherlands (the)","NL","NLD","NL","NL12","Friesland (NL)",0,0,0,0,0,0,0,0,0,0,0,0,0,0,0,0,0,0,0,0,0
"NL","Netherlands (the)","NL","NLD","NL","NL23","Flevoland",0,0,0,0,0,0,0,0,0,0,0,0,0,0,0,0,0,0,0,0,0
"NL","Netherlands (the)","NL","NLD","NL","NL13","Drenthe",0,0,0,0,0,0,0,0,0,0,0,0,0,0,0,0,0,0,0,0,0
"NL","Netherlands (the)","NL","NLD","NL","NL21","Overijssel",0,0,0,0,0,0,0,0,0,0,0,0,0,0,0,0,0,0,0,0,0
"NL","Netherlands (the)","NL","NLD","NL","NL22","Gelderland",0,0,0,0,0,0,0,0,0,0,0,0,0,0,0,0,0,0,0,0,0
"NL","Netherlands (the)","NL","NLD","NL","NL34","Zeeland",0,0,0,0,0,0,0,0,0,0,0,0,0,0,0,0,0,0,0,0,0
"NL","Netherlands (the)","NL","NLD","NL","NL31","Utrecht",0,0,0,0,0,0,0,0,0,0,0,0,0,0,0,0,0,0,0,0,0
"NL","Netherlands (the)","NL","NLD","NL","NL32","Noord-Holland",0,0,0,0,0,0,0,0,0,0,0,0,0,0,0,0,0,0,0,0,0
"NL","Netherlands (the)","NL","NLD","NL","NL33","Zuid-Holland",0,0,0,0,0,0,0,0,0,0,0,0,0,0,0,0,0,0,0,0,0
"NL","Netherlands (the)","NL","NLD","NL","NL11","Groningen",0,0,0,0,0,0,0,0,0,0,0,0,0,0,0,0,0,0,0,0,0
"NL","Netherlands (the)","NL","NLD","NL","NL41","Noord-Brabant",0,0,0,0,0,0,0,0,0,0,0,0,0,0,0,0,0,0,0,0,0
"NL","Netherlands (the)","NL","NLD","NL","NL42","Limburg (NL)",0,0,0,0,0,0,0,0,0,0,0,0,0,0,0,0,0,0,0,0,0
"NO","Norway","NO","NOR","NO","NO07","Nord-Norge",0,0,0,0,0,0,0,0,0,0,0,0,0,0,0,0,0,0,0,0,0
"NO","Norway","NO","NOR","NO","NO08","Oslo og Viken",0,0,0,0,0,0,0,0,0,0,0,0,0,0,0,0,0,0,0,0,0
"NO","Norway","NO","NOR","NO","NO02","Innlandet",0,0,0,0,0,0,0,0,0,0,0,0,0,0,0,0,0,0,0,0,0
"NO","Norway","NO","NOR","NO","NO06","Trøndelag",0,0,0,0,0,0,0,0,0,0,0,0,0,0,0,0,0,0,0,0,0
"NO","Norway","NO","NOR","NO","NO09","Agder og Sør-Østlandet",0,0,0,0,0,0,0,0,0,0,0,0,0,0,0,0,0,0,0,0,0
"NO","Norway","NO","NOR","NO","NO0A","Vestlandet",0,0,0,0,0,0,0,0,0,0,0,0,0,0,0,0,0,0,0,0,0
"PL","Poland","PL","POL","PL","PL21","Małopolskie",0,0,0,0,0,0,0,0,0,0,0,0,0,0,0,0,0,0,0,0,0
"PL","Poland","PL","POL","PL","PL22","Śląskie",0,0,0,0,0,0,0,0,0,0,0,0,0,0,0,0,0,0,0,0,0
"PL","Poland","PL","POL","PL","PL41","Wielkopolskie",0,0,0,0,0,0,0,0,0,0,0,0,0,0,0,0,0,0,0,0,0
"PL","Poland","PL","POL","PL","PL42","Zachodniopomorskie",0,0,0,0,0,0,0,0,0,0,0,0,0,0,0,0,0,0,0,0,0
"PL","Poland","PL","POL","PL","PL43","Lubuskie",0,0,0,0,0,0,0,0,0,0,0,0,0,0,0,0,0,0,0,0,0
"PL","Poland","PL","POL","PL","PL51","Dolnośląskie",0,0,0,0,0,0,0,0,0,0,0,0,0,0,0,0,0,0,0,0,0
"PL","Poland","PL","POL","PL","PL71","Łódzkie",0,0,0,0,0,0,0,0,0,0,0,0,0,0,0,0,0,0,0,0,0
"PL","Poland","PL","POL","PL","PL72","Świętokrzyskie",0,0,0,0,0,0,0,0,0,0,0,0,0,0,0,0,0,0,0,0,0
"PL","Poland","PL","POL","PL","PL81","Lubelskie",0.0405932106964192,0.000290532715222205,0.0243831383409344,0.15251379804819,0.108392157561425,0.0848855054859611,0.300217931349507,0.0175556928109307,0.0753767914832947,0.0678822787375868,0.0292631553152206,0.613984226350047,0.0324102540596305,0.0134190874717543,0.121487992787707,0.13328064258336,0.0684887826857755,0.082526411307368,0.0065122616638761,0,0
"PL","Poland","PL","POL","PL","PL82","Podkarpackie",0,0,0,0,0,0,0,0,0,0,0,0,0,0,0,0,0,0,0,0,0
"PL","Poland","PL","POL","PL","PL84","Podlaskie",0,0,0,0,0,0,0,0,0,0,0,0,0,0,0,0,0,0,0,0,0
"PL","Poland","PL","POL","PL","PL91","Warszawski stołeczny",0,0,0,0,0,0,0,0,0,0,0,0,0,0,0,0,0,0,0,0,0
"PL","Poland","PL","POL","PL","PL92","Mazowiecki regionalny",0,0,0,0,0,0,0,0,0,0,0,0,0,0,0,0,0,0,0,0,0
"PL","Poland","PL","POL","PL","PL62","Warmińsko-mazurskie",0,0,0,0,0,0,0,0,0,0,0,0,0,0,0,0,0,0,0,0,0
"PL","Poland","PL","POL","PL","PL63","Pomorskie",0,0,0,0,0,0,0,0,0,0,0,0,0,0,0,0,0,0,0,0,0
"PL","Poland","PL","POL","PL","PL52","Opolskie",0,0,0,0,0,0,0,0,0,0,0,0,0,0,0,0,0,0,0,0,0
"PL","Poland","PL","POL","PL","PL61","Kujawsko-pomorskie",0,0,0,0,0,0,0,0,0,0,0,0,0,0,0,0,0,0,0,0,0
"PT","Portugal","PT","PRT","PT","PT11","Norte",0,0,0,0,0,0,0,0,0,0,0,0,0,0,0,0,0,0,0,0,0
"PT","Portugal","PT","PRT","PT","PT15","Algarve",0,0,0,0,0,0,0,0,0,0,0,0,0,0,0,0,0,0,0,0,0
"PT","Portugal","PT","PRT","PT","PT30","Região Autónoma da Madeira",0,0,0,0,0,0,0,0,0,0,0,0,0,0,0,0,0,0,0,0,0
"PT","Portugal","PT","PRT","PT","PT16","Centro (PT)",0,0,0,0,0,0,0,0,0,0,0,0,0,0,0,0,0,0,0,0,0
"PT","Portugal","PT","PRT","PT","PT17","Área Metropolitana de Lisboa",0,0,0,0,0,0,0,0,0,0,0,0,0,0,0,0,0,0,0,0,0
"PT","Portugal","PT","PRT","PT","PT18","Alentejo",0,0,0,0,0,0,0,0,0,0,0,0,0,0,0,0,0,0,0,0,0
"PT","Portugal","PT","PRT","PT","PT20","Região Autónoma dos Açores",0,0,0,0,0,0,0,0,0,0,0,0,0,0,0,0,0,0,0,0,0
"RO","Romania","RO","ROU","RO","RO11","Nord-Vest",6.34854664697823,0.636765222991549,21.8393604027671,46.4503640920413,11.9840907863301,49.1090335522034,118.31161812704,4.45448567372384,22.1754401457336,37.5300812543721,12.2158987066587,174.662489505062,13.9755205915099,12.0221708278071,343.441867610214,25.5628241285637,18.0387444268069,46.075312471212,7.36527129370964,0,0
"RO","Romania","RO","ROU","RO","RO12","Centru",179.450193670527,37.9157781134004,712.198715280398,439.509989657066,113.392601339195,432.118159970788,894.163543787064,122.860649511252,167.595291651373,303.466623317669,105.602504912804,1654.04252832424,123.439983512613,106.186854296638,3033.47973320583,225.78583518976,159.328756310231,406.964146669435,65.0543900034582,0,0
"RO","Romania","RO","ROU","RO","RO21","Nord-Est",770.175982965919,83.3407258775954,1336.48147699908,1182.95500959649,305.199765561737,1101.05342644887,2198.14536769316,370.654298416313,412.003840405262,765.026519337094,275.718235419975,3802.38528006552,320.64805169788,275.831274253731,7879.7755689757,586.501926640142,413.872829828283,1057.13122302151,168.985468204242,0,0
"RO","Romania","RO","ROU","RO","RO22","Sud-Est",1058.65839037237,104.734490323367,1656.89045338053,933.73881302619,240.902540265412,890.074444330536,1728.56393000169,338.231227899336,323.989026391871,601.897214183618,217.410955458943,3413.72086671565,252.434291923695,217.15170897797,6203.45439724112,461.731165305147,325.826694380159,832.240116042562,133.035977563727,0,0
"RO","Romania","RO","ROU","RO","RO31","Sud-Muntenia",906.535665750052,158.811040590249,2525.72239659528,984.769537829206,254.068353943853,960.219084228263,1842.54702028079,382.305255387733,345.353159822924,639.930782865077,230.045895450582,3962.04421051791,267.57848094945,230.179204184613,6575.61574381788,489.431617542346,345.373884311159,882.168362859262,141.017151500508,0,0
"RO","Romania","RO","ROU","RO","RO32","Bucureşti-Ilfov",188.926106925943,128.526172241631,2220.91930235795,2969.8246318301,766.208160108469,2749.08416803881,5758.45103232065,750.108698289628,1079.32076511918,1982.31475495345,701.643570097784,8671.91528675312,820.275701154632,705.626279937727,20157.8908574588,1500.3779893744,1058.76154206644,2704.3328365315,432.295386428181,0,0
"RO","Romania","RO","ROU","RO","RO41","Sud-Vest Oltenia",39.4572520912279,2.42138260023994,67.2858556979595,72.0255299501848,18.5824267845609,76.0711210245643,171.68560031622,11.4860597395872,32.1794580614103,55.6249558374451,18.3959776755402,303.259498420118,21.3074431226267,18.3293151368987,523.620427025732,38.9737482483459,27.502340135457,70.2476228637961,11.2292846728566,0,0
"RO","Romania","RO","ROU","RO","RO42","Vest",1.60438222322962,0.0938727940959879,3.79971559908705,9.21585531564924,2.37767020636437,10.1504740135656,24.8790565628887,0.685192290046795,4.66314330263199,7.73100607319098,2.48989475517452,38.2769320940652,2.80702878974827,2.4146921331451,68.9814167332304,5.13437641240654,3.62314051955382,9.25437644747993,1.47933870730434,0,0
"SE","Sweden","SE","SWE","SE","SE11","Stockholm",0,0,0,0,0,0,0,0,0,0,0,0,0,0,0,0,0,0,0,0,0
"SE","Sweden","SE","SWE","SE","SE12","Östra Mellansverige",0,0,0,0,0,0,0,0,0,0,0,0,0,0,0,0,0,0,0,0,0
"SE","Sweden","SE","SWE","SE","SE21","Småland med öarna",0,0,0,0,0,0,0,0,0,0,0,0,0,0,0,0,0,0,0,0,0
"SE","Sweden","SE","SWE","SE","SE22","Sydsverige",0,0,0,0,0,0,0,0,0,0,0,0,0,0,0,0,0,0,0,0,0
"SE","Sweden","SE","SWE","SE","SE23","Västsverige",0,0,0,0,0,0,0,0,0,0,0,0,0,0,0,0,0,0,0,0,0
"SE","Sweden","SE","SWE","SE","SE31","Norra Mellansverige",0,0,0,0,0,0,0,0,0,0,0,0,0,0,0,0,0,0,0,0,0
"SE","Sweden","SE","SWE","SE","SE32","Mellersta Norrland",0,0,0,0,0,0,0,0,0,0,0,0,0,0,0,0,0,0,0,0,0
"SE","Sweden","SE","SWE","SE","SE33","Övre Norrland",0,0,0,0,0,0,0,0,0,0,0,0,0,0,0,0,0,0,0,0,0
"SI","Slovenia","SI","SVN","SI","SI03","Vzhodna Slovenija",0,0,0,0,0,0,0,0,0,0,0,0,0,0,0,0,0,0,0,0,0
"SI","Slovenia","SI","SVN","SI","SI04","Zahodna Slovenija",0,0,0,0,0,0,0,0,0,0,0,0,0,0,0,0,0,0,0,0,0
"SK","Slovakia","SK","SVK","SK","SK01","Bratislavský kraj",0,0,0,0,0,0,0,0,0,0,0,0,0,0,0,0,0,0,0,0,0
"SK","Slovakia","SK","SVK","SK","SK02","Západné Slovensko",0,0,0,0,0,0,0,0,0,0,0,0,0,0,0,0,0,0,0,0,0
"SK","Slovakia","SK","SVK","SK","SK03","Stredné Slovensko",0,0,0,0,0,0,0,0,0,0,0,0,0,0,0,0,0,0,0,0,0
"SK","Slovakia","SK","SVK","SK","SK04","Východné Slovensko",0.0145704908197498,0.00060982633756097,0.0714298853402472,0.438498872392996,0.147498498543346,0.175911383084326,0.449516555000628,0.0126922486250009,0.0914068146477054,0.136767513630491,0.0390918387395876,2.37450037296189,0.0757176147178703,0.0341027862054335,0.947974949770232,0.135570361843858,0.0909892195543358,0.0593262755417103,0.0129319494003669,0,0
"TR","Turkey","TR","TUR","TR","TR10","İstanbul",0.135980972118591,0.0170332846899101,0.476990959998163,3.00486214773894,1.22470458656769,7.23006375896631,7.65658556270017,0.785389575536015,5.43381731641036,5.24015433680611,1.04439623421784,118.165969921006,0.42890789108041,0.316550175270522,24.3424306402324,2.14594716829383,0.549045072871201,0.96450560132748,0.585497427753143,0,0
"TR","Turkey","TR","TUR","TR","TR21","Tekirdağ, Edirne, Kırklareli",1.62975880318562,0.0258688245273134,0.649398064572683,3.30171937182802,1.34569596188626,7.79769760055024,8.08852188465868,1.16219839024522,5.74035905706284,5.61860959350904,1.12639200442521,127.443205321257,0.467804837594501,0.345257586564606,26.5500053720728,2.34055956401574,0.598837061494912,1.05197501741323,0.638595220088192,0,0
"TR","Turkey","TR","TUR","TR","TR22","Balıkesir, Çanakkale",0.134587488772601,0.00161480552001465,0.0461125630047949,0.303807718490611,0.123824218209175,0.734178721316726,0.781272978111218,0.0819564044979145,0.554463161488799,0.532726414872644,0.106053489616208,11.9991944181912,0.0434318510442521,0.0320543416110843,2.46495073559606,0.217301802322632,0.055597120774474,0.0976672718766753,0.0592883404520991,0,0
"TR","Turkey","TR","TUR","TR","TR31","İzmir",0,0,0,0,0,0,0,0,0,0,0,0,0,0,0,0,0,0,0,0,0
"TR","Turkey","TR","TUR","TR","TR32","Aydın, Denizli, Muğla",0,0,0,0,0,0,0,0,0,0,0,0,0,0,0,0,0,0,0,0,0
"TR","Turkey","TR","TUR","TR","TR33","Manisa, Afyonkarahisar, Kütahya, Uşak",0,0,0,0,0,0,0,0,0,0,0,0,0,0,0,0,0,0,0,0,0
"TR","Turkey","TR","TUR","TR","TR41","Bursa, Eskişehir, Bilecik",0.034976406984043,0.000713249001240308,0.0220611204700015,0.172081473434685,0.0701359860842089,0.422315325551737,0.457137448495065,0.0373293265323608,0.324426777872528,0.307639464140912,0.0610042387401815,6.90219363479876,0.0247332376900079,0.0182540608102537,1.40372125460505,0.12374736508091,0.0316610222666788,0.0556188095091593,0.0337630697608029,0,0
"TR","Turkey","TR","TUR","TR","TR42","Kocaeli, Sakarya, Düzce, Bolu, Yalova",0,0,0,0,0,0,0,0,0,0,0,0,0,0,0,0,0,0,0,0,0
"TR","Turkey","TR","TUR","TR","TR51","Ankara",0,0,0,0,0,0,0,0,0,0,0,0,0,0,0,0,0,0,0,0,0
"TR","Turkey","TR","TUR","TR","TR52","Konya, Karaman",0,0,0,0,0,0,0,0,0,0,0,0,0,0,0,0,0,0,0,0,0
"TR","Turkey","TR","TUR","TR","TR61","Antalya, Isparta, Burdur",0,0,0,0,0,0,0,0,0,0,0,0,0,0,0,0,0,0,0,0,0
"TR","Turkey","TR","TUR","TR","TR62","Adana, Mersin",0,0,0,0,0,0,0,0,0,0,0,0,0,0,0,0,0,0,0,0,0
"TR","Turkey","TR","TUR","TR","TR63","Hatay, Kahramanmaraş, Osmaniye",0,0,0,0,0,0,0,0,0,0,0,0,0,0,0,0,0,0,0,0,0
"TR","Turkey","TR","TUR","TR","TR71","Kırıkkale, Aksaray, Niğde, Nevşehir, Kırşehir",0,0,0,0,0,0,0,0,0,0,0,0,0,0,0,0,0,0,0,0,0
"TR","Turkey","TR","TUR","TR","TR72","Kayseri, Sivas, Yozgat",0,0,0,0,0,0,0,0,0,0,0,0,0,0,0,0,0,0,0,0,0
"TR","Turkey","TR","TUR","TR","TR81","Zonguldak, Karabük, Bartın",0,0,0,0,0,0,0,0,0,0,0,0,0,0,0,0,0,0,0,0,0
"TR","Turkey","TR","TUR","TR","TR82","Kastamonu, Çankırı, Sinop",0,0,0,0,0,0,0,0,0,0,0,0,0,0,0,0,0,0,0,0,0
"TR","Turkey","TR","TUR","TR","TR83","Samsun, Tokat, Çorum, Amasya",0,0,0,0,0,0,0,0,0,0,0,0,0,0,0,0,0,0,0,0,0
"TR","Turkey","TR","TUR","TR","TR90","Trabzon, Ordu, Giresun, Rize, Artvin, Gümüşhane",0,0,0,0,0,0,0,0,0,0,0,0,0,0,0,0,0,0,0,0,0
"TR","Turkey","TR","TUR","TR","TRA1","Erzurum, Erzincan, Bayburt",0,0,0,0,0,0,0,0,0,0,0,0,0,0,0,0,0,0,0,0,0
"TR","Turkey","TR","TUR","TR","TRA2","Ağrı, Kars, Iğdır, Ardahan",0,0,0,0,0,0,0,0,0,0,0,0,0,0,0,0,0,0,0,0,0
"TR","Turkey","TR","TUR","TR","TRB1","Malatya, Elazığ, Bingöl, Tunceli",0,0,0,0,0,0,0,0,0,0,0,0,0,0,0,0,0,0,0,0,0
"TR","Turkey","TR","TUR","TR","TRB2","Van, Muş, Bitlis, Hakkari",0,0,0,0,0,0,0,0,0,0,0,0,0,0,0,0,0,0,0,0,0
"TR","Turkey","TR","TUR","TR","TRC1","Gaziantep, Adıyaman, Kilis",0,0,0,0,0,0,0,0,0,0,0,0,0,0,0,0,0,0,0,0,0
"TR","Turkey","TR","TUR","TR","TRC2","Şanlıurfa, Diyarbakır",0,0,0,0,0,0,0,0,0,0,0,0,0,0,0,0,0,0,0,0,0
"TR","Turkey","TR","TUR","TR","TRC3","Mardin, Batman, Şırnak, Siirt",0,0,0,0,0,0,0,0,0,0,0,0,0,0,0,0,0,0,0,0,0
"UK","United Kingdom","GB","GBR","UK","UKC1","Tees Valley and Durham",0,0,0,0,0,0,0,0,0,0,0,0,0,0,0,0,0,0,0,0,0
"UK","United Kingdom","GB","GBR","UK","UKC2","Northumberland and Tyne and Wear",0,0,0,0,0,0,0,0,0,0,0,0,0,0,0,0,0,0,0,0,0
"UK","United Kingdom","GB","GBR","UK","UKD1","Cumbria",0,0,0,0,0,0,0,0,0,0,0,0,0,0,0,0,0,0,0,0,0
"UK","United Kingdom","GB","GBR","UK","UKD3","Greater Manchester",0,0,0,0,0,0,0,0,0,0,0,0,0,0,0,0,0,0,0,0,0
"UK","United Kingdom","GB","GBR","UK","UKD4","Lancashire",0,0,0,0,0,0,0,0,0,0,0,0,0,0,0,0,0,0,0,0,0
"UK","United Kingdom","GB","GBR","UK","UKD6","Cheshire",0,0,0,0,0,0,0,0,0,0,0,0,0,0,0,0,0,0,0,0,0
"UK","United Kingdom","GB","GBR","UK","UKD7","Merseyside",0,0,0,0,0,0,0,0,0,0,0,0,0,0,0,0,0,0,0,0,0
"UK","United Kingdom","GB","GBR","UK","UKE1","East Yorkshire and Northern Lincolnshire",0,0,0,0,0,0,0,0,0,0,0,0,0,0,0,0,0,0,0,0,0
"UK","United Kingdom","GB","GBR","UK","UKE2","North Yorkshire",0,0,0,0,0,0,0,0,0,0,0,0,0,0,0,0,0,0,0,0,0
"UK","United Kingdom","GB","GBR","UK","UKE3","South Yorkshire",0,0,0,0,0,0,0,0,0,0,0,0,0,0,0,0,0,0,0,0,0
"UK","United Kingdom","GB","GBR","UK","UKE4","West Yorkshire",0,0,0,0,0,0,0,0,0,0,0,0,0,0,0,0,0,0,0,0,0
"UK","United Kingdom","GB","GBR","UK","UKF1","Derbyshire and Nottinghamshire",0,0,0,0,0,0,0,0,0,0,0,0,0,0,0,0,0,0,0,0,0
"UK","United Kingdom","GB","GBR","UK","UKF2","Leicestershire, Rutland and Northamptonshire",0,0,0,0,0,0,0,0,0,0,0,0,0,0,0,0,0,0,0,0,0
"UK","United Kingdom","GB","GBR","UK","UKF3","Lincolnshire",0,0,0,0,0,0,0,0,0,0,0,0,0,0,0,0,0,0,0,0,0
"UK","United Kingdom","GB","GBR","UK","UKG1","Herefordshire, Worcestershire and Warwickshire",0,0,0,0,0,0,0,0,0,0,0,0,0,0,0,0,0,0,0,0,0
"UK","United Kingdom","GB","GBR","UK","UKG2","Shropshire and Staffordshire",0,0,0,0,0,0,0,0,0,0,0,0,0,0,0,0,0,0,0,0,0
"UK","United Kingdom","GB","GBR","UK","UKG3","West Midlands",0,0,0,0,0,0,0,0,0,0,0,0,0,0,0,0,0,0,0,0,0
"UK","United Kingdom","GB","GBR","UK","UKH1","East Anglia",0,0,0,0,0,0,0,0,0,0,0,0,0,0,0,0,0,0,0,0,0
"UK","United Kingdom","GB","GBR","UK","UKH2","Bedfordshire and Hertfordshire",0,0,0,0,0,0,0,0,0,0,0,0,0,0,0,0,0,0,0,0,0
"UK","United Kingdom","GB","GBR","UK","UKH3","Essex",0,0,0,0,0,0,0,0,0,0,0,0,0,0,0,0,0,0,0,0,0
"UK","United Kingdom","GB","GBR","UK","UKI3","Inner London — West",0,0,0,0,0,0,0,0,0,0,0,0,0,0,0,0,0,0,0,0,0
"UK","United Kingdom","GB","GBR","UK","UKI4","Inner London — East",0,0,0,0,0,0,0,0,0,0,0,0,0,0,0,0,0,0,0,0,0
"UK","United Kingdom","GB","GBR","UK","UKI5","Outer London — East and North East",0,0,0,0,0,0,0,0,0,0,0,0,0,0,0,0,0,0,0,0,0
"UK","United Kingdom","GB","GBR","UK","UKI6","Outer London — South",0,0,0,0,0,0,0,0,0,0,0,0,0,0,0,0,0,0,0,0,0
"UK","United Kingdom","GB","GBR","UK","UKI7","Outer London — West and North West",0,0,0,0,0,0,0,0,0,0,0,0,0,0,0,0,0,0,0,0,0
"UK","United Kingdom","GB","GBR","UK","UKJ1","Berkshire, Buckinghamshire and Oxfordshire",0,0,0,0,0,0,0,0,0,0,0,0,0,0,0,0,0,0,0,0,0
"UK","United Kingdom","GB","GBR","UK","UKJ2","Surrey, East and West Sussex",0,0,0,0,0,0,0,0,0,0,0,0,0,0,0,0,0,0,0,0,0
"UK","United Kingdom","GB","GBR","UK","UKJ3","Hampshire and Isle of Wight",0,0,0,0,0,0,0,0,0,0,0,0,0,0,0,0,0,0,0,0,0
"UK","United Kingdom","GB","GBR","UK","UKJ4","Kent",0,0,0,0,0,0,0,0,0,0,0,0,0,0,0,0,0,0,0,0,0
"UK","United Kingdom","GB","GBR","UK","UKK1","Gloucestershire, Wiltshire and Bristol/Bath area",0,0,0,0,0,0,0,0,0,0,0,0,0,0,0,0,0,0,0,0,0
"UK","United Kingdom","GB","GBR","UK","UKK2","Dorset and Somerset",0,0,0,0,0,0,0,0,0,0,0,0,0,0,0,0,0,0,0,0,0
"UK","United Kingdom","GB","GBR","UK","UKK3","Cornwall and Isles of Scilly",0,0,0,0,0,0,0,0,0,0,0,0,0,0,0,0,0,0,0,0,0
"UK","United Kingdom","GB","GBR","UK","UKK4","Devon",0,0,0,0,0,0,0,0,0,0,0,0,0,0,0,0,0,0,0,0,0
"UK","United Kingdom","GB","GBR","UK","UKL1","West Wales and The Valleys",0,0,0,0,0,0,0,0,0,0,0,0,0,0,0,0,0,0,0,0,0
"UK","United Kingdom","GB","GBR","UK","UKL2","East Wales",0,0,0,0,0,0,0,0,0,0,0,0,0,0,0,0,0,0,0,0,0
"UK","United Kingdom","GB","GBR","UK","UKM5","North Eastern Scotland",0,0,0,0,0,0,0,0,0,0,0,0,0,0,0,0,0,0,0,0,0
"UK","United Kingdom","GB","GBR","UK","UKM6","Highlands and Islands",0,0,0,0,0,0,0,0,0,0,0,0,0,0,0,0,0,0,0,0,0
"UK","United Kingdom","GB","GBR","UK","UKM7","Eastern Scotland",0,0,0,0,0,0,0,0,0,0,0,0,0,0,0,0,0,0,0,0,0
"UK","United Kingdom","GB","GBR","UK","UKM8","West Central Scotland",0,0,0,0,0,0,0,0,0,0,0,0,0,0,0,0,0,0,0,0,0
"UK","United Kingdom","GB","GBR","UK","UKM9","Southern Scotland",0,0,0,0,0,0,0,0,0,0,0,0,0,0,0,0,0,0,0,0,0
"UK","United Kingdom","GB","GBR","UK","UKN0","Northern Ireland",0,0,0,0,0,0,0,0,0,0,0,0,0,0,0,0,0,0,0,0,0
