"CNTR_CODE","CNTR_NAME","CNTR_CODE_iso2","CNTR_CODE_iso3","CNTR_CODE_Eurostat","NUTS2","NAME","AGR","MIN","MFG","EGW","CNS","TRD","OTP","WTP","CMN","OFI","OBS","REA","PUB","OSG"
"AL","Albania","AL","ALB","AL","AL01","Veri",0,0,0,0,0,0,0,0,0,0,0,0,0,0
"AL","Albania","AL","ALB","AL","AL02","Qender",0,0,0,0,0,0,0,0,0,0,0,0,0,0
"AL","Albania","AL","ALB","AL","AL03","Jug",0,0,0,0,0,0,0,0,0,0,0,0,0,0
"AT","Austria","AT","AUT","AT","AT21","Kärnten",0,0,0,0,0,0,0,0,0,0,0,0,0,0
"AT","Austria","AT","AUT","AT","AT22","Steiermark",0,0,0,0,0,0,0,0,0,0,0,0,0,0
"AT","Austria","AT","AUT","AT","AT32","Salzburg",0,0,0,0,0,0,0,0,0,0,0,0,0,0
"AT","Austria","AT","AUT","AT","AT33","Tirol",0,0,0,0,0,0,0,0,0,0,0,0,0,0
"AT","Austria","AT","AUT","AT","AT34","Vorarlberg",0,0,0,0,0,0,0,0,0,0,0,0,0,0
"AT","Austria","AT","AUT","AT","AT31","Oberösterreich",0,0,0,0,0,0,0,0,0,0,0,0,0,0
"AT","Austria","AT","AUT","AT","AT11","Burgenland",0,0,0,0,0,0,0,0,0,0,0,0,0,0
"AT","Austria","AT","AUT","AT","AT12","Niederösterreich",0,0,0,0,0,0,0,0,0,0,0,0,0,0
"AT","Austria","AT","AUT","AT","AT13","Wien",0,0,0,0,0,0,0,0,0,0,0,0,0,0
"BE","Belgium","BE","BEL","BE","BE10","Région de Bruxelles-Capitale/ Brussels Hoofdstedelijk Gewest",0,0,0,0,0,0,0,0,0,0,0,0,0,0
"BE","Belgium","BE","BEL","BE","BE21","Prov. Antwerpen",0,0,0,0,0,0,0,0,0,0,0,0,0,0
"BE","Belgium","BE","BEL","BE","BE22","Prov. Limburg (BE)",0,0,0,0,0,0,0,0,0,0,0,0,0,0
"BE","Belgium","BE","BEL","BE","BE23","Prov. Oost-Vlaanderen",0,0,0,0,0,0,0,0,0,0,0,0,0,0
"BE","Belgium","BE","BEL","BE","BE33","Prov. Liège",0,0,0,0,0,0,0,0,0,0,0,0,0,0
"BE","Belgium","BE","BEL","BE","BE34","Prov. Luxembourg (BE)",0,0,0,0,0,0,0,0,0,0,0,0,0,0
"BE","Belgium","BE","BEL","BE","BE35","Prov. Namur",0,0,0,0,0,0,0,0,0,0,0,0,0,0
"BE","Belgium","BE","BEL","BE","BE31","Prov. Brabant Wallon",0,0,0,0,0,0,0,0,0,0,0,0,0,0
"BE","Belgium","BE","BEL","BE","BE32","Prov. Hainaut",0,0,0,0,0,0,0,0,0,0,0,0,0,0
"BE","Belgium","BE","BEL","BE","BE24","Prov. Vlaams-Brabant",0,0,0,0,0,0,0,0,0,0,0,0,0,0
"BE","Belgium","BE","BEL","BE","BE25","Prov. West-Vlaanderen",0,0,0,0,0,0,0,0,0,0,0,0,0,0
"BG","Bulgaria","BG","BGR","BG","BG31","Северозападен",0.00263999244353501,0.000262883758074295,0.00158595023884254,0.0125404096918142,0.0154937155014703,0.0258101137185837,0.00187882689095481,0.0258101137185836,0.0219464269173261,0.015942996824871,0.0175589743155342,0.0152017259358262,0.0175589743155342,0.0175589743155342
"BG","Bulgaria","BG","BGR","BG","BG32","Северен централен",0.0153227942287232,0.00172715021528958,0.00794176998314492,0.0381805147571756,0.0465930134987476,0.0714055587778485,0.00900277022680974,0.0714055587778487,0.0624843998922054,0.046738217695141,0.0519019369143636,0.0464949619663174,0.0519019369143635,0.0519019369143635
"BG","Bulgaria","BG","BGR","BG","BG33","Североизточен",0.00711524722254049,0.000713622358223276,0.00389116648783619,0.0215874566592714,0.0273344298571145,0.0431374383020832,0.00400511587902605,0.0431374383020832,0.037025546485443,0.0271071184267872,0.0299910825982215,0.0275141592672373,0.0299910825982215,0.0299910825982213
"BG","Bulgaria","BG","BGR","BG","BG34","Югоизточен",0.00217830787490753,0.000171623143006125,0.00114962784117399,0.00977112748276031,0.0124898158507514,0.0208364614230987,0.00126631707447213,0.0208364614230986,0.017531092121652,0.012609973407951,0.0138218797160326,0.012409441332757,0.0138218797160326,0.0138218797160326
"BG","Bulgaria","BG","BGR","BG","BG41","Югозападен",0.000116681130553287,1.17027942737784e-05,0.000105290729495193,0.00144668944049467,0.00196256391421148,0.00344978854509214,0.000103257977976837,0.00344978854509213,0.00279428339013224,0.00196504150966745,0.00209877892594843,0.00196029280097819,0.00209877892594843,0.00209877892594844
"BG","Bulgaria","BG","BGR","BG","BG42","Южен централен",0.000642198449779078,4.84966035630873e-05,0.00037894091301824,0.00423883974620194,0.00554249390773361,0.0095634442226476,0.000404143504496801,0.00956344422264759,0.00789922476710327,0.00561079815630051,0.00607799996807917,0.00549635441695016,0.00607799996807917,0.00607799996807918
"CH","Switzerland","CH","CHE","CH","CH05","Ostschweiz",0,0,0,0,0,0,0,0,0,0,0,0,0,0
"CH","Switzerland","CH","CHE","CH","CH06","Zentralschweiz",0,0,0,0,0,0,0,0,0,0,0,0,0,0
"CH","Switzerland","CH","CHE","CH","CH07","Ticino",0,0,0,0,0,0,0,0,0,0,0,0,0,0
"CH","Switzerland","CH","CHE","CH","CH03","Nordwestschweiz",0,0,0,0,0,0,0,0,0,0,0,0,0,0
"CH","Switzerland","CH","CHE","CH","CH04","Zürich",0,0,0,0,0,0,0,0,0,0,0,0,0,0
"CH","Switzerland","CH","CHE","CH","CH01","Région lémanique",0,0,0,0,0,0,0,0,0,0,0,0,0,0
"CH","Switzerland","CH","CHE","CH","CH02","Espace Mittelland",0,0,0,0,0,0,0,0,0,0,0,0,0,0
"CY","Cyprus","CY","CYP","CY","CY00","Κύπρος",0,0,0,0,0,0,0,0,0,0,0,0,0,0
"CZ","Czechia","CZ","CZE","CZ","CZ01","Praha",0,0,0,0,0,0,0,0,0,0,0,0,0,0
"CZ","Czechia","CZ","CZE","CZ","CZ02","Střední Čechy",0,0,0,0,0,0,0,0,0,0,0,0,0,0
"CZ","Czechia","CZ","CZE","CZ","CZ03","Jihozápad",0,0,0,0,0,0,0,0,0,0,0,0,0,0
"CZ","Czechia","CZ","CZE","CZ","CZ04","Severozápad",0,0,0,0,0,0,0,0,0,0,0,0,0,0
"CZ","Czechia","CZ","CZE","CZ","CZ05","Severovýchod",0,0,0,0,0,0,0,0,0,0,0,0,0,0
"CZ","Czechia","CZ","CZE","CZ","CZ08","Moravskoslezsko",0,0,0,0,0,0,0,0,0,0,0,0,0,0
"CZ","Czechia","CZ","CZE","CZ","CZ06","Jihovýchod",0,0,0,0,0,0,0,0,0,0,0,0,0,0
"CZ","Czechia","CZ","CZE","CZ","CZ07","Střední Morava",0,0,0,0,0,0,0,0,0,0,0,0,0,0
"DE","Germany","DE","DEU","DE","DE13","Freiburg",0,0,0,0,0,0,0,0,0,0,0,0,0,0
"DE","Germany","DE","DEU","DE","DE12","Karlsruhe",0,0,0,0,0,0,0,0,0,0,0,0,0,0
"DE","Germany","DE","DEU","DE","DE23","Oberpfalz",0,0,0,0,0,0,0,0,0,0,0,0,0,0
"DE","Germany","DE","DEU","DE","DE14","Tübingen",0,0,0,0,0,0,0,0,0,0,0,0,0,0
"DE","Germany","DE","DEU","DE","DE21","Oberbayern",0,0,0,0,0,0,0,0,0,0,0,0,0,0
"DE","Germany","DE","DEU","DE","DE22","Niederbayern",0,0,0,0,0,0,0,0,0,0,0,0,0,0
"DE","Germany","DE","DEU","DE","DE27","Schwaben",0,0,0,0,0,0,0,0,0,0,0,0,0,0
"DE","Germany","DE","DEU","DE","DE24","Oberfranken",0,0,0,0,0,0,0,0,0,0,0,0,0,0
"DE","Germany","DE","DEU","DE","DE25","Mittelfranken",0,0,0,0,0,0,0,0,0,0,0,0,0,0
"DE","Germany","DE","DEU","DE","DE26","Unterfranken",0,0,0,0,0,0,0,0,0,0,0,0,0,0
"DE","Germany","DE","DEU","DE","DE60","Hamburg",0,0,0,0,0,0,0,0,0,0,0,0,0,0
"DE","Germany","DE","DEU","DE","DE71","Darmstadt",0,0,0,0,0,0,0,0,0,0,0,0,0,0
"DE","Germany","DE","DEU","DE","DE72","Gießen",0,0,0,0,0,0,0,0,0,0,0,0,0,0
"DE","Germany","DE","DEU","DE","DE73","Kassel",0,0,0,0,0,0,0,0,0,0,0,0,0,0
"DE","Germany","DE","DEU","DE","DE80","Mecklenburg-Vorpommern",0,0,0,0,0,0,0,0,0,0,0,0,0,0
"DE","Germany","DE","DEU","DE","DE91","Braunschweig",0,0,0,0,0,0,0,0,0,0,0,0,0,0
"DE","Germany","DE","DEU","DE","DE92","Hannover",0,0,0,0,0,0,0,0,0,0,0,0,0,0
"DE","Germany","DE","DEU","DE","DE93","Lüneburg",0,0,0,0,0,0,0,0,0,0,0,0,0,0
"DE","Germany","DE","DEU","DE","DE94","Weser-Ems",0,0,0,0,0,0,0,0,0,0,0,0,0,0
"DE","Germany","DE","DEU","DE","DEA1","Düsseldorf",0,0,0,0,0,0,0,0,0,0,0,0,0,0
"DE","Germany","DE","DEU","DE","DE30","Berlin",0,0,0,0,0,0,0,0,0,0,0,0,0,0
"DE","Germany","DE","DEU","DE","DE40","Brandenburg",0,0,0,0,0,0,0,0,0,0,0,0,0,0
"DE","Germany","DE","DEU","DE","DE50","Bremen",0,0,0,0,0,0,0,0,0,0,0,0,0,0
"DE","Germany","DE","DEU","DE","DEA5","Arnsberg",0,0,0,0,0,0,0,0,0,0,0,0,0,0
"DE","Germany","DE","DEU","DE","DEB1","Koblenz",0,0,0,0,0,0,0,0,0,0,0,0,0,0
"DE","Germany","DE","DEU","DE","DEB2","Trier",0,0,0,0,0,0,0,0,0,0,0,0,0,0
"DE","Germany","DE","DEU","DE","DEB3","Rheinhessen-Pfalz",0,0,0,0,0,0,0,0,0,0,0,0,0,0
"DE","Germany","DE","DEU","DE","DEC0","Saarland",0,0,0,0,0,0,0,0,0,0,0,0,0,0
"DE","Germany","DE","DEU","DE","DED2","Dresden",0,0,0,0,0,0,0,0,0,0,0,0,0,0
"DE","Germany","DE","DEU","DE","DED4","Chemnitz",0,0,0,0,0,0,0,0,0,0,0,0,0,0
"DE","Germany","DE","DEU","DE","DED5","Leipzig",0,0,0,0,0,0,0,0,0,0,0,0,0,0
"DE","Germany","DE","DEU","DE","DEE0","Sachsen-Anhalt",0,0,0,0,0,0,0,0,0,0,0,0,0,0
"DE","Germany","DE","DEU","DE","DEF0","Schleswig-Holstein",0,0,0,0,0,0,0,0,0,0,0,0,0,0
"DE","Germany","DE","DEU","DE","DEA2","Köln",0,0,0,0,0,0,0,0,0,0,0,0,0,0
"DE","Germany","DE","DEU","DE","DEA3","Münster",0,0,0,0,0,0,0,0,0,0,0,0,0,0
"DE","Germany","DE","DEU","DE","DEA4","Detmold",0,0,0,0,0,0,0,0,0,0,0,0,0,0
"DE","Germany","DE","DEU","DE","DE11","Stuttgart",0,0,0,0,0,0,0,0,0,0,0,0,0,0
"DE","Germany","DE","DEU","DE","DEG0","Thüringen",0,0,0,0,0,0,0,0,0,0,0,0,0,0
"DK","Denmark","DK","DNK","DK","DK04","Midtjylland",0,0,0,0,0,0,0,0,0,0,0,0,0,0
"DK","Denmark","DK","DNK","DK","DK05","Nordjylland",0,0,0,0,0,0,0,0,0,0,0,0,0,0
"DK","Denmark","DK","DNK","DK","DK01","Hovedstaden",0,0,0,0,0,0,0,0,0,0,0,0,0,0
"DK","Denmark","DK","DNK","DK","DK02","Sjælland",0,0,0,0,0,0,0,0,0,0,0,0,0,0
"DK","Denmark","DK","DNK","DK","DK03","Syddanmark",0,0,0,0,0,0,0,0,0,0,0,0,0,0
"EE","Estonia","EE","EST","EE","EE00","Eesti",0,0,0,0,0,0,0,0,0,0,0,0,0,0
"EL","Greece","GR","GRC","EL","EL30","Aττική",0,0,0,0,0,0,0,0,0,0,0,0,0,0
"EL","Greece","GR","GRC","EL","EL41","Βόρειο Αιγαίο",0,0,0,0,0,0,0,0,0,0,0,0,0,0
"EL","Greece","GR","GRC","EL","EL42","Νότιο Αιγαίο",0,0,0,0,0,0,0,0,0,0,0,0,0,0
"EL","Greece","GR","GRC","EL","EL43","Κρήτη",0,0,0,0,0,0,0,0,0,0,0,0,0,0
"EL","Greece","GR","GRC","EL","EL51","Aνατολική Μακεδονία, Θράκη",0.000139073898199212,6.80777876288104e-06,6.17162811316145e-05,0.00114500101708965,0.00149592475591082,0.00271694476965077,8.04417075686828e-05,0.00271694476965077,0.00220399465953926,0.00155156594564682,0.00165906239411325,0.00147992653352773,0.00165906239411326,0.00165906239411325
"EL","Greece","GR","GRC","EL","EL52","Κεντρική Μακεδονία",2.83510412599333e-06,4.73452749750324e-08,5.07059083054907e-07,1.22229141645569e-05,1.79210128624759e-05,3.11165836584636e-05,6.44572987616123e-07,3.11165836584637e-05,2.45704708641066e-05,1.71248555468666e-05,1.79403470100332e-05,1.8163119084084e-05,1.79403470100332e-05,1.79403470100331e-05
"EL","Greece","GR","GRC","EL","EL53","Δυτική Μακεδονία",0,0,0,0,0,0,0,0,0,0,0,0,0,0
"EL","Greece","GR","GRC","EL","EL64","Στερεά Ελλάδα",0,0,0,0,0,0,0,0,0,0,0,0,0,0
"EL","Greece","GR","GRC","EL","EL65","Πελοπόννησος",0,0,0,0,0,0,0,0,0,0,0,0,0,0
"EL","Greece","GR","GRC","EL","EL61","Θεσσαλία",0,0,0,0,0,0,0,0,0,0,0,0,0,0
"EL","Greece","GR","GRC","EL","EL62","Ιόνια Νησιά",0,0,0,0,0,0,0,0,0,0,0,0,0,0
"EL","Greece","GR","GRC","EL","EL63","Δυτική Ελλάδα",0,0,0,0,0,0,0,0,0,0,0,0,0,0
"EL","Greece","GR","GRC","EL","EL54","Ήπειρος",0,0,0,0,0,0,0,0,0,0,0,0,0,0
"ES","Spain","ES","ESP","ES","ES11","Galicia",0,0,0,0,0,0,0,0,0,0,0,0,0,0
"ES","Spain","ES","ESP","ES","ES12","Principado de Asturias",0,0,0,0,0,0,0,0,0,0,0,0,0,0
"ES","Spain","ES","ESP","ES","ES13","Cantabria",0,0,0,0,0,0,0,0,0,0,0,0,0,0
"ES","Spain","ES","ESP","ES","ES21","País Vasco",0,0,0,0,0,0,0,0,0,0,0,0,0,0
"ES","Spain","ES","ESP","ES","ES22","Comunidad Foral de Navarra",0,0,0,0,0,0,0,0,0,0,0,0,0,0
"ES","Spain","ES","ESP","ES","ES23","La Rioja",0,0,0,0,0,0,0,0,0,0,0,0,0,0
"ES","Spain","ES","ESP","ES","ES24","Aragón",0,0,0,0,0,0,0,0,0,0,0,0,0,0
"ES","Spain","ES","ESP","ES","ES51","Cataluña",0,0,0,0,0,0,0,0,0,0,0,0,0,0
"ES","Spain","ES","ESP","ES","ES52","Comunitat Valenciana",0,0,0,0,0,0,0,0,0,0,0,0,0,0
"ES","Spain","ES","ESP","ES","ES53","Illes Balears",0,0,0,0,0,0,0,0,0,0,0,0,0,0
"ES","Spain","ES","ESP","ES","ES61","Andalucía",0,0,0,0,0,0,0,0,0,0,0,0,0,0
"ES","Spain","ES","ESP","ES","ES62","Región de Murcia",0,0,0,0,0,0,0,0,0,0,0,0,0,0
"ES","Spain","ES","ESP","ES","ES63","Ciudad de Ceuta",0,0,0,0,0,0,0,0,0,0,0,0,0,0
"ES","Spain","ES","ESP","ES","ES64","Ciudad de Melilla",0,0,0,0,0,0,0,0,0,0,0,0,0,0
"ES","Spain","ES","ESP","ES","ES70","Canarias",0,0,0,0,0,0,0,0,0,0,0,0,0,0
"ES","Spain","ES","ESP","ES","ES43","Extremadura",0,0,0,0,0,0,0,0,0,0,0,0,0,0
"ES","Spain","ES","ESP","ES","ES30","Comunidad de Madrid",0,0,0,0,0,0,0,0,0,0,0,0,0,0
"ES","Spain","ES","ESP","ES","ES41","Castilla y León",0,0,0,0,0,0,0,0,0,0,0,0,0,0
"ES","Spain","ES","ESP","ES","ES42","Castilla-La Mancha",0,0,0,0,0,0,0,0,0,0,0,0,0,0
"FI","Finland","FI","FIN","FI","FI19","Länsi-Suomi",0,0,0,0,0,0,0,0,0,0,0,0,0,0
"FI","Finland","FI","FIN","FI","FI20","Åland",0,0,0,0,0,0,0,0,0,0,0,0,0,0
"FI","Finland","FI","FIN","FI","FI1B","Helsinki-Uusimaa",0,0,0,0,0,0,0,0,0,0,0,0,0,0
"FI","Finland","FI","FIN","FI","FI1C","Etelä-Suomi",0,0,0,0,0,0,0,0,0,0,0,0,0,0
"FI","Finland","FI","FIN","FI","FI1D","Pohjois- ja Itä-Suomi",0,0,0,0,0,0,0,0,0,0,0,0,0,0
"FR","France","FR","FRA","FR","FRB0","Centre — Val de Loire",0,0,0,0,0,0,0,0,0,0,0,0,0,0
"FR","France","FR","FRA","FR","FRD2","Haute-Normandie",0,0,0,0,0,0,0,0,0,0,0,0,0,0
"FR","France","FR","FRA","FR","FRC1","Bourgogne",0,0,0,0,0,0,0,0,0,0,0,0,0,0
"FR","France","FR","FRA","FR","FRC2","Franche-Comté",0,0,0,0,0,0,0,0,0,0,0,0,0,0
"FR","France","FR","FRA","FR","FRD1","Basse-Normandie",0,0,0,0,0,0,0,0,0,0,0,0,0,0
"FR","France","FR","FRA","FR","FRF2","Champagne-Ardenne",0,0,0,0,0,0,0,0,0,0,0,0,0,0
"FR","France","FR","FRA","FR","FRE1","Nord-Pas de Calais",0,0,0,0,0,0,0,0,0,0,0,0,0,0
"FR","France","FR","FRA","FR","FRE2","Picardie",0,0,0,0,0,0,0,0,0,0,0,0,0,0
"FR","France","FR","FRA","FR","FRF1","Alsace",0,0,0,0,0,0,0,0,0,0,0,0,0,0
"FR","France","FR","FRA","FR","FR10","Ile-de-France",0,0,0,0,0,0,0,0,0,0,0,0,0,0
"FR","France","FR","FRA","FR","FRI2","Limousin",0,0,0,0,0,0,0,0,0,0,0,0,0,0
"FR","France","FR","FRA","FR","FRI3","Poitou-Charentes",0,0,0,0,0,0,0,0,0,0,0,0,0,0
"FR","France","FR","FRA","FR","FRJ1","Languedoc-Roussillon",0,0,0,0,0,0,0,0,0,0,0,0,0,0
"FR","France","FR","FRA","FR","FRJ2","Midi-Pyrénées",0,0,0,0,0,0,0,0,0,0,0,0,0,0
"FR","France","FR","FRA","FR","FRK1","Auvergne",0,0,0,0,0,0,0,0,0,0,0,0,0,0
"FR","France","FR","FRA","FR","FRK2","Rhône-Alpes",0,0,0,0,0,0,0,0,0,0,0,0,0,0
"FR","France","FR","FRA","FR","FRL0","Provence-Alpes-Côte d’Azur",0,0,0,0,0,0,0,0,0,0,0,0,0,0
"FR","France","FR","FRA","FR","FRM0","Corse",0,0,0,0,0,0,0,0,0,0,0,0,0,0
"FR","France","FR","FRA","FR","FRI1","Aquitaine",0,0,0,0,0,0,0,0,0,0,0,0,0,0
"FR","France","FR","FRA","FR","FRF3","Lorraine",0,0,0,0,0,0,0,0,0,0,0,0,0,0
"FR","France","FR","FRA","FR","FRG0","Pays de la Loire",0,0,0,0,0,0,0,0,0,0,0,0,0,0
"FR","France","FR","FRA","FR","FRH0","Bretagne",0,0,0,0,0,0,0,0,0,0,0,0,0,0
"HR","Croatia","HR","HRV","HR","HR02","Panonska Hrvatska",0,0,0,0,0,0,0,0,0,0,0,0,0,0
"HR","Croatia","HR","HRV","HR","HR03","Jadranska Hrvatska",0,0,0,0,0,0,0,0,0,0,0,0,0,0
"HR","Croatia","HR","HRV","HR","HR05","Grad Zagreb",0,0,0,0,0,0,0,0,0,0,0,0,0,0
"HR","Croatia","HR","HRV","HR","HR06","Sjeverna Hrvatska",0,0,0,0,0,0,0,0,0,0,0,0,0,0
"HU","Hungary","HU","HUN","HU","HU12","Pest",0,0,0,0,0,0,0,0,0,0,0,0,0,0
"HU","Hungary","HU","HUN","HU","HU31","Észak-Magyarország",4.04803293282974e-06,1.9666483115238e-07,2.17745918476801e-06,4.45895512515409e-05,6.36172072589948e-05,0.000115150176018069,2.09065664639222e-06,0.00011515017601807,9.03923827598647e-05,6.28971396344048e-05,6.55974188483199e-05,6.40161514043168e-05,6.55974188483199e-05,6.55974188483199e-05
"HU","Hungary","HU","HUN","HU","HU21","Közép-Dunántúl",0,0,0,0,0,0,0,0,0,0,0,0,0,0
"HU","Hungary","HU","HUN","HU","HU22","Nyugat-Dunántúl",0,0,0,0,0,0,0,0,0,0,0,0,0,0
"HU","Hungary","HU","HUN","HU","HU23","Dél-Dunántúl",0,0,0,0,0,0,0,0,0,0,0,0,0,0
"HU","Hungary","HU","HUN","HU","HU11","Budapest",0,0,0,0,0,0,0,0,0,0,0,0,0,0
"HU","Hungary","HU","HUN","HU","HU32","Észak-Alföld",3.96631538264193e-05,1.85542698842006e-06,1.82412896305278e-05,0.000342784880747933,0.000465133095183301,0.000846235394088571,1.97761358490401e-05,0.000846235394088575,0.000676383104917101,0.000473289552787214,0.000500463031651045,0.000460145118783909,0.000500463031651043,0.000500463031651046
"HU","Hungary","HU","HUN","HU","HU33","Dél-Alföld",6.31385342729478e-06,1.53032776675772e-07,1.63895255565595e-06,3.86636913013231e-05,5.51064954431461e-05,9.8428408211459e-05,1.976717202082e-06,9.84284082114587e-05,7.77216535949065e-05,5.4169580145113e-05,5.67491540311969e-05,5.57009844141262e-05,5.67491540311968e-05,5.6749154031197e-05
"IE","Ireland","IE","IRL","IE","IE04","Northern and Western",0,0,0,0,0,0,0,0,0,0,0,0,0,0
"IE","Ireland","IE","IRL","IE","IE05","Southern",0,0,0,0,0,0,0,0,0,0,0,0,0,0
"IE","Ireland","IE","IRL","IE","IE06","Eastern and Midland",0,0,0,0,0,0,0,0,0,0,0,0,0,0
"IS","Iceland","IS","ISL","IS","IS00","Ísland",0,0,0,0,0,0,0,0,0,0,0,0,0,0
"IT","Italy","IT","ITA","IT","ITC3","Liguria",0,0,0,0,0,0,0,0,0,0,0,0,0,0
"IT","Italy","IT","ITA","IT","ITC4","Lombardia",0,0,0,0,0,0,0,0,0,0,0,0,0,0
"IT","Italy","IT","ITA","IT","ITF3","Campania",0,0,0,0,0,0,0,0,0,0,0,0,0,0
"IT","Italy","IT","ITA","IT","ITF4","Puglia",0,0,0,0,0,0,0,0,0,0,0,0,0,0
"IT","Italy","IT","ITA","IT","ITF1","Abruzzo",0,0,0,0,0,0,0,0,0,0,0,0,0,0
"IT","Italy","IT","ITA","IT","ITF2","Molise",0,0,0,0,0,0,0,0,0,0,0,0,0,0
"IT","Italy","IT","ITA","IT","ITG1","Sicilia",0,0,0,0,0,0,0,0,0,0,0,0,0,0
"IT","Italy","IT","ITA","IT","ITG2","Sardegna",0,0,0,0,0,0,0,0,0,0,0,0,0,0
"IT","Italy","IT","ITA","IT","ITF5","Basilicata",0,0,0,0,0,0,0,0,0,0,0,0,0,0
"IT","Italy","IT","ITA","IT","ITF6","Calabria",0,0,0,0,0,0,0,0,0,0,0,0,0,0
"IT","Italy","IT","ITA","IT","ITH3","Veneto",0,0,0,0,0,0,0,0,0,0,0,0,0,0
"IT","Italy","IT","ITA","IT","ITH4","Friuli-Venezia Giulia",0,0,0,0,0,0,0,0,0,0,0,0,0,0
"IT","Italy","IT","ITA","IT","ITH5","Emilia-Romagna",0,0,0,0,0,0,0,0,0,0,0,0,0,0
"IT","Italy","IT","ITA","IT","ITI1","Toscana",0,0,0,0,0,0,0,0,0,0,0,0,0,0
"IT","Italy","IT","ITA","IT","ITI2","Umbria",0,0,0,0,0,0,0,0,0,0,0,0,0,0
"IT","Italy","IT","ITA","IT","ITI3","Marche",0,0,0,0,0,0,0,0,0,0,0,0,0,0
"IT","Italy","IT","ITA","IT","ITI4","Lazio",0,0,0,0,0,0,0,0,0,0,0,0,0,0
"IT","Italy","IT","ITA","IT","ITH1","Provincia Autonoma di Bolzano/Bozen",0,0,0,0,0,0,0,0,0,0,0,0,0,0
"IT","Italy","IT","ITA","IT","ITH2","Provincia Autonoma di Trento",0,0,0,0,0,0,0,0,0,0,0,0,0,0
"IT","Italy","IT","ITA","IT","ITC1","Piemonte",0,0,0,0,0,0,0,0,0,0,0,0,0,0
"IT","Italy","IT","ITA","IT","ITC2","Valle d’Aosta/Vallée d’Aoste",0,0,0,0,0,0,0,0,0,0,0,0,0,0
"LT","Lithuania","LT","LTU","LT","LT01","Sostinės regionas",0,0,0,0,0,0,0,0,0,0,0,0,0,0
"LT","Lithuania","LT","LTU","LT","LT02","Vidurio ir vakarų Lietuvos regionas",0,0,0,0,0,0,0,0,0,0,0,0,0,0
"LU","Luxembourg","LU","LUX","LU","LU00","Luxembourg",0,0,0,0,0,0,0,0,0,0,0,0,0,0
"LV","Latvia","LV","LVA","LV","LV00","Latvija",0,0,0,0,0,0,0,0,0,0,0,0,0,0
"ME","Montenegro","ME","MNE","ME","ME00","Црна Гора",0,0,0,0,0,0,0,0,0,0,0,0,0,0
"MK","North Macedonia","MK","MKD","MK","MK00","Северна Македонија",2.58319709539261e-06,7.29864626437139e-08,8.08100983363633e-07,9.91953456065941e-06,1.80722670348112e-05,2.5616677419192e-05,6.05470142296972e-07,2.5616677419192e-05,2.01089793379754e-05,1.39922993808676e-05,1.45930121540184e-05,1.85395666796663e-05,1.45930121540183e-05,1.45930121540183e-05
"MT","Malta","MT","MLT","MT","MT00","Malta",0,0,0,0,0,0,0,0,0,0,0,0,0,0
"NL","Netherlands (the)","NL","NLD","NL","NL12","Friesland (NL)",0,0,0,0,0,0,0,0,0,0,0,0,0,0
"NL","Netherlands (the)","NL","NLD","NL","NL23","Flevoland",0,0,0,0,0,0,0,0,0,0,0,0,0,0
"NL","Netherlands (the)","NL","NLD","NL","NL13","Drenthe",0,0,0,0,0,0,0,0,0,0,0,0,0,0
"NL","Netherlands (the)","NL","NLD","NL","NL21","Overijssel",0,0,0,0,0,0,0,0,0,0,0,0,0,0
"NL","Netherlands (the)","NL","NLD","NL","NL22","Gelderland",0,0,0,0,0,0,0,0,0,0,0,0,0,0
"NL","Netherlands (the)","NL","NLD","NL","NL34","Zeeland",0,0,0,0,0,0,0,0,0,0,0,0,0,0
"NL","Netherlands (the)","NL","NLD","NL","NL31","Utrecht",0,0,0,0,0,0,0,0,0,0,0,0,0,0
"NL","Netherlands (the)","NL","NLD","NL","NL32","Noord-Holland",0,0,0,0,0,0,0,0,0,0,0,0,0,0
"NL","Netherlands (the)","NL","NLD","NL","NL33","Zuid-Holland",0,0,0,0,0,0,0,0,0,0,0,0,0,0
"NL","Netherlands (the)","NL","NLD","NL","NL11","Groningen",0,0,0,0,0,0,0,0,0,0,0,0,0,0
"NL","Netherlands (the)","NL","NLD","NL","NL41","Noord-Brabant",0,0,0,0,0,0,0,0,0,0,0,0,0,0
"NL","Netherlands (the)","NL","NLD","NL","NL42","Limburg (NL)",0,0,0,0,0,0,0,0,0,0,0,0,0,0
"NO","Norway","NO","NOR","NO","NO07","Nord-Norge",0,0,0,0,0,0,0,0,0,0,0,0,0,0
"NO","Norway","NO","NOR","NO","NO08","Oslo og Viken",0,0,0,0,0,0,0,0,0,0,0,0,0,0
"NO","Norway","NO","NOR","NO","NO02","Innlandet",0,0,0,0,0,0,0,0,0,0,0,0,0,0
"NO","Norway","NO","NOR","NO","NO06","Trøndelag",0,0,0,0,0,0,0,0,0,0,0,0,0,0
"NO","Norway","NO","NOR","NO","NO09","Agder og Sør-Østlandet",0,0,0,0,0,0,0,0,0,0,0,0,0,0
"NO","Norway","NO","NOR","NO","NO0A","Vestlandet",0,0,0,0,0,0,0,0,0,0,0,0,0,0
"PL","Poland","PL","POL","PL","PL21","Małopolskie",0,0,0,0,0,0,0,0,0,0,0,0,0,0
"PL","Poland","PL","POL","PL","PL22","Śląskie",0,0,0,0,0,0,0,0,0,0,0,0,0,0
"PL","Poland","PL","POL","PL","PL41","Wielkopolskie",0,0,0,0,0,0,0,0,0,0,0,0,0,0
"PL","Poland","PL","POL","PL","PL42","Zachodniopomorskie",0,0,0,0,0,0,0,0,0,0,0,0,0,0
"PL","Poland","PL","POL","PL","PL43","Lubuskie",0,0,0,0,0,0,0,0,0,0,0,0,0,0
"PL","Poland","PL","POL","PL","PL51","Dolnośląskie",0,0,0,0,0,0,0,0,0,0,0,0,0,0
"PL","Poland","PL","POL","PL","PL71","Łódzkie",0,0,0,0,0,0,0,0,0,0,0,0,0,0
"PL","Poland","PL","POL","PL","PL72","Świętokrzyskie",0,0,0,0,0,0,0,0,0,0,0,0,0,0
"PL","Poland","PL","POL","PL","PL81","Lubelskie",2.65089454932834e-06,5.65195674276516e-08,6.25780677172005e-07,1.71658805220787e-05,2.4136429531487e-05,4.43299855715456e-05,7.84174991184533e-07,4.43299855715456e-05,3.47988441015812e-05,2.42138517621294e-05,2.52533928443179e-05,2.40115300854285e-05,2.52533928443179e-05,2.52533928443179e-05
"PL","Poland","PL","POL","PL","PL82","Podkarpackie",0,0,0,0,0,0,0,0,0,0,0,0,0,0
"PL","Poland","PL","POL","PL","PL84","Podlaskie",0,0,0,0,0,0,0,0,0,0,0,0,0,0
"PL","Poland","PL","POL","PL","PL91","Warszawski stołeczny",0,0,0,0,0,0,0,0,0,0,0,0,0,0
"PL","Poland","PL","POL","PL","PL92","Mazowiecki regionalny",0,0,0,0,0,0,0,0,0,0,0,0,0,0
"PL","Poland","PL","POL","PL","PL62","Warmińsko-mazurskie",0,0,0,0,0,0,0,0,0,0,0,0,0,0
"PL","Poland","PL","POL","PL","PL63","Pomorskie",0,0,0,0,0,0,0,0,0,0,0,0,0,0
"PL","Poland","PL","POL","PL","PL52","Opolskie",0,0,0,0,0,0,0,0,0,0,0,0,0,0
"PL","Poland","PL","POL","PL","PL61","Kujawsko-pomorskie",0,0,0,0,0,0,0,0,0,0,0,0,0,0
"PT","Portugal","PT","PRT","PT","PT11","Norte",0,0,0,0,0,0,0,0,0,0,0,0,0,0
"PT","Portugal","PT","PRT","PT","PT15","Algarve",0,0,0,0,0,0,0,0,0,0,0,0,0,0
"PT","Portugal","PT","PRT","PT","PT30","Região Autónoma da Madeira",0,0,0,0,0,0,0,0,0,0,0,0,0,0
"PT","Portugal","PT","PRT","PT","PT16","Centro (PT)",0,0,0,0,0,0,0,0,0,0,0,0,0,0
"PT","Portugal","PT","PRT","PT","PT17","Área Metropolitana de Lisboa",0,0,0,0,0,0,0,0,0,0,0,0,0,0
"PT","Portugal","PT","PRT","PT","PT18","Alentejo",0,0,0,0,0,0,0,0,0,0,0,0,0,0
"PT","Portugal","PT","PRT","PT","PT20","Região Autónoma dos Açores",0,0,0,0,0,0,0,0,0,0,0,0,0,0
"RO","Romania","RO","ROU","RO","RO11","Nord-Vest",0.000535981980130293,4.91725209016139e-05,0.000370104594911928,0.00401943902394345,0.00526953061807218,0.00898725906183575,0.000403157776500323,0.00898725906183583,0.00744461105918698,0.00529851314597017,0.0057507041044152,0.00514727645478852,0.00575070410441521,0.00575070410441521
"RO","Romania","RO","ROU","RO","RO12","Centru",0.0165348164107434,0.00253250555140757,0.0104393400217293,0.0458520687694162,0.0548401634162559,0.0818899654421375,0.0121759909671858,0.0818899654421376,0.0725750431985449,0.0552225777584508,0.0612382462684848,0.0533750820655157,0.0612382462684845,0.0612382462684847
"RO","Romania","RO","ROU","RO","RO21","Nord-Est",0.0480124611560142,0.0101404212838873,0.0356864286583165,0.114871742766004,0.133828665802972,0.187380734183796,0.0395676198124685,0.187380734183796,0.170297259253088,0.134203160503676,0.148064277947187,0.132168322778131,0.148064277947188,0.148064277947187
"RO","Romania","RO","ROU","RO","RO22","Sud-Est",0.0643021097063782,0.00963328639290816,0.033444135035635,0.107516253460345,0.125532629617648,0.174726067036284,0.0382588129255935,0.174726067036284,0.158875609728069,0.12548228153473,0.138220916246997,0.125732099926006,0.138220916246997,0.138220916246997
"RO","Romania","RO","ROU","RO","RO31","Sud-Muntenia",0.0481292275575866,0.0103682657486699,0.0361869906642343,0.106465675198596,0.124924475266122,0.174870733009951,0.037300867311599,0.174870733009951,0.158596717609229,0.124664203516603,0.137563398362302,0.12587177393934,0.137563398362303,0.137563398362302
"RO","Romania","RO","ROU","RO","RO32","Bucureşti-Ilfov",0.046094251457273,0.00771919075175799,0.0292721352105566,0.0957692061614323,0.113511077213932,0.163013775063856,0.0302853316286949,0.163013775063857,0.146539222302593,0.113413278047063,0.125785805355393,0.114004903777053,0.125785805355393,0.125785805355392
"RO","Romania","RO","ROU","RO","RO41","Sud-Vest Oltenia",0.00312126042161067,0.000256256836255829,0.00156270588268332,0.0109666673227202,0.0140748262640067,0.022948041277626,0.00165268377732663,0.022948041277626,0.0194152985110866,0.0140398785729243,0.015427524687377,0.0142080173675344,0.015427524687377,0.015427524687377
"RO","Romania","RO","ROU","RO","RO42","Vest",0.000122276954118582,7.97931735351492e-06,7.08791514578308e-05,0.00113540414339351,0.00152259664391383,0.00269074336810395,8.05297388815335e-05,0.00269074336810395,0.00218341871000398,0.00153761670376157,0.00164451712066415,0.00146481007590317,0.00164451712066415,0.00164451712066416
"SE","Sweden","SE","SWE","SE","SE11","Stockholm",0,0,0,0,0,0,0,0,0,0,0,0,0,0
"SE","Sweden","SE","SWE","SE","SE12","Östra Mellansverige",0,0,0,0,0,0,0,0,0,0,0,0,0,0
"SE","Sweden","SE","SWE","SE","SE21","Småland med öarna",0,0,0,0,0,0,0,0,0,0,0,0,0,0
"SE","Sweden","SE","SWE","SE","SE22","Sydsverige",0,0,0,0,0,0,0,0,0,0,0,0,0,0
"SE","Sweden","SE","SWE","SE","SE23","Västsverige",0,0,0,0,0,0,0,0,0,0,0,0,0,0
"SE","Sweden","SE","SWE","SE","SE31","Norra Mellansverige",0,0,0,0,0,0,0,0,0,0,0,0,0,0
"SE","Sweden","SE","SWE","SE","SE32","Mellersta Norrland",0,0,0,0,0,0,0,0,0,0,0,0,0,0
"SE","Sweden","SE","SWE","SE","SE33","Övre Norrland",0,0,0,0,0,0,0,0,0,0,0,0,0,0
"SI","Slovenia","SI","SVN","SI","SI03","Vzhodna Slovenija",0,0,0,0,0,0,0,0,0,0,0,0,0,0
"SI","Slovenia","SI","SVN","SI","SI04","Zahodna Slovenija",0,0,0,0,0,0,0,0,0,0,0,0,0,0
"SK","Slovakia","SK","SVK","SK","SK01","Bratislavský kraj",0,0,0,0,0,0,0,0,0,0,0,0,0,0
"SK","Slovakia","SK","SVK","SK","SK02","Západné Slovensko",0,0,0,0,0,0,0,0,0,0,0,0,0,0
"SK","Slovakia","SK","SVK","SK","SK03","Stredné Slovensko",0,0,0,0,0,0,0,0,0,0,0,0,0,0
"SK","Slovakia","SK","SVK","SK","SK04","Východné Slovensko",3.51406582926433e-06,1.84732971743621e-07,2.04535047621688e-06,4.31560531663691e-05,6.09506164026242e-05,0.000111448242444038,1.99154887007779e-06,0.000111448242444038,8.74863811526853e-05,6.08750755701116e-05,6.34885441978258e-05,6.09814596844499e-05,6.34885441978263e-05,6.34885441978259e-05
"TR","Turkey","TR","TUR","TR","TR10","İstanbul",5.82958722948794e-05,2.99689923239751e-06,3.00414443570403e-05,0.000521421858657234,0.000721110593388619,0.00129157205888879,3.00835553706999e-05,0.00129157205888879,0.00103109709092285,0.000721110593388623,0.000761790427496427,0.000721110593388623,0.000761790427496428,0.000761790427496424
"TR","Turkey","TR","TUR","TR","TR21","Tekirdağ, Edirne, Kırklareli",0.000356644259931357,1.11017268323705e-05,9.97612213622921e-05,0.00139747788829133,0.00189699525258839,0.00332807245415728,0.000105037600181959,0.00332807245415728,0.00269664915280767,0.00189699525258839,0.002026638505414,0.0018969952525884,0.002026638505414,0.00202663850541401
"TR","Turkey","TR","TUR","TR","TR22","Balıkesir, Çanakkale",3.16584671488897e-05,1.73974173096702e-06,1.77836434645365e-05,0.00032281544412342,0.000448386328090557,0.000807006671364495,1.76230667902009e-05,0.000807006671364496,0.000641875109543523,0.000448386328090556,0.000472357302810917,0.000448386328090556,0.000472357302810917,0.00047235730281092
"TR","Turkey","TR","TUR","TR","TR31","İzmir",0,0,0,0,0,0,0,0,0,0,0,0,0,0
"TR","Turkey","TR","TUR","TR","TR32","Aydın, Denizli, Muğla",0,0,0,0,0,0,0,0,0,0,0,0,0,0
"TR","Turkey","TR","TUR","TR","TR33","Manisa, Afyonkarahisar, Kütahya, Uşak",0,0,0,0,0,0,0,0,0,0,0,0,0,0
"TR","Turkey","TR","TUR","TR","TR41","Bursa, Eskişehir, Bilecik",3.21672411960019e-06,2.10858492345567e-07,2.33461040366918e-06,5.01735679687765e-05,7.07738432415679e-05,0.000129570606137452,2.26431049140825e-06,0.000129570606137452,0.000101712357109783,7.0773843241568e-05,7.38122824918253e-05,7.0773843241568e-05,7.38122824918255e-05,7.38122824918253e-05
"TR","Turkey","TR","TUR","TR","TR42","Kocaeli, Sakarya, Düzce, Bolu, Yalova",0,0,0,0,0,0,0,0,0,0,0,0,0,0
"TR","Turkey","TR","TUR","TR","TR51","Ankara",0,0,0,0,0,0,0,0,0,0,0,0,0,0
"TR","Turkey","TR","TUR","TR","TR52","Konya, Karaman",0,0,0,0,0,0,0,0,0,0,0,0,0,0
"TR","Turkey","TR","TUR","TR","TR61","Antalya, Isparta, Burdur",0,0,0,0,0,0,0,0,0,0,0,0,0,0
"TR","Turkey","TR","TUR","TR","TR62","Adana, Mersin",0,0,0,0,0,0,0,0,0,0,0,0,0,0
"TR","Turkey","TR","TUR","TR","TR63","Hatay, Kahramanmaraş, Osmaniye",0,0,0,0,0,0,0,0,0,0,0,0,0,0
"TR","Turkey","TR","TUR","TR","TR71","Kırıkkale, Aksaray, Niğde, Nevşehir, Kırşehir",0,0,0,0,0,0,0,0,0,0,0,0,0,0
"TR","Turkey","TR","TUR","TR","TR72","Kayseri, Sivas, Yozgat",0,0,0,0,0,0,0,0,0,0,0,0,0,0
"TR","Turkey","TR","TUR","TR","TR81","Zonguldak, Karabük, Bartın",0,0,0,0,0,0,0,0,0,0,0,0,0,0
"TR","Turkey","TR","TUR","TR","TR82","Kastamonu, Çankırı, Sinop",0,0,0,0,0,0,0,0,0,0,0,0,0,0
"TR","Turkey","TR","TUR","TR","TR83","Samsun, Tokat, Çorum, Amasya",0,0,0,0,0,0,0,0,0,0,0,0,0,0
"TR","Turkey","TR","TUR","TR","TR90","Trabzon, Ordu, Giresun, Rize, Artvin, Gümüşhane",0,0,0,0,0,0,0,0,0,0,0,0,0,0
"TR","Turkey","TR","TUR","TR","TRA1","Erzurum, Erzincan, Bayburt",0,0,0,0,0,0,0,0,0,0,0,0,0,0
"TR","Turkey","TR","TUR","TR","TRA2","Ağrı, Kars, Iğdır, Ardahan",0,0,0,0,0,0,0,0,0,0,0,0,0,0
"TR","Turkey","TR","TUR","TR","TRB1","Malatya, Elazığ, Bingöl, Tunceli",0,0,0,0,0,0,0,0,0,0,0,0,0,0
"TR","Turkey","TR","TUR","TR","TRB2","Van, Muş, Bitlis, Hakkari",0,0,0,0,0,0,0,0,0,0,0,0,0,0
"TR","Turkey","TR","TUR","TR","TRC1","Gaziantep, Adıyaman, Kilis",0,0,0,0,0,0,0,0,0,0,0,0,0,0
"TR","Turkey","TR","TUR","TR","TRC2","Şanlıurfa, Diyarbakır",0,0,0,0,0,0,0,0,0,0,0,0,0,0
"TR","Turkey","TR","TUR","TR","TRC3","Mardin, Batman, Şırnak, Siirt",0,0,0,0,0,0,0,0,0,0,0,0,0,0
"UK","United Kingdom","GB","GBR","UK","UKC1","Tees Valley and Durham",0,0,0,0,0,0,0,0,0,0,0,0,0,0
"UK","United Kingdom","GB","GBR","UK","UKC2","Northumberland and Tyne and Wear",0,0,0,0,0,0,0,0,0,0,0,0,0,0
"UK","United Kingdom","GB","GBR","UK","UKD1","Cumbria",0,0,0,0,0,0,0,0,0,0,0,0,0,0
"UK","United Kingdom","GB","GBR","UK","UKD3","Greater Manchester",0,0,0,0,0,0,0,0,0,0,0,0,0,0
"UK","United Kingdom","GB","GBR","UK","UKD4","Lancashire",0,0,0,0,0,0,0,0,0,0,0,0,0,0
"UK","United Kingdom","GB","GBR","UK","UKD6","Cheshire",0,0,0,0,0,0,0,0,0,0,0,0,0,0
"UK","United Kingdom","GB","GBR","UK","UKD7","Merseyside",0,0,0,0,0,0,0,0,0,0,0,0,0,0
"UK","United Kingdom","GB","GBR","UK","UKE1","East Yorkshire and Northern Lincolnshire",0,0,0,0,0,0,0,0,0,0,0,0,0,0
"UK","United Kingdom","GB","GBR","UK","UKE2","North Yorkshire",0,0,0,0,0,0,0,0,0,0,0,0,0,0
"UK","United Kingdom","GB","GBR","UK","UKE3","South Yorkshire",0,0,0,0,0,0,0,0,0,0,0,0,0,0
"UK","United Kingdom","GB","GBR","UK","UKE4","West Yorkshire",0,0,0,0,0,0,0,0,0,0,0,0,0,0
"UK","United Kingdom","GB","GBR","UK","UKF1","Derbyshire and Nottinghamshire",0,0,0,0,0,0,0,0,0,0,0,0,0,0
"UK","United Kingdom","GB","GBR","UK","UKF2","Leicestershire, Rutland and Northamptonshire",0,0,0,0,0,0,0,0,0,0,0,0,0,0
"UK","United Kingdom","GB","GBR","UK","UKF3","Lincolnshire",0,0,0,0,0,0,0,0,0,0,0,0,0,0
"UK","United Kingdom","GB","GBR","UK","UKG1","Herefordshire, Worcestershire and Warwickshire",0,0,0,0,0,0,0,0,0,0,0,0,0,0
"UK","United Kingdom","GB","GBR","UK","UKG2","Shropshire and Staffordshire",0,0,0,0,0,0,0,0,0,0,0,0,0,0
"UK","United Kingdom","GB","GBR","UK","UKG3","West Midlands",0,0,0,0,0,0,0,0,0,0,0,0,0,0
"UK","United Kingdom","GB","GBR","UK","UKH1","East Anglia",0,0,0,0,0,0,0,0,0,0,0,0,0,0
"UK","United Kingdom","GB","GBR","UK","UKH2","Bedfordshire and Hertfordshire",0,0,0,0,0,0,0,0,0,0,0,0,0,0
"UK","United Kingdom","GB","GBR","UK","UKH3","Essex",0,0,0,0,0,0,0,0,0,0,0,0,0,0
"UK","United Kingdom","GB","GBR","UK","UKI3","Inner London — West",0,0,0,0,0,0,0,0,0,0,0,0,0,0
"UK","United Kingdom","GB","GBR","UK","UKI4","Inner London — East",0,0,0,0,0,0,0,0,0,0,0,0,0,0
"UK","United Kingdom","GB","GBR","UK","UKI5","Outer London — East and North East",0,0,0,0,0,0,0,0,0,0,0,0,0,0
"UK","United Kingdom","GB","GBR","UK","UKI6","Outer London — South",0,0,0,0,0,0,0,0,0,0,0,0,0,0
"UK","United Kingdom","GB","GBR","UK","UKI7","Outer London — West and North West",0,0,0,0,0,0,0,0,0,0,0,0,0,0
"UK","United Kingdom","GB","GBR","UK","UKJ1","Berkshire, Buckinghamshire and Oxfordshire",0,0,0,0,0,0,0,0,0,0,0,0,0,0
"UK","United Kingdom","GB","GBR","UK","UKJ2","Surrey, East and West Sussex",0,0,0,0,0,0,0,0,0,0,0,0,0,0
"UK","United Kingdom","GB","GBR","UK","UKJ3","Hampshire and Isle of Wight",0,0,0,0,0,0,0,0,0,0,0,0,0,0
"UK","United Kingdom","GB","GBR","UK","UKJ4","Kent",0,0,0,0,0,0,0,0,0,0,0,0,0,0
"UK","United Kingdom","GB","GBR","UK","UKK1","Gloucestershire, Wiltshire and Bristol/Bath area",0,0,0,0,0,0,0,0,0,0,0,0,0,0
"UK","United Kingdom","GB","GBR","UK","UKK2","Dorset and Somerset",0,0,0,0,0,0,0,0,0,0,0,0,0,0
"UK","United Kingdom","GB","GBR","UK","UKK3","Cornwall and Isles of Scilly",0,0,0,0,0,0,0,0,0,0,0,0,0,0
"UK","United Kingdom","GB","GBR","UK","UKK4","Devon",0,0,0,0,0,0,0,0,0,0,0,0,0,0
"UK","United Kingdom","GB","GBR","UK","UKL1","West Wales and The Valleys",0,0,0,0,0,0,0,0,0,0,0,0,0,0
"UK","United Kingdom","GB","GBR","UK","UKL2","East Wales",0,0,0,0,0,0,0,0,0,0,0,0,0,0
"UK","United Kingdom","GB","GBR","UK","UKM5","North Eastern Scotland",0,0,0,0,0,0,0,0,0,0,0,0,0,0
"UK","United Kingdom","GB","GBR","UK","UKM6","Highlands and Islands",0,0,0,0,0,0,0,0,0,0,0,0,0,0
"UK","United Kingdom","GB","GBR","UK","UKM7","Eastern Scotland",0,0,0,0,0,0,0,0,0,0,0,0,0,0
"UK","United Kingdom","GB","GBR","UK","UKM8","West Central Scotland",0,0,0,0,0,0,0,0,0,0,0,0,0,0
"UK","United Kingdom","GB","GBR","UK","UKM9","Southern Scotland",0,0,0,0,0,0,0,0,0,0,0,0,0,0
"UK","United Kingdom","GB","GBR","UK","UKN0","Northern Ireland",0,0,0,0,0,0,0,0,0,0,0,0,0,0
