"CNTR_NAME","CNTR_CODE_Eurostat","CNTR_CODE_iso2","CNTR_CODE_iso3","ALL","A","B","C","D","E","F","G","H","I","J","K","L","M","N","O","P","Q","R","S","T","U"
"Albania","AL","AL","ALB",66668.8474435277,10188.36638964,1254.93659089521,3505.7815965639,1253.45855062128,510.877491392909,1884.36934753632,1289.41036414602,6060.80431304797,915.084185669928,1105.39927268095,315.019965344824,30010.1639779601,122.46251750201,90.381949564232,6950.29259268643,612.714520111975,156.764291924106,275.387295360368,167.172230879191,0,0
"Andorra","AD","AD","AND",11440.8841072881,116.617930922182,43.9507987823554,789.298047533465,451.353067820001,272.690130555509,997.08012990831,636.059162421039,1040.08037338982,220.431861097577,273.355812288974,14.8539248029955,3554.05186421079,152.231985069255,73.7908616052657,1867.26385606786,276.804439676623,235.952258955997,366.467378173048,58.5502240069899,0,0
"Austria","AT","AT","AUT",2604197.82728699,98409.3819917214,6810.5075657316,306950.579844969,58078.3971218596,93736.6675917682,138562.397172482,126374.120384726,138336.598911517,93036.9383792195,22366.9053527422,49916.0529492109,920185.546595635,35611.156532904,20822.6151953716,181232.483491066,80160.00141163,143285.98798195,42164.0653513363,48157.4234611469,0,0
"Belgium","BE","BE","BEL",1979142.35957884,18188.9458313904,1400.0287593932,239492.082181201,36437.0929934028,23645.2846320865,97109.9877079575,79445.6711476043,174005.239510354,17522.3673414847,10876.2346609374,31460.9709833297,882875.043870773,46818.5602521038,31888.1459667693,124872.783424881,64548.0289441106,81424.2855887466,8977.04700147888,8154.55878083381,0,0
"Bulgaria","BG","BG","BGR",286415.968812357,5604.88521762923,5855.8128962435,39799.619303601,13103.7123324318,2233.072545365,13216.3705373285,11159.5002452023,4432.44212624435,5304.25155439786,2323.21771732928,2128.99446253125,138996.25643205,2921.11470671733,3099.19710302175,30166.5031632946,2766.32996465366,1747.40020418248,1268.35170587234,288.936594260491,0,0
"Bosnia and Herzegovina","BA","BA","BIH",70538.1811980666,4502.12019774,1527.50774166489,4267.23435127314,1756.89288567401,716.06438811583,2132.77568067235,1807.28424913582,6412.56192709696,1282.61512500706,1549.36764126727,441.543388638795,32403.2645629746,171.647898252693,126.682612762935,9741.78173134734,858.802854550183,219.726507169042,385.992803498629,234.314651225066,0,0
"Switzerland","CH","CH","CHE",3599078.76548652,43404.8281694119,3579.72826324198,459462.144753697,97657.8780901629,72877.0583065073,122861.993935096,78787.5091858274,104210.950637014,24037.0177383618,44676.9694191128,92469.0262100085,1646158.94515026,29576.6777473413,16239.3079381469,476599.486664331,125040.894880041,78609.884816802,71504.9100557862,11308.0113930793,15.5421322897222,0
"Cyprus","CY","CY","CYP",104479.994718889,3004.79936181751,503.242531820155,8599.25223428942,3487.28898429461,2862.00824133159,4128.19933556235,4902.62190839491,1750.80847997746,6253.70292657672,2061.6578453084,732.516502318286,48783.8686056496,475.508878644267,156.48809141824,10260.380139899,2393.66333826012,1154.74331263989,2251.27932375082,717.964676936047,0,0
"Czechia","CZ","CZ","CZE",1637499.30684279,33644.9274475454,38359.9410364842,326394.586935213,71924.4585742723,35714.89842977,41683.753381084,53352.6772303819,111882.293134697,17027.9205921744,25117.4852390883,17439.6484226413,458782.799277603,21531.4013098413,6874.30806134376,225387.538445811,89599.5291557953,31231.8190680723,22198.7628751036,9350.55822586618,0,0
"Germany","DE","DE","DEU",19050653.6339213,392750.657586322,40588.1997243855,2163234.90886152,416505.296811513,644044.061123016,549084.284618282,391328.149138193,578108.61890635,108095.757512934,140332.792463266,354553.617100219,9112764.83215395,201933.815521728,102740.061568683,1715400.65709782,646148.001040006,990855.179328709,384209.819085709,117974.924278713,0,0
"Denmark","DK","DK","DNK",1382512.80618039,43237.1027560141,41483.4829737274,146136.750387991,73211.8717741358,40250.2262310957,42495.1370479153,30575.5535615935,43037.5090042814,7569.1904384773,34775.6087892857,9951.03993989583,630693.76509955,7583.13001571206,5819.77349551431,96907.6379017973,51682.4977693292,51151.2786629696,15284.1403693442,10667.1099617599,0,0
"Estonia","EE","EE","EST",130100.772672218,4527.82186549537,1606.81473740002,21778.4171748976,9485.69195497363,3099.96524654055,4041.038722285,4849.90183434932,4645.09112527775,993.369744293088,1706.88151494015,600.249777154843,45657.1241760335,2290.25835813297,727.087694524557,12406.0671227919,4946.29089387952,2571.8618077061,3442.07852825336,724.760393288416,0,0
"Greece","EL","GR","GRC",1091201.20297791,31575.3993216834,20215.9271308157,56475.0648015877,36101.7941671905,14714.1634877162,36516.5186169767,37137.2691505186,23009.2628661726,26356.0218248399,31837.4285253467,9073.12486862635,526969.557901956,3527.13426212792,2603.15790895518,200180.558390659,17647.2476711475,4515.0852391603,7931.63479433084,4814.85204810259,0,0
"Spain","ES","ES","ESP",7500267.12594884,108855.316146834,48214.9024786927,865875.693793454,239401.276232052,144637.025701814,588685.059957107,337370.865735233,267952.954962414,116918.821719434,144990.108616096,7878.64048884722,3021787.46719086,80745.062141579,39139.263033897,990411.680070607,146819.288158044,125150.964846058,194377.227689586,31055.5069862423,0,0
"Finland","FI","FI","FIN",866088.239996677,27160.1681456535,11166.9160988185,91910.1136374639,36937.9979062206,18580.7387912017,24933.7408123623,15945.9321888108,10357.5004052192,3155.00719316948,7249.00462240132,890.162743787104,389461.067806872,2954.06328265214,2706.16986033168,113978.390814192,36506.0623976319,41364.3978790185,23855.9859374,6974.81947347111,0,0
"France","FR","FR","FRA",14016670.2604518,258989.306534047,124170.087186421,869285.593433599,181897.121463335,165551.756250395,473359.112211947,242859.096100752,174135.544170851,133399.728233963,90569.3425881754,276733.554189493,7045875.21946881,197668.343318838,31227.0192738961,2537143.04060577,444075.078313378,392100.928086198,346903.087114686,30727.3019072385,0,0
"Croatia","HR","HR","HRV",363553.270134597,5685.18899320867,826.799700938956,51723.8866507248,10328.2325082956,13756.3426503627,21673.6709373227,15861.5010259067,21976.5151113576,17927.8435361844,3419.67772995756,3086.66437553529,145485.43469543,3901.12830707045,462.176492291026,40060.5160631948,2032.07747059437,2258.41411944005,2296.82844127252,790.371325507823,0,0
"Hungary","HU","HU","HUN",1109768.40132362,52856.4489058412,4593.39267174693,204774.385932964,23945.8210542297,31674.2128639241,30400.3828047371,28445.8237984168,42279.6232337739,8732.90855130006,26140.6611023623,7455.48841746627,341737.452032751,10608.3935659742,6392.90712432271,209398.192211126,28544.5335360313,16345.1712579186,17640.0107572138,17802.5915015199,0,0
"Ireland","IE","IE","IRL",1547662.62423865,26232.1401137945,4470.82481752243,157890.237073693,77195.2545270823,70536.7536060784,36745.0916872083,51796.9559098399,25322.4159819526,26777.6141270387,70312.3281608978,85731.6121536244,456577.220573773,14869.9603969803,6309.57668871576,322654.442161138,56104.17710591,44925.4965372048,11912.0221085534,1298.50050763878,0,0
"Iceland","IS","IS","ISL",81850.2705041693,2881.32855606652,334.036251496726,11796.7187471356,2215.96300679155,2024.82442175773,2107.913213914,1486.88075275858,7489.50394400289,768.676814127727,2018.38207646915,2461.00724984827,33115.5817435741,426.856318487862,181.122383964719,9262.10182460381,1610.52362291987,1289.62899336333,341.945894088304,37.2746887986243,0,0
"Italy","IT","IT","ITA",9979822.70513051,333808.90428826,224337.136516545,1139378.65827811,397264.518244832,56867.075106232,312068.077355764,270645.570365633,432525.239432513,179037.320781265,113632.13210664,213518.995055723,4494859.65118969,92790.3676795771,60057.7025032122,1377692.14999979,68967.5807410795,134554.530931756,45449.7343852729,32367.3601686124,0,0
"Liechtenstein","LI","LI","LIE",23536.1742762543,58.460332610467,43.0781152969677,5529.12450074254,478.68250174671,357.216163942167,731.762303883311,386.186990143734,666.612913795901,117.820497542513,218.989844037543,453.248684754575,10530.0911688261,144.973845165695,79.5990318701218,2336.11295954074,612.90383891573,385.316341722951,350.490404891615,55.4276550881228,0.0761817368185469,0
"Lithuania","LT","LT","LTU",288532.976677281,13474.8908299442,1813.08496962938,43762.3998823518,17568.8604550473,7024.40252766585,12890.128076838,12464.2331409964,13727.7169163513,2268.7232506893,10351.4705885494,2091.72468847553,76950.3350840569,3734.36110737223,3370.54631309133,59575.8647091245,3755.95998104967,1920.33622332084,1381.20589594388,406.732036782825,0,0
"Luxembourg","LU","LU","LUX",262653.113318395,5269.34657873297,246.079570018772,31584.5893058083,11457.7867993164,8550.35776905151,7974.04574434036,9243.80603341538,3750.92983281976,2820.16187453163,5241.76032138606,10849.0007009624,70761.0446827337,3470.10681051504,1905.28948368043,55917.4069072222,14670.5206251614,9222.96611562834,8389.3694041466,1326.72126611764,1.82349280636629,0
"Latvia","LV","LV","LVA",281618.024493982,30332.8615947312,1758.98428931193,43440.5541714651,16406.3229564671,8403.23021743244,10253.2633921444,11749.8345822138,14785.9780972763,5192.17842895221,4714.48428664544,2793.75575612029,61459.8411097196,2612.21825520055,2206.59003953488,45009.2892403229,10970.8362323313,4685.65791598899,3835.27998162392,1006.86394650005,0,0
"Moldova (the Republic of)","MD","MD","MDA",52910.8408797692,2215.14619032617,641.57773694067,2923.53206091689,1676.93057815921,432.64436531029,2293.79986447272,1910.25585615506,4810.07644361538,358.043994933092,731.524536664839,334.551370195126,22811.9843018816,352.645526170899,303.356481751671,8666.09850556096,645.028963765964,455.173206479205,1162.62236555037,185.848530919094,0,0
"Montenegro","ME","ME","MNE",16021.1545765111,1053.86460696325,16.574342972981,1036.87681099924,324.818916796922,432.631654563273,904.723610832314,498.838071070738,540.976872216618,563.823743631917,107.547541667676,97.0744005009306,8814.26648497395,122.688976063489,14.5352718845546,1259.88773234153,63.9080503189423,71.0262503643468,72.2343659249802,24.8568724234853,0,0
"North Macedonia","MK","MK","MKD",43894.6403340539,2262.60610368246,894.041112783053,2497.58665298815,691.013789721092,281.639461660411,1635.57597867934,710.833510842908,1134.27336314461,504.472836967919,609.390825242366,173.666005934411,27882.4261587819,67.5118361719306,49.8262774303979,3831.59700156193,337.780760560338,86.4219143119868,151.817081237898,92.1596623507827,0,0
"Malta","MT","MT","MLT",44442.6707129967,278.422978133303,0,6968.0747739942,0,1511.77193069441,2536.94280309921,1875.71245587382,1902.21256948189,2102.46590851102,798.201762003656,876.418132499841,14612.0533298687,784.384359013793,239.337158931544,6103.59103143259,828.550700713532,1873.24506248277,786.851752404841,364.434003857619,0,0
"Netherlands (the)","NL","NL","NLD",3528126.20752094,104841.842559098,135363.291168268,335473.908039955,95322.8528269714,28937.8539883391,97210.2732563999,76384.478423716,78641.3899478682,12986.5695931586,58699.1155594284,29852.9999159066,1491374.85446831,20415.1380027531,8916.5196121187,746257.872279505,76118.2134716854,116530.073124001,8824.78126730143,5974.18001614979,0,0
"Norway","NO","NO","NOR",1243771.49271112,34351.1509158374,10127.0141817271,147284.481640118,70703.1902571446,27629.9776784383,41633.1961959277,19503.5656951292,17179.5511471946,5327.29732035943,32630.3872402769,6834.5639470979,625329.155472373,8470.88267606703,2879.62017316726,113438.23545914,25069.725518332,34546.5953186426,13584.8625112483,7248.03936289946,0,0
"Poland","PL","PL","POL",4165845.11032523,190958.442268907,164592.599583879,1247617.74971828,234184.959440311,166436.173952927,93259.0756241245,178506.891039824,599405.449054662,44818.3645918728,51417.0957546792,31854.6781179597,684625.513954712,33828.1812381235,14006.1636730629,126803.012118234,139111.582542616,71485.121628796,86136.8872178904,6797.1688043656,0,0
"Portugal","PT","PT","PRT",1265667.54631811,27862.3517329851,9270.90556886287,158951.102923388,47897.9075131236,19184.1539876382,49433.2305531939,47376.8080778928,54370.0824367641,36894.8954917995,18759.23919171,19465.3876586611,555018.008454509,10166.9717317395,6790.4652964674,138053.897910243,15868.082148742,32282.4590010632,11909.7012052638,6111.89543405968,0,0
"Romania","RO","RO","ROU",2078766.39531463,103899.037234941,100192.87606128,456557.434236082,95068.8518236832,24527.5526570608,76493.1027862652,108296.570710447,89823.4089218849,20298.2949586491,41471.721422075,18966.4468253682,275860.271623281,19992.2439905816,17197.9405641593,491300.024845988,36568.0987495407,25804.7617978219,65911.5975562553,10536.1585492653,0,0
"Sweden","SE","SE","SWE",2314393.54688013,76651.127004103,22384.5135119839,325554.147571707,175495.592251207,68581.6195694955,67832.8570854181,48410.6841604809,31342.7894052828,13223.1260701885,80993.3627222706,16964.3808619158,877528.903845189,21025.9617242187,7147.63571361541,281570.184364093,62226.7016723518,85749.6696211004,33719.6027985714,17990.6869269391,0,0
"Slovenia","SI","SI","SVN",236785.726305075,6030.10671625934,961.135424575385,44974.0219587696,9752.96072655961,3872.5319572825,7217.95863136655,9439.95472424486,11751.0453403366,4098.91091614316,3914.17037043446,2529.25441421919,87481.9023840743,3233.11908405236,369.959693867435,28028.5548148209,6043.95127303482,3875.24403783263,2611.41450147306,599.529335728253,0,0
"Slovakia","SK","SK","SVK",625392.841597348,18112.4556515916,16024.1796511293,169522.075809401,47289.588704026,15906.867200162,13515.4575327492,18772.0301096074,29919.2329624496,3817.19306597647,7275.80874732694,2988.72089981045,182800.457766259,5550.60510563236,2499.96120365758,69492.8731684461,9938.20982642956,6670.11538197073,4349.01084968081,947.997961041351,0,0
"Serbia","RS","RS","SRB",214594.241991634,25578.3414225,4173.35303869846,11658.6482418176,4693.13040773351,1912.79934090703,6191.43064384382,4827.73920607187,19508.5674537849,3426.2077635315,4138.7750211079,1179.48038861768,95947.8990232756,458.51740722612,338.403113210157,26022.9023873299,2294.091930022,586.948220115591,1031.08993043179,625.917051408604,0,0
"Turkey","TR","TR","TUR",3007976.41037817,187089.953217,55959.137609068,156327.033742407,56738.7897276366,23125.2725080996,98715.4205084156,58366.1769171818,273452.40094347,41422.0072678724,50036.7697572769,14259.6271451083,1613374.90227121,5543.36242440533,4091.21021908305,314610.474966662,27735.0059182028,7096.0592928063,12465.6230853185,7567.18285694646,0,0
"United Kingdom","UK","GB","GBR",9467357.25244669,125124.750493363,878069.487210452,531103.325273331,327169.387734014,373269.228860524,405529.059469836,321461.62160897,376260.209759146,138559.232574379,101169.862758329,166030.045611786,3889816.08857157,87434.456239625,52046.8898805177,920879.197568071,373587.299672195,219591.419448795,152630.2183898,27625.4713219814,0,0
