"fid4","adm1_id","adm1_name","CNTR_CODE","NAME_LATN","CNTR_NAME","CNTR_CODE_Eurostat","CNTR_CODE_iso2","CNTR_CODE_iso3"
"AL011",NA,NA,"AL","Dib├â┬½r","Albania","AL","AL","ALB"
"AL012",NA,NA,"AL","Durr├â┬½s","Albania","AL","AL","ALB"
"AL013",NA,NA,"AL","Kuk├â┬½s","Albania","AL","AL","ALB"
"AL014",NA,NA,"AL","Lezh├â┬½","Albania","AL","AL","ALB"
"AL015",NA,NA,"AL","Shkod├â┬½r","Albania","AL","AL","ALB"
"AL021",NA,NA,"AL","Elbasan","Albania","AL","AL","ALB"
"AL022",NA,NA,"AL","Tiran├â┬½","Albania","AL","AL","ALB"
"AL031",NA,NA,"AL","Berat","Albania","AL","AL","ALB"
"AL032",NA,NA,"AL","Fier","Albania","AL","AL","ALB"
"AL033",NA,NA,"AL","Gjirokast├â┬½r","Albania","AL","AL","ALB"
"AL034",NA,NA,"AL","Korc├â┬½","Albania","AL","AL","ALB"
"AL035",NA,NA,"AL","Vlor├â┬½","Albania","AL","AL","ALB"
"68","AND-20200925-1","Andorra la Vella","AND","Andorra la Vella","Andorra","AD","AD","AND"
"69","AND-20200925-2","Canillo","AND","Canillo","Andorra","AD","AD","AND"
"70","AND-20200925-3","Encamp","AND","Encamp","Andorra","AD","AD","AND"
"71","AND-20200925-4","Escaldes-Engordany","AND","Escaldes-Engordany","Andorra","AD","AD","AND"
"72","AND-20200925-5","La Massana","AND","La Massana","Andorra","AD","AD","AND"
"73","AND-20200925-6","Ordino","AND","Ordino","Andorra","AD","AD","AND"
"74","AND-20200925-7","Sant Juli├â┬á de L├â┬▓ria","AND","Sant Juli├â┬á de L├â┬▓ria","Andorra","AD","AD","AND"
"AT111",NA,NA,"AT","Mittelburgenland","Austria","AT","AT","AUT"
"AT112",NA,NA,"AT","Nordburgenland","Austria","AT","AT","AUT"
"AT113",NA,NA,"AT","S├╝dburgenland","Austria","AT","AT","AUT"
"AT121",NA,NA,"AT","Mostviertel-Eisenwurzen","Austria","AT","AT","AUT"
"AT122",NA,NA,"AT","Nieder├Âsterreich-S├╝d","Austria","AT","AT","AUT"
"AT123",NA,NA,"AT","Sankt P├Âlten","Austria","AT","AT","AUT"
"AT124",NA,NA,"AT","Waldviertel","Austria","AT","AT","AUT"
"AT125",NA,NA,"AT","Weinviertel","Austria","AT","AT","AUT"
"AT126",NA,NA,"AT","Wiener Umland/Nordteil","Austria","AT","AT","AUT"
"AT127",NA,NA,"AT","Wiener Umland/S├╝dteil","Austria","AT","AT","AUT"
"AT130",NA,NA,"AT","Wien","Austria","AT","AT","AUT"
"AT211",NA,NA,"AT","Klagenfurt-Villach","Austria","AT","AT","AUT"
"AT212",NA,NA,"AT","Oberk├ñrnten","Austria","AT","AT","AUT"
"AT213",NA,NA,"AT","Unterk├ñrnten","Austria","AT","AT","AUT"
"AT221",NA,NA,"AT","Graz","Austria","AT","AT","AUT"
"AT222",NA,NA,"AT","Liezen","Austria","AT","AT","AUT"
"AT223",NA,NA,"AT","├ûstliche Obersteiermark","Austria","AT","AT","AUT"
"AT224",NA,NA,"AT","Oststeiermark","Austria","AT","AT","AUT"
"AT225",NA,NA,"AT","West- und S├╝dsteiermark","Austria","AT","AT","AUT"
"AT226",NA,NA,"AT","Westliche Obersteiermark","Austria","AT","AT","AUT"
"AT311",NA,NA,"AT","Innviertel","Austria","AT","AT","AUT"
"AT312",NA,NA,"AT","Linz-Wels","Austria","AT","AT","AUT"
"AT313",NA,NA,"AT","M├╝hlviertel","Austria","AT","AT","AUT"
"AT314",NA,NA,"AT","Steyr-Kirchdorf","Austria","AT","AT","AUT"
"AT315",NA,NA,"AT","Traunviertel","Austria","AT","AT","AUT"
"AT321",NA,NA,"AT","Lungau","Austria","AT","AT","AUT"
"AT322",NA,NA,"AT","Pinzgau-Pongau","Austria","AT","AT","AUT"
"AT323",NA,NA,"AT","Salzburg und Umgebung","Austria","AT","AT","AUT"
"AT331",NA,NA,"AT","Au├ƒerfern","Austria","AT","AT","AUT"
"AT332",NA,NA,"AT","Innsbruck","Austria","AT","AT","AUT"
"AT333",NA,NA,"AT","Osttirol","Austria","AT","AT","AUT"
"AT334",NA,NA,"AT","Tiroler Oberland","Austria","AT","AT","AUT"
"AT335",NA,NA,"AT","Tiroler Unterland","Austria","AT","AT","AUT"
"AT341",NA,NA,"AT","Bludenz-Bregenzer Wald","Austria","AT","AT","AUT"
"AT342",NA,NA,"AT","Rheintal-Bodenseegebiet","Austria","AT","AT","AUT"
"BE100",NA,NA,"BE","Arr. de Bruxelles-Capitale / Arr. van Brussel-Hoofdstad","Belgium","BE","BE","BEL"
"BE211",NA,NA,"BE","Arr. Antwerpen","Belgium","BE","BE","BEL"
"BE212",NA,NA,"BE","Arr. Mechelen","Belgium","BE","BE","BEL"
"BE213",NA,NA,"BE","Arr. Turnhout","Belgium","BE","BE","BEL"
"BE221",NA,NA,"BE","Arr. Hasselt","Belgium","BE","BE","BEL"
"BE222",NA,NA,"BE","Arr. Maaseik","Belgium","BE","BE","BEL"
"BE223",NA,NA,"BE","Arr. Tongeren","Belgium","BE","BE","BEL"
"BE231",NA,NA,"BE","Arr. Aalst","Belgium","BE","BE","BEL"
"BE232",NA,NA,"BE","Arr. Dendermonde","Belgium","BE","BE","BEL"
"BE233",NA,NA,"BE","Arr. Eeklo","Belgium","BE","BE","BEL"
"BE234",NA,NA,"BE","Arr. Gent","Belgium","BE","BE","BEL"
"BE235",NA,NA,"BE","Arr. Oudenaarde","Belgium","BE","BE","BEL"
"BE236",NA,NA,"BE","Arr. Sint-Niklaas","Belgium","BE","BE","BEL"
"BE241",NA,NA,"BE","Arr. Halle-Vilvoorde","Belgium","BE","BE","BEL"
"BE242",NA,NA,"BE","Arr. Leuven","Belgium","BE","BE","BEL"
"BE251",NA,NA,"BE","Arr. Brugge","Belgium","BE","BE","BEL"
"BE252",NA,NA,"BE","Arr. Diksmuide","Belgium","BE","BE","BEL"
"BE253",NA,NA,"BE","Arr. Ieper","Belgium","BE","BE","BEL"
"BE254",NA,NA,"BE","Arr. Kortrijk","Belgium","BE","BE","BEL"
"BE255",NA,NA,"BE","Arr. Oostende","Belgium","BE","BE","BEL"
"BE256",NA,NA,"BE","Arr. Roeselare","Belgium","BE","BE","BEL"
"BE257",NA,NA,"BE","Arr. Tielt","Belgium","BE","BE","BEL"
"BE258",NA,NA,"BE","Arr. Veurne","Belgium","BE","BE","BEL"
"BE310",NA,NA,"BE","Arr. Nivelles","Belgium","BE","BE","BEL"
"BE321",NA,NA,"BE","Arr. Ath","Belgium","BE","BE","BEL"
"BE322",NA,NA,"BE","Arr. Charleroi","Belgium","BE","BE","BEL"
"BE323",NA,NA,"BE","Arr. Mons","Belgium","BE","BE","BEL"
"BE324",NA,NA,"BE","Arr. Mouscron","Belgium","BE","BE","BEL"
"BE325",NA,NA,"BE","Arr. Soignies","Belgium","BE","BE","BEL"
"BE326",NA,NA,"BE","Arr. Thuin","Belgium","BE","BE","BEL"
"BE327",NA,NA,"BE","Arr. Tournai","Belgium","BE","BE","BEL"
"BE331",NA,NA,"BE","Arr. Huy","Belgium","BE","BE","BEL"
"BE332",NA,NA,"BE","Arr. Li├¿ge","Belgium","BE","BE","BEL"
"BE334",NA,NA,"BE","Arr. Waremme","Belgium","BE","BE","BEL"
"BE335",NA,NA,"BE","Arr. Verviers - communes francophones","Belgium","BE","BE","BEL"
"BE336",NA,NA,"BE","Bezirk Verviers - Deutschsprachige Gemeinschaft","Belgium","BE","BE","BEL"
"BE341",NA,NA,"BE","Arr. Arlon","Belgium","BE","BE","BEL"
"BE342",NA,NA,"BE","Arr. Bastogne","Belgium","BE","BE","BEL"
"BE343",NA,NA,"BE","Arr. Marche-en-Famenne","Belgium","BE","BE","BEL"
"BE344",NA,NA,"BE","Arr. Neufch├óteau","Belgium","BE","BE","BEL"
"BE345",NA,NA,"BE","Arr. Virton","Belgium","BE","BE","BEL"
"BE351",NA,NA,"BE","Arr. Dinant","Belgium","BE","BE","BEL"
"BE352",NA,NA,"BE","Arr. Namur","Belgium","BE","BE","BEL"
"BE353",NA,NA,"BE","Arr. Philippeville","Belgium","BE","BE","BEL"
"BG311",NA,NA,"BG","Vidin","Bulgaria","BG","BG","BGR"
"BG312",NA,NA,"BG","Montana","Bulgaria","BG","BG","BGR"
"BG313",NA,NA,"BG","Vratsa","Bulgaria","BG","BG","BGR"
"BG314",NA,NA,"BG","Pleven","Bulgaria","BG","BG","BGR"
"BG315",NA,NA,"BG","Lovech","Bulgaria","BG","BG","BGR"
"BG321",NA,NA,"BG","Veliko Tarnovo","Bulgaria","BG","BG","BGR"
"BG322",NA,NA,"BG","Gabrovo","Bulgaria","BG","BG","BGR"
"BG323",NA,NA,"BG","Ruse","Bulgaria","BG","BG","BGR"
"BG324",NA,NA,"BG","Razgrad","Bulgaria","BG","BG","BGR"
"BG325",NA,NA,"BG","Silistra","Bulgaria","BG","BG","BGR"
"BG331",NA,NA,"BG","Varna","Bulgaria","BG","BG","BGR"
"BG332",NA,NA,"BG","Dobrich","Bulgaria","BG","BG","BGR"
"BG333",NA,NA,"BG","Shumen","Bulgaria","BG","BG","BGR"
"BG334",NA,NA,"BG","Targovishte","Bulgaria","BG","BG","BGR"
"BG341",NA,NA,"BG","Burgas","Bulgaria","BG","BG","BGR"
"BG342",NA,NA,"BG","Sliven","Bulgaria","BG","BG","BGR"
"BG343",NA,NA,"BG","Yambol","Bulgaria","BG","BG","BGR"
"BG344",NA,NA,"BG","Stara Zagora","Bulgaria","BG","BG","BGR"
"BG411",NA,NA,"BG","Sofia (stolitsa)","Bulgaria","BG","BG","BGR"
"BG412",NA,NA,"BG","Sofia","Bulgaria","BG","BG","BGR"
"BG413",NA,NA,"BG","Blagoevgrad","Bulgaria","BG","BG","BGR"
"BG414",NA,NA,"BG","Pernik","Bulgaria","BG","BG","BGR"
"BG415",NA,NA,"BG","Kyustendil","Bulgaria","BG","BG","BGR"
"BG421",NA,NA,"BG","Plovdiv","Bulgaria","BG","BG","BGR"
"BG422",NA,NA,"BG","Haskovo","Bulgaria","BG","BG","BGR"
"BG423",NA,NA,"BG","Pazardzhik","Bulgaria","BG","BG","BGR"
"BG424",NA,NA,"BG","Smolyan","Bulgaria","BG","BG","BGR"
"BG425",NA,NA,"BG","Kardzhali","Bulgaria","BG","BG","BGR"
"263","BIH-20201109-1","Brcko district of Bosnia and Herzegowina","BIH","Brcko district of Bosnia and Herzegowina","Bosnia and Herzegovina","BA","BA","BIH"
"264","BIH-20201109-2","Entity Federation of Bosnia and Herzegovina","BIH","Entity Federation of Bosnia and Herzegovina","Bosnia and Herzegovina","BA","BA","BIH"
"265","BIH-20201109-3","Republika Srpska","BIH","Republika Srpska","Bosnia and Herzegovina","BA","BA","BIH"
"CH011",NA,NA,"CH","Vaud","Switzerland","CH","CH","CHE"
"CH012",NA,NA,"CH","Valais","Switzerland","CH","CH","CHE"
"CH013",NA,NA,"CH","Gen├¿ve","Switzerland","CH","CH","CHE"
"CH021",NA,NA,"CH","Bern","Switzerland","CH","CH","CHE"
"CH022",NA,NA,"CH","Freiburg","Switzerland","CH","CH","CHE"
"CH023",NA,NA,"CH","Solothurn","Switzerland","CH","CH","CHE"
"CH024",NA,NA,"CH","Neuch├ótel","Switzerland","CH","CH","CHE"
"CH025",NA,NA,"CH","Jura","Switzerland","CH","CH","CHE"
"CH031",NA,NA,"CH","Basel-Stadt","Switzerland","CH","CH","CHE"
"CH032",NA,NA,"CH","Basel-Landschaft","Switzerland","CH","CH","CHE"
"CH033",NA,NA,"CH","Aargau","Switzerland","CH","CH","CHE"
"CH040",NA,NA,"CH","Z├╝rich","Switzerland","CH","CH","CHE"
"CH051",NA,NA,"CH","Glarus","Switzerland","CH","CH","CHE"
"CH052",NA,NA,"CH","Schaffhausen","Switzerland","CH","CH","CHE"
"CH053",NA,NA,"CH","Appenzell Ausserrhoden","Switzerland","CH","CH","CHE"
"CH054",NA,NA,"CH","Appenzell Innerrhoden","Switzerland","CH","CH","CHE"
"CH055",NA,NA,"CH","St. Gallen","Switzerland","CH","CH","CHE"
"CH056",NA,NA,"CH","Graub├╝nden","Switzerland","CH","CH","CHE"
"CH057",NA,NA,"CH","Thurgau","Switzerland","CH","CH","CHE"
"CH061",NA,NA,"CH","Luzern","Switzerland","CH","CH","CHE"
"CH062",NA,NA,"CH","Uri","Switzerland","CH","CH","CHE"
"CH063",NA,NA,"CH","Schwyz","Switzerland","CH","CH","CHE"
"CH064",NA,NA,"CH","Obwalden","Switzerland","CH","CH","CHE"
"CH065",NA,NA,"CH","Nidwalden","Switzerland","CH","CH","CHE"
"CH066",NA,NA,"CH","Zug","Switzerland","CH","CH","CHE"
"CH070",NA,NA,"CH","Ticino","Switzerland","CH","CH","CHE"
"CY000",NA,NA,"CY","K├¢pros","Cyprus","CY","CY","CYP"
"CZ010",NA,NA,"CZ","Hlavn├¡ m─østo Praha","Czechia","CZ","CZ","CZE"
"CZ020",NA,NA,"CZ","St┼Öedo─ìesk├¢ kraj","Czechia","CZ","CZ","CZE"
"CZ031",NA,NA,"CZ","Jiho─ìesk├¢ kraj","Czechia","CZ","CZ","CZE"
"CZ032",NA,NA,"CZ","Plze┼êsk├¢ kraj","Czechia","CZ","CZ","CZE"
"CZ041",NA,NA,"CZ","Karlovarsk├¢ kraj","Czechia","CZ","CZ","CZE"
"CZ042",NA,NA,"CZ","├Üsteck├¢ kraj","Czechia","CZ","CZ","CZE"
"CZ051",NA,NA,"CZ","Libereck├¢ kraj","Czechia","CZ","CZ","CZE"
"CZ052",NA,NA,"CZ","Kr├ílov├®hradeck├¢ kraj","Czechia","CZ","CZ","CZE"
"CZ053",NA,NA,"CZ","Pardubick├¢ kraj","Czechia","CZ","CZ","CZE"
"CZ063",NA,NA,"CZ","Vyso─ìina","Czechia","CZ","CZ","CZE"
"CZ064",NA,NA,"CZ","Jihomoravsk├¢ kraj","Czechia","CZ","CZ","CZE"
"CZ071",NA,NA,"CZ","Olomouck├¢ kraj","Czechia","CZ","CZ","CZE"
"CZ072",NA,NA,"CZ","Zl├¡nsk├¢ kraj","Czechia","CZ","CZ","CZE"
"CZ080",NA,NA,"CZ","Moravskoslezsk├¢ kraj","Czechia","CZ","CZ","CZE"
"DE111",NA,NA,"DE","Stuttgart, Stadtkreis","Germany","DE","DE","DEU"
"DE112",NA,NA,"DE","B├Âblingen","Germany","DE","DE","DEU"
"DE113",NA,NA,"DE","Esslingen","Germany","DE","DE","DEU"
"DE114",NA,NA,"DE","G├Âppingen","Germany","DE","DE","DEU"
"DE115",NA,NA,"DE","Ludwigsburg","Germany","DE","DE","DEU"
"DE116",NA,NA,"DE","Rems-Murr-Kreis","Germany","DE","DE","DEU"
"DE117",NA,NA,"DE","Heilbronn, Stadtkreis","Germany","DE","DE","DEU"
"DE118",NA,NA,"DE","Heilbronn, Landkreis","Germany","DE","DE","DEU"
"DE119",NA,NA,"DE","Hohenlohekreis","Germany","DE","DE","DEU"
"DE11A",NA,NA,"DE","Schw├ñbisch Hall","Germany","DE","DE","DEU"
"DE11B",NA,NA,"DE","Main-Tauber-Kreis","Germany","DE","DE","DEU"
"DE11C",NA,NA,"DE","Heidenheim","Germany","DE","DE","DEU"
"DE11D",NA,NA,"DE","Ostalbkreis","Germany","DE","DE","DEU"
"DE121",NA,NA,"DE","Baden-Baden, Stadtkreis","Germany","DE","DE","DEU"
"DE122",NA,NA,"DE","Karlsruhe, Stadtkreis","Germany","DE","DE","DEU"
"DE123",NA,NA,"DE","Karlsruhe, Landkreis","Germany","DE","DE","DEU"
"DE124",NA,NA,"DE","Rastatt","Germany","DE","DE","DEU"
"DE125",NA,NA,"DE","Heidelberg, Stadtkreis","Germany","DE","DE","DEU"
"DE126",NA,NA,"DE","Mannheim, Stadtkreis","Germany","DE","DE","DEU"
"DE127",NA,NA,"DE","Neckar-Odenwald-Kreis","Germany","DE","DE","DEU"
"DE128",NA,NA,"DE","Rhein-Neckar-Kreis","Germany","DE","DE","DEU"
"DE129",NA,NA,"DE","Pforzheim, Stadtkreis","Germany","DE","DE","DEU"
"DE12A",NA,NA,"DE","Calw","Germany","DE","DE","DEU"
"DE12B",NA,NA,"DE","Enzkreis","Germany","DE","DE","DEU"
"DE12C",NA,NA,"DE","Freudenstadt","Germany","DE","DE","DEU"
"DE131",NA,NA,"DE","Freiburg im Breisgau, Stadtkreis","Germany","DE","DE","DEU"
"DE132",NA,NA,"DE","Breisgau-Hochschwarzwald","Germany","DE","DE","DEU"
"DE133",NA,NA,"DE","Emmendingen","Germany","DE","DE","DEU"
"DE134",NA,NA,"DE","Ortenaukreis","Germany","DE","DE","DEU"
"DE135",NA,NA,"DE","Rottweil","Germany","DE","DE","DEU"
"DE136",NA,NA,"DE","Schwarzwald-Baar-Kreis","Germany","DE","DE","DEU"
"DE137",NA,NA,"DE","Tuttlingen","Germany","DE","DE","DEU"
"DE138",NA,NA,"DE","Konstanz","Germany","DE","DE","DEU"
"DE139",NA,NA,"DE","L├Ârrach","Germany","DE","DE","DEU"
"DE13A",NA,NA,"DE","Waldshut","Germany","DE","DE","DEU"
"DE141",NA,NA,"DE","Reutlingen","Germany","DE","DE","DEU"
"DE142",NA,NA,"DE","T├╝bingen, Landkreis","Germany","DE","DE","DEU"
"DE143",NA,NA,"DE","Zollernalbkreis","Germany","DE","DE","DEU"
"DE144",NA,NA,"DE","Ulm, Stadtkreis","Germany","DE","DE","DEU"
"DE145",NA,NA,"DE","Alb-Donau-Kreis","Germany","DE","DE","DEU"
"DE146",NA,NA,"DE","Biberach","Germany","DE","DE","DEU"
"DE147",NA,NA,"DE","Bodenseekreis","Germany","DE","DE","DEU"
"DE148",NA,NA,"DE","Ravensburg","Germany","DE","DE","DEU"
"DE149",NA,NA,"DE","Sigmaringen","Germany","DE","DE","DEU"
"DE211",NA,NA,"DE","Ingolstadt, Kreisfreie Stadt","Germany","DE","DE","DEU"
"DE212",NA,NA,"DE","M├╝nchen, Kreisfreie Stadt","Germany","DE","DE","DEU"
"DE213",NA,NA,"DE","Rosenheim, Kreisfreie Stadt","Germany","DE","DE","DEU"
"DE214",NA,NA,"DE","Alt├Âtting","Germany","DE","DE","DEU"
"DE215",NA,NA,"DE","Berchtesgadener Land","Germany","DE","DE","DEU"
"DE216",NA,NA,"DE","Bad T├Âlz-Wolfratshausen","Germany","DE","DE","DEU"
"DE217",NA,NA,"DE","Dachau","Germany","DE","DE","DEU"
"DE218",NA,NA,"DE","Ebersberg","Germany","DE","DE","DEU"
"DE219",NA,NA,"DE","Eichst├ñtt","Germany","DE","DE","DEU"
"DE21A",NA,NA,"DE","Erding","Germany","DE","DE","DEU"
"DE21B",NA,NA,"DE","Freising","Germany","DE","DE","DEU"
"DE21C",NA,NA,"DE","F├╝rstenfeldbruck","Germany","DE","DE","DEU"
"DE21D",NA,NA,"DE","Garmisch-Partenkirchen","Germany","DE","DE","DEU"
"DE21E",NA,NA,"DE","Landsberg a. Lech","Germany","DE","DE","DEU"
"DE21F",NA,NA,"DE","Miesbach","Germany","DE","DE","DEU"
"DE21G",NA,NA,"DE","M├╝hldorf a. Inn","Germany","DE","DE","DEU"
"DE21H",NA,NA,"DE","M├╝nchen, Landkreis","Germany","DE","DE","DEU"
"DE21I",NA,NA,"DE","Neuburg-Schrobenhausen","Germany","DE","DE","DEU"
"DE21J",NA,NA,"DE","Pfaffenhofen a. d. Ilm","Germany","DE","DE","DEU"
"DE21K",NA,NA,"DE","Rosenheim, Landkreis","Germany","DE","DE","DEU"
"DE21L",NA,NA,"DE","Starnberg","Germany","DE","DE","DEU"
"DE21M",NA,NA,"DE","Traunstein","Germany","DE","DE","DEU"
"DE21N",NA,NA,"DE","Weilheim-Schongau","Germany","DE","DE","DEU"
"DE221",NA,NA,"DE","Landshut, Kreisfreie Stadt","Germany","DE","DE","DEU"
"DE222",NA,NA,"DE","Passau, Kreisfreie Stadt","Germany","DE","DE","DEU"
"DE223",NA,NA,"DE","Straubing, Kreisfreie Stadt","Germany","DE","DE","DEU"
"DE224",NA,NA,"DE","Deggendorf","Germany","DE","DE","DEU"
"DE225",NA,NA,"DE","Freyung-Grafenau","Germany","DE","DE","DEU"
"DE226",NA,NA,"DE","Kelheim","Germany","DE","DE","DEU"
"DE227",NA,NA,"DE","Landshut, Landkreis","Germany","DE","DE","DEU"
"DE228",NA,NA,"DE","Passau, Landkreis","Germany","DE","DE","DEU"
"DE229",NA,NA,"DE","Regen","Germany","DE","DE","DEU"
"DE22A",NA,NA,"DE","Rottal-Inn","Germany","DE","DE","DEU"
"DE22B",NA,NA,"DE","Straubing-Bogen","Germany","DE","DE","DEU"
"DE22C",NA,NA,"DE","Dingolfing-Landau","Germany","DE","DE","DEU"
"DE231",NA,NA,"DE","Amberg, Kreisfreie Stadt","Germany","DE","DE","DEU"
"DE232",NA,NA,"DE","Regensburg, Kreisfreie Stadt","Germany","DE","DE","DEU"
"DE233",NA,NA,"DE","Weiden i. d. Opf, Kreisfreie Stadt","Germany","DE","DE","DEU"
"DE234",NA,NA,"DE","Amberg-Sulzbach","Germany","DE","DE","DEU"
"DE235",NA,NA,"DE","Cham","Germany","DE","DE","DEU"
"DE236",NA,NA,"DE","Neumarkt i. d. OPf.","Germany","DE","DE","DEU"
"DE237",NA,NA,"DE","Neustadt a. d. Waldnaab","Germany","DE","DE","DEU"
"DE238",NA,NA,"DE","Regensburg, Landkreis","Germany","DE","DE","DEU"
"DE239",NA,NA,"DE","Schwandorf","Germany","DE","DE","DEU"
"DE23A",NA,NA,"DE","Tirschenreuth","Germany","DE","DE","DEU"
"DE241",NA,NA,"DE","Bamberg, Kreisfreie Stadt","Germany","DE","DE","DEU"
"DE242",NA,NA,"DE","Bayreuth, Kreisfreie Stadt","Germany","DE","DE","DEU"
"DE243",NA,NA,"DE","Coburg, Kreisfreie Stadt","Germany","DE","DE","DEU"
"DE244",NA,NA,"DE","Hof, Kreisfreie Stadt","Germany","DE","DE","DEU"
"DE245",NA,NA,"DE","Bamberg, Landkreis","Germany","DE","DE","DEU"
"DE246",NA,NA,"DE","Bayreuth, Landkreis","Germany","DE","DE","DEU"
"DE247",NA,NA,"DE","Coburg, Landkreis","Germany","DE","DE","DEU"
"DE248",NA,NA,"DE","Forchheim","Germany","DE","DE","DEU"
"DE249",NA,NA,"DE","Hof, Landkreis","Germany","DE","DE","DEU"
"DE24A",NA,NA,"DE","Kronach","Germany","DE","DE","DEU"
"DE24B",NA,NA,"DE","Kulmbach","Germany","DE","DE","DEU"
"DE24C",NA,NA,"DE","Lichtenfels","Germany","DE","DE","DEU"
"DE24D",NA,NA,"DE","Wunsiedel i. Fichtelgebirge","Germany","DE","DE","DEU"
"DE251",NA,NA,"DE","Ansbach, Kreisfreie Stadt","Germany","DE","DE","DEU"
"DE252",NA,NA,"DE","Erlangen, Kreisfreie Stadt","Germany","DE","DE","DEU"
"DE253",NA,NA,"DE","F├╝rth, Kreisfreie Stadt","Germany","DE","DE","DEU"
"DE254",NA,NA,"DE","N├╝rnberg, Kreisfreie Stadt","Germany","DE","DE","DEU"
"DE255",NA,NA,"DE","Schwabach, Kreisfreie Stadt","Germany","DE","DE","DEU"
"DE256",NA,NA,"DE","Ansbach, Landkreis","Germany","DE","DE","DEU"
"DE257",NA,NA,"DE","Erlangen-H├Âchstadt","Germany","DE","DE","DEU"
"DE258",NA,NA,"DE","F├╝rth, Landkreis","Germany","DE","DE","DEU"
"DE259",NA,NA,"DE","N├╝rnberger Land","Germany","DE","DE","DEU"
"DE25A",NA,NA,"DE","Neustadt a. d. Aisch-Bad Windsheim","Germany","DE","DE","DEU"
"DE25B",NA,NA,"DE","Roth","Germany","DE","DE","DEU"
"DE25C",NA,NA,"DE","Wei├ƒenburg-Gunzenhausen","Germany","DE","DE","DEU"
"DE261",NA,NA,"DE","Aschaffenburg, Kreisfreie Stadt","Germany","DE","DE","DEU"
"DE262",NA,NA,"DE","Schweinfurt, Kreisfreie Stadt","Germany","DE","DE","DEU"
"DE263",NA,NA,"DE","W├╝rzburg, Kreisfreie Stadt","Germany","DE","DE","DEU"
"DE264",NA,NA,"DE","Aschaffenburg, Landkreis","Germany","DE","DE","DEU"
"DE265",NA,NA,"DE","Bad Kissingen","Germany","DE","DE","DEU"
"DE266",NA,NA,"DE","Rh├Ân-Grabfeld","Germany","DE","DE","DEU"
"DE267",NA,NA,"DE","Ha├ƒberge","Germany","DE","DE","DEU"
"DE268",NA,NA,"DE","Kitzingen","Germany","DE","DE","DEU"
"DE269",NA,NA,"DE","Miltenberg","Germany","DE","DE","DEU"
"DE26A",NA,NA,"DE","Main-Spessart","Germany","DE","DE","DEU"
"DE26B",NA,NA,"DE","Schweinfurt, Landkreis","Germany","DE","DE","DEU"
"DE26C",NA,NA,"DE","W├╝rzburg, Landkreis","Germany","DE","DE","DEU"
"DE271",NA,NA,"DE","Augsburg, Kreisfreie Stadt","Germany","DE","DE","DEU"
"DE272",NA,NA,"DE","Kaufbeuren, Kreisfreie Stadt","Germany","DE","DE","DEU"
"DE273",NA,NA,"DE","Kempten (Allg├ñu), Kreisfreie Stadt","Germany","DE","DE","DEU"
"DE274",NA,NA,"DE","Memmingen, Kreisfreie Stadt","Germany","DE","DE","DEU"
"DE275",NA,NA,"DE","Aichach-Friedberg","Germany","DE","DE","DEU"
"DE276",NA,NA,"DE","Augsburg, Landkreis","Germany","DE","DE","DEU"
"DE277",NA,NA,"DE","Dillingen a.d. Donau","Germany","DE","DE","DEU"
"DE278",NA,NA,"DE","G├╝nzburg","Germany","DE","DE","DEU"
"DE279",NA,NA,"DE","Neu-Ulm","Germany","DE","DE","DEU"
"DE27A",NA,NA,"DE","Lindau (Bodensee)","Germany","DE","DE","DEU"
"DE27B",NA,NA,"DE","Ostallg├ñu","Germany","DE","DE","DEU"
"DE27C",NA,NA,"DE","Unterallg├ñu","Germany","DE","DE","DEU"
"DE27D",NA,NA,"DE","Donau-Ries","Germany","DE","DE","DEU"
"DE27E",NA,NA,"DE","Oberallg├ñu","Germany","DE","DE","DEU"
"DE300",NA,NA,"DE","Berlin","Germany","DE","DE","DEU"
"DE401",NA,NA,"DE","Brandenburg an der Havel, Kreisfreie Stadt","Germany","DE","DE","DEU"
"DE402",NA,NA,"DE","Cottbus, Kreisfreie Stadt","Germany","DE","DE","DEU"
"DE403",NA,NA,"DE","Frankfurt (Oder), Kreisfreie Stadt","Germany","DE","DE","DEU"
"DE404",NA,NA,"DE","Potsdam, Kreisfreie Stadt","Germany","DE","DE","DEU"
"DE405",NA,NA,"DE","Barnim","Germany","DE","DE","DEU"
"DE406",NA,NA,"DE","Dahme-Spreewald","Germany","DE","DE","DEU"
"DE407",NA,NA,"DE","Elbe-Elster","Germany","DE","DE","DEU"
"DE408",NA,NA,"DE","Havelland","Germany","DE","DE","DEU"
"DE409",NA,NA,"DE","M├ñrkisch-Oderland","Germany","DE","DE","DEU"
"DE40A",NA,NA,"DE","Oberhavel","Germany","DE","DE","DEU"
"DE40B",NA,NA,"DE","Oberspreewald-Lausitz","Germany","DE","DE","DEU"
"DE40C",NA,NA,"DE","Oder-Spree","Germany","DE","DE","DEU"
"DE40D",NA,NA,"DE","Ostprignitz-Ruppin","Germany","DE","DE","DEU"
"DE40E",NA,NA,"DE","Potsdam-Mittelmark","Germany","DE","DE","DEU"
"DE40F",NA,NA,"DE","Prignitz","Germany","DE","DE","DEU"
"DE40G",NA,NA,"DE","Spree-Nei├ƒe","Germany","DE","DE","DEU"
"DE40H",NA,NA,"DE","Teltow-Fl├ñming","Germany","DE","DE","DEU"
"DE40I",NA,NA,"DE","Uckermark","Germany","DE","DE","DEU"
"DE501",NA,NA,"DE","Bremen, Kreisfreie Stadt","Germany","DE","DE","DEU"
"DE502",NA,NA,"DE","Bremerhaven, Kreisfreie Stadt","Germany","DE","DE","DEU"
"DE600",NA,NA,"DE","Hamburg","Germany","DE","DE","DEU"
"DE711",NA,NA,"DE","Darmstadt, Kreisfreie Stadt","Germany","DE","DE","DEU"
"DE712",NA,NA,"DE","Frankfurt am Main, Kreisfreie Stadt","Germany","DE","DE","DEU"
"DE713",NA,NA,"DE","Offenbach am Main, Kreisfreie Stadt","Germany","DE","DE","DEU"
"DE714",NA,NA,"DE","Wiesbaden, Kreisfreie Stadt","Germany","DE","DE","DEU"
"DE715",NA,NA,"DE","Bergstra├ƒe","Germany","DE","DE","DEU"
"DE716",NA,NA,"DE","Darmstadt-Dieburg","Germany","DE","DE","DEU"
"DE717",NA,NA,"DE","Gro├ƒ-Gerau","Germany","DE","DE","DEU"
"DE718",NA,NA,"DE","Hochtaunuskreis","Germany","DE","DE","DEU"
"DE719",NA,NA,"DE","Main-Kinzig-Kreis","Germany","DE","DE","DEU"
"DE71A",NA,NA,"DE","Main-Taunus-Kreis","Germany","DE","DE","DEU"
"DE71B",NA,NA,"DE","Odenwaldkreis","Germany","DE","DE","DEU"
"DE71C",NA,NA,"DE","Offenbach, Landkreis","Germany","DE","DE","DEU"
"DE71D",NA,NA,"DE","Rheingau-Taunus-Kreis","Germany","DE","DE","DEU"
"DE71E",NA,NA,"DE","Wetteraukreis","Germany","DE","DE","DEU"
"DE721",NA,NA,"DE","Gie├ƒen, Landkreis","Germany","DE","DE","DEU"
"DE722",NA,NA,"DE","Lahn-Dill-Kreis","Germany","DE","DE","DEU"
"DE723",NA,NA,"DE","Limburg-Weilburg","Germany","DE","DE","DEU"
"DE724",NA,NA,"DE","Marburg-Biedenkopf","Germany","DE","DE","DEU"
"DE725",NA,NA,"DE","Vogelsbergkreis","Germany","DE","DE","DEU"
"DE731",NA,NA,"DE","Kassel, Kreisfreie Stadt","Germany","DE","DE","DEU"
"DE732",NA,NA,"DE","Fulda","Germany","DE","DE","DEU"
"DE733",NA,NA,"DE","Hersfeld-Rotenburg","Germany","DE","DE","DEU"
"DE734",NA,NA,"DE","Kassel, Landkreis","Germany","DE","DE","DEU"
"DE735",NA,NA,"DE","Schwalm-Eder-Kreis","Germany","DE","DE","DEU"
"DE736",NA,NA,"DE","Waldeck-Frankenberg","Germany","DE","DE","DEU"
"DE737",NA,NA,"DE","Werra-Mei├ƒner-Kreis","Germany","DE","DE","DEU"
"DE801",NA,NA,"DE","Greifswald, Kreisfreie Stadt","Germany","DE","DE","DEU"
"DE802",NA,NA,"DE","Neubrandenburg, Kreisfreie Stadt","Germany","DE","DE","DEU"
"DE803",NA,NA,"DE","Rostock, Kreisfreie Stadt","Germany","DE","DE","DEU"
"DE804",NA,NA,"DE","Schwerin, Kreisfreie Stadt","Germany","DE","DE","DEU"
"DE805",NA,NA,"DE","Stralsund, Kreisfreie Stadt","Germany","DE","DE","DEU"
"DE806",NA,NA,"DE","Wismar, Kreisfreie Stadt","Germany","DE","DE","DEU"
"DE807",NA,NA,"DE","Bad Doberan","Germany","DE","DE","DEU"
"DE808",NA,NA,"DE","Demmin","Germany","DE","DE","DEU"
"DE809",NA,NA,"DE","G├╝strow","Germany","DE","DE","DEU"
"DE80A",NA,NA,"DE","Ludwigslust","Germany","DE","DE","DEU"
"DE80B",NA,NA,"DE","Mecklenburg-Strelitz","Germany","DE","DE","DEU"
"DE80C",NA,NA,"DE","M├╝ritz","Germany","DE","DE","DEU"
"DE80D",NA,NA,"DE","Nordvorpommern","Germany","DE","DE","DEU"
"DE80E",NA,NA,"DE","Nordwestmecklenburg","Germany","DE","DE","DEU"
"DE80F",NA,NA,"DE","Ostvorpommern","Germany","DE","DE","DEU"
"DE80G",NA,NA,"DE","Parchim","Germany","DE","DE","DEU"
"DE80H",NA,NA,"DE","R├╝gen","Germany","DE","DE","DEU"
"DE80I",NA,NA,"DE","Uecker-Randow","Germany","DE","DE","DEU"
"DE911",NA,NA,"DE","Braunschweig, Kreisfreie Stadt","Germany","DE","DE","DEU"
"DE912",NA,NA,"DE","Salzgitter, Kreisfreie Stadt","Germany","DE","DE","DEU"
"DE913",NA,NA,"DE","Wolfsburg, Kreisfreie Stadt","Germany","DE","DE","DEU"
"DE914",NA,NA,"DE","Gifhorn","Germany","DE","DE","DEU"
"DE915",NA,NA,"DE","G├Âttingen","Germany","DE","DE","DEU"
"DE916",NA,NA,"DE","Goslar","Germany","DE","DE","DEU"
"DE917",NA,NA,"DE","Helmstedt","Germany","DE","DE","DEU"
"DE918",NA,NA,"DE","Northeim","Germany","DE","DE","DEU"
"DE919",NA,NA,"DE","Osterode am Harz","Germany","DE","DE","DEU"
"DE91A",NA,NA,"DE","Peine","Germany","DE","DE","DEU"
"DE91B",NA,NA,"DE","Wolfenb├╝ttel","Germany","DE","DE","DEU"
"DE922",NA,NA,"DE","Diepholz","Germany","DE","DE","DEU"
"DE923",NA,NA,"DE","Hameln-Pyrmont","Germany","DE","DE","DEU"
"DE925",NA,NA,"DE","Hildesheim","Germany","DE","DE","DEU"
"DE926",NA,NA,"DE","Holzminden","Germany","DE","DE","DEU"
"DE927",NA,NA,"DE","Nienburg (Weser)","Germany","DE","DE","DEU"
"DE928",NA,NA,"DE","Schaumburg","Germany","DE","DE","DEU"
"DE929",NA,NA,"DE","Region Hannover","Germany","DE","DE","DEU"
"DE931",NA,NA,"DE","Celle","Germany","DE","DE","DEU"
"DE932",NA,NA,"DE","Cuxhaven","Germany","DE","DE","DEU"
"DE933",NA,NA,"DE","Harburg","Germany","DE","DE","DEU"
"DE934",NA,NA,"DE","L├╝chow-Dannenberg","Germany","DE","DE","DEU"
"DE935",NA,NA,"DE","L├╝neburg, Landkreis","Germany","DE","DE","DEU"
"DE936",NA,NA,"DE","Osterholz","Germany","DE","DE","DEU"
"DE937",NA,NA,"DE","Rotenburg (W├╝mme)","Germany","DE","DE","DEU"
"DE938",NA,NA,"DE","Soltau-Fallingbostel","Germany","DE","DE","DEU"
"DE939",NA,NA,"DE","Stade","Germany","DE","DE","DEU"
"DE93A",NA,NA,"DE","Uelzen","Germany","DE","DE","DEU"
"DE93B",NA,NA,"DE","Verden","Germany","DE","DE","DEU"
"DE941",NA,NA,"DE","Delmenhorst, Kreisfreie Stadt","Germany","DE","DE","DEU"
"DE942",NA,NA,"DE","Emden, Kreisfreie Stadt","Germany","DE","DE","DEU"
"DE943",NA,NA,"DE","Oldenburg (Oldenburg), Kreisfreie Stadt","Germany","DE","DE","DEU"
"DE944",NA,NA,"DE","Osnabr├╝ck, Kreisfreie Stadt","Germany","DE","DE","DEU"
"DE945",NA,NA,"DE","Wilhelmshaven, Kreisfreie Stadt","Germany","DE","DE","DEU"
"DE946",NA,NA,"DE","Ammerland","Germany","DE","DE","DEU"
"DE947",NA,NA,"DE","Aurich","Germany","DE","DE","DEU"
"DE948",NA,NA,"DE","Cloppenburg","Germany","DE","DE","DEU"
"DE949",NA,NA,"DE","Emsland","Germany","DE","DE","DEU"
"DE94A",NA,NA,"DE","Friesland (D)","Germany","DE","DE","DEU"
"DE94B",NA,NA,"DE","Grafschaft Bentheim","Germany","DE","DE","DEU"
"DE94C",NA,NA,"DE","Leer","Germany","DE","DE","DEU"
"DE94D",NA,NA,"DE","Oldenburg, Landkreis","Germany","DE","DE","DEU"
"DE94E",NA,NA,"DE","Osnabr├╝ck, Landkreis","Germany","DE","DE","DEU"
"DE94F",NA,NA,"DE","Vechta","Germany","DE","DE","DEU"
"DE94G",NA,NA,"DE","Wesermarsch","Germany","DE","DE","DEU"
"DE94H",NA,NA,"DE","Wittmund","Germany","DE","DE","DEU"
"DEA11",NA,NA,"DE","D├╝sseldorf, Kreisfreie Stadt","Germany","DE","DE","DEU"
"DEA12",NA,NA,"DE","Duisburg, Kreisfreie Stadt","Germany","DE","DE","DEU"
"DEA13",NA,NA,"DE","Essen, Kreisfreie Stadt","Germany","DE","DE","DEU"
"DEA14",NA,NA,"DE","Krefeld, Kreisfreie Stadt","Germany","DE","DE","DEU"
"DEA15",NA,NA,"DE","M├Ânchengladbach, Kreisfreie Stadt","Germany","DE","DE","DEU"
"DEA16",NA,NA,"DE","M├╝lheim an der Ruhr,Kreisfreie Stadt","Germany","DE","DE","DEU"
"DEA17",NA,NA,"DE","Oberhausen, Kreisfreie Stadt","Germany","DE","DE","DEU"
"DEA18",NA,NA,"DE","Remscheid, Kreisfreie Stadt","Germany","DE","DE","DEU"
"DEA19",NA,NA,"DE","Solingen, Kreisfreie Stadt","Germany","DE","DE","DEU"
"DEA1A",NA,NA,"DE","Wuppertal, Kreisfreie Stadt","Germany","DE","DE","DEU"
"DEA1B",NA,NA,"DE","Kleve","Germany","DE","DE","DEU"
"DEA1C",NA,NA,"DE","Mettmann","Germany","DE","DE","DEU"
"DEA1D",NA,NA,"DE","Rhein-Kreis Neuss","Germany","DE","DE","DEU"
"DEA1E",NA,NA,"DE","Viersen","Germany","DE","DE","DEU"
"DEA1F",NA,NA,"DE","Wesel","Germany","DE","DE","DEU"
"DEA22",NA,NA,"DE","Bonn, Kreisfreie Stadt","Germany","DE","DE","DEU"
"DEA23",NA,NA,"DE","K├Âln, Kreisfreie Stadt","Germany","DE","DE","DEU"
"DEA24",NA,NA,"DE","Leverkusen, Kreisfreie Stadt","Germany","DE","DE","DEU"
"DEA26",NA,NA,"DE","D├╝ren","Germany","DE","DE","DEU"
"DEA27",NA,NA,"DE","Rhein-Erft-Kreis","Germany","DE","DE","DEU"
"DEA28",NA,NA,"DE","Euskirchen","Germany","DE","DE","DEU"
"DEA29",NA,NA,"DE","Heinsberg","Germany","DE","DE","DEU"
"DEA2A",NA,NA,"DE","Oberbergischer Kreis","Germany","DE","DE","DEU"
"DEA2B",NA,NA,"DE","Rheinisch-Bergischer Kreis","Germany","DE","DE","DEU"
"DEA2C",NA,NA,"DE","Rhein-Sieg-Kreis","Germany","DE","DE","DEU"
"DEA2D",NA,NA,"DE","St├ñdteregion Aachen","Germany","DE","DE","DEU"
"DEA31",NA,NA,"DE","Bottrop, Kreisfreie Stadt","Germany","DE","DE","DEU"
"DEA32",NA,NA,"DE","Gelsenkirchen, Kreisfreie Stadt","Germany","DE","DE","DEU"
"DEA33",NA,NA,"DE","M├╝nster, Kreisfreie Stadt","Germany","DE","DE","DEU"
"DEA34",NA,NA,"DE","Borken","Germany","DE","DE","DEU"
"DEA35",NA,NA,"DE","Coesfeld","Germany","DE","DE","DEU"
"DEA36",NA,NA,"DE","Recklinghausen","Germany","DE","DE","DEU"
"DEA37",NA,NA,"DE","Steinfurt","Germany","DE","DE","DEU"
"DEA38",NA,NA,"DE","Warendorf","Germany","DE","DE","DEU"
"DEA41",NA,NA,"DE","Bielefeld, Kreisfreie Stadt","Germany","DE","DE","DEU"
"DEA42",NA,NA,"DE","G├╝tersloh","Germany","DE","DE","DEU"
"DEA43",NA,NA,"DE","Herford","Germany","DE","DE","DEU"
"DEA44",NA,NA,"DE","H├Âxter","Germany","DE","DE","DEU"
"DEA45",NA,NA,"DE","Lippe","Germany","DE","DE","DEU"
"DEA46",NA,NA,"DE","Minden-L├╝bbecke","Germany","DE","DE","DEU"
"DEA47",NA,NA,"DE","Paderborn","Germany","DE","DE","DEU"
"DEA51",NA,NA,"DE","Bochum, Kreisfreie Stadt","Germany","DE","DE","DEU"
"DEA52",NA,NA,"DE","Dortmund, Kreisfreie Stadt","Germany","DE","DE","DEU"
"DEA53",NA,NA,"DE","Hagen, Kreisfreie Stadt","Germany","DE","DE","DEU"
"DEA54",NA,NA,"DE","Hamm, Kreisfreie Stadt","Germany","DE","DE","DEU"
"DEA55",NA,NA,"DE","Herne, Kreisfreie Stadt","Germany","DE","DE","DEU"
"DEA56",NA,NA,"DE","Ennepe-Ruhr-Kreis","Germany","DE","DE","DEU"
"DEA57",NA,NA,"DE","Hochsauerlandkreis","Germany","DE","DE","DEU"
"DEA58",NA,NA,"DE","M├ñrkischer Kreis","Germany","DE","DE","DEU"
"DEA59",NA,NA,"DE","Olpe","Germany","DE","DE","DEU"
"DEA5A",NA,NA,"DE","Siegen-Wittgenstein","Germany","DE","DE","DEU"
"DEA5B",NA,NA,"DE","Soest","Germany","DE","DE","DEU"
"DEA5C",NA,NA,"DE","Unna","Germany","DE","DE","DEU"
"DEB11",NA,NA,"DE","Koblenz, Kreisfreie Stadt","Germany","DE","DE","DEU"
"DEB12",NA,NA,"DE","Ahrweiler","Germany","DE","DE","DEU"
"DEB13",NA,NA,"DE","Altenkirchen (Westerwald)","Germany","DE","DE","DEU"
"DEB14",NA,NA,"DE","Bad Kreuznach","Germany","DE","DE","DEU"
"DEB15",NA,NA,"DE","Birkenfeld","Germany","DE","DE","DEU"
"DEB16",NA,NA,"DE","Cochem-Zell","Germany","DE","DE","DEU"
"DEB17",NA,NA,"DE","Mayen-Koblenz","Germany","DE","DE","DEU"
"DEB18",NA,NA,"DE","Neuwied","Germany","DE","DE","DEU"
"DEB19",NA,NA,"DE","Rhein-Hunsr├╝ck-Kreis","Germany","DE","DE","DEU"
"DEB1A",NA,NA,"DE","Rhein-Lahn-Kreis","Germany","DE","DE","DEU"
"DEB1B",NA,NA,"DE","Westerwaldkreis","Germany","DE","DE","DEU"
"DEB21",NA,NA,"DE","Trier, Kreisfreie Stadt","Germany","DE","DE","DEU"
"DEB22",NA,NA,"DE","Bernkastel-Wittlich","Germany","DE","DE","DEU"
"DEB23",NA,NA,"DE","Bitburg-Pr├╝m","Germany","DE","DE","DEU"
"DEB24",NA,NA,"DE","Daun","Germany","DE","DE","DEU"
"DEB25",NA,NA,"DE","Trier-Saarburg","Germany","DE","DE","DEU"
"DEB31",NA,NA,"DE","Frankenthal (Pfalz), Kreisfreie Stadt","Germany","DE","DE","DEU"
"DEB32",NA,NA,"DE","Kaiserslautern, Kreisfreie Stadt","Germany","DE","DE","DEU"
"DEB33",NA,NA,"DE","Landau in der Pfalz, Kreisfreie Stadt","Germany","DE","DE","DEU"
"DEB34",NA,NA,"DE","Ludwigshafen am Rhein, Kreisfreie Stadt","Germany","DE","DE","DEU"
"DEB35",NA,NA,"DE","Mainz, Kreisfreie Stadt","Germany","DE","DE","DEU"
"DEB36",NA,NA,"DE","Neustadt an der Weinstra├ƒe, Kreisfreie Stadt","Germany","DE","DE","DEU"
"DEB37",NA,NA,"DE","Pirmasens, Kreisfreie Stadt","Germany","DE","DE","DEU"
"DEB38",NA,NA,"DE","Speyer, Kreisfreie Stadt","Germany","DE","DE","DEU"
"DEB39",NA,NA,"DE","Worms, Kreisfreie Stadt","Germany","DE","DE","DEU"
"DEB3A",NA,NA,"DE","Zweibr├╝cken, Kreisfreie Stadt","Germany","DE","DE","DEU"
"DEB3B",NA,NA,"DE","Alzey-Worms","Germany","DE","DE","DEU"
"DEB3C",NA,NA,"DE","Bad D├╝rkheim","Germany","DE","DE","DEU"
"DEB3D",NA,NA,"DE","Donnersbergkreis","Germany","DE","DE","DEU"
"DEB3E",NA,NA,"DE","Germersheim","Germany","DE","DE","DEU"
"DEB3F",NA,NA,"DE","Kaiserslautern, Landkreis","Germany","DE","DE","DEU"
"DEB3G",NA,NA,"DE","Kusel","Germany","DE","DE","DEU"
"DEB3H",NA,NA,"DE","S├╝dliche Weinstra├ƒe","Germany","DE","DE","DEU"
"DEB3I",NA,NA,"DE","Rhein-Pfalz-Kreis","Germany","DE","DE","DEU"
"DEB3J",NA,NA,"DE","Mainz-Bingen","Germany","DE","DE","DEU"
"DEB3K",NA,NA,"DE","S├╝dwestpfalz","Germany","DE","DE","DEU"
"DEC01",NA,NA,"DE","Stadtverband Saarbr├╝cken","Germany","DE","DE","DEU"
"DEC02",NA,NA,"DE","Merzig-Wadern","Germany","DE","DE","DEU"
"DEC03",NA,NA,"DE","Neunkirchen","Germany","DE","DE","DEU"
"DEC04",NA,NA,"DE","Saarlouis","Germany","DE","DE","DEU"
"DEC05",NA,NA,"DE","Saarpfalz-Kreis","Germany","DE","DE","DEU"
"DEC06",NA,NA,"DE","St. Wendel","Germany","DE","DE","DEU"
"DED21",NA,NA,"DE","Dresden, Kreisfreie Stadt","Germany","DE","DE","DEU"
"DED2C",NA,NA,"DE","Bautzen","Germany","DE","DE","DEU"
"DED2D",NA,NA,"DE","G├Ârlitz","Germany","DE","DE","DEU"
"DED2E",NA,NA,"DE","Mei├ƒen","Germany","DE","DE","DEU"
"DED2F",NA,NA,"DE","S├ñchsische Schweiz-Osterzgebirge","Germany","DE","DE","DEU"
"DED41",NA,NA,"DE","Chemnitz, Kreisfreie Stadt","Germany","DE","DE","DEU"
"DED42",NA,NA,"DE","Erzgebirgskreis","Germany","DE","DE","DEU"
"DED43",NA,NA,"DE","Mittelsachsen","Germany","DE","DE","DEU"
"DED44",NA,NA,"DE","Vogtlandkreis","Germany","DE","DE","DEU"
"DED45",NA,NA,"DE","Zwichau","Germany","DE","DE","DEU"
"DED51",NA,NA,"DE","Leipzig, Kreisfreie Stadt","Germany","DE","DE","DEU"
"DED52",NA,NA,"DE","Leipzig","Germany","DE","DE","DEU"
"DED53",NA,NA,"DE","Nordhausen","Germany","DE","DE","DEU"
"DEE01",NA,NA,"DE","Dessau-Ro├ƒlau, Kreisfreie Stadt","Germany","DE","DE","DEU"
"DEE02",NA,NA,"DE","Halle (Saale), Kreisfreie Stadt","Germany","DE","DE","DEU"
"DEE03",NA,NA,"DE","Magdeburg, Kreisfreie Stadt","Germany","DE","DE","DEU"
"DEE04",NA,NA,"DE","Altmarkkreis Salzwedel","Germany","DE","DE","DEU"
"DEE05",NA,NA,"DE","Anhalt-Bitterfeld","Germany","DE","DE","DEU"
"DEE06",NA,NA,"DE","Jerichower Land","Germany","DE","DE","DEU"
"DEE07",NA,NA,"DE","B├Ârde","Germany","DE","DE","DEU"
"DEE08",NA,NA,"DE","Burgenland (D)","Germany","DE","DE","DEU"
"DEE09",NA,NA,"DE","Harz","Germany","DE","DE","DEU"
"DEE0A",NA,NA,"DE","Mansfeld-S├╝dharz","Germany","DE","DE","DEU"
"DEE0B",NA,NA,"DE","Saalekreis","Germany","DE","DE","DEU"
"DEE0C",NA,NA,"DE","Salzland","Germany","DE","DE","DEU"
"DEE0D",NA,NA,"DE","Stendal","Germany","DE","DE","DEU"
"DEE0E",NA,NA,"DE","Wittenberg","Germany","DE","DE","DEU"
"DEF01",NA,NA,"DE","Flensburg, Kreisfreie Stadt","Germany","DE","DE","DEU"
"DEF02",NA,NA,"DE","Kiel, Kreisfreie Stadt","Germany","DE","DE","DEU"
"DEF03",NA,NA,"DE","L├╝beck, Kreisfreie Stadt","Germany","DE","DE","DEU"
"DEF04",NA,NA,"DE","Neum├╝nster, Kreisfreie Stadt","Germany","DE","DE","DEU"
"DEF05",NA,NA,"DE","Dithmarschen","Germany","DE","DE","DEU"
"DEF06",NA,NA,"DE","Herzogtum Lauenburg","Germany","DE","DE","DEU"
"DEF07",NA,NA,"DE","Nordfriesland","Germany","DE","DE","DEU"
"DEF08",NA,NA,"DE","Ostholstein","Germany","DE","DE","DEU"
"DEF09",NA,NA,"DE","Pinneberg","Germany","DE","DE","DEU"
"DEF0A",NA,NA,"DE","Pl├Ân","Germany","DE","DE","DEU"
"DEF0B",NA,NA,"DE","Rendsburg-Eckernf├Ârde","Germany","DE","DE","DEU"
"DEF0C",NA,NA,"DE","Schleswig-Flensburg","Germany","DE","DE","DEU"
"DEF0D",NA,NA,"DE","Segeberg","Germany","DE","DE","DEU"
"DEF0E",NA,NA,"DE","Steinburg","Germany","DE","DE","DEU"
"DEF0F",NA,NA,"DE","Stormarn","Germany","DE","DE","DEU"
"DEG01",NA,NA,"DE","Erfurt, Kreisfreie Stadt","Germany","DE","DE","DEU"
"DEG02",NA,NA,"DE","Gera, Kreisfreie Stadt","Germany","DE","DE","DEU"
"DEG03",NA,NA,"DE","Jena, Kreisfreie Stadt","Germany","DE","DE","DEU"
"DEG04",NA,NA,"DE","Suhl, Kreisfreie Stadt","Germany","DE","DE","DEU"
"DEG05",NA,NA,"DE","Weimar, Kreisfreie Stadt","Germany","DE","DE","DEU"
"DEG06",NA,NA,"DE","Eichsfeld","Germany","DE","DE","DEU"
"DEG07",NA,NA,"DE","Nordhausen","Germany","DE","DE","DEU"
"DEG09",NA,NA,"DE","Unstrut-Hainich-Kreis","Germany","DE","DE","DEU"
"DEG0A",NA,NA,"DE","Kyffh├ñuserkreis","Germany","DE","DE","DEU"
"DEG0B",NA,NA,"DE","Schmalkalden-Meiningen","Germany","DE","DE","DEU"
"DEG0C",NA,NA,"DE","Gotha","Germany","DE","DE","DEU"
"DEG0D",NA,NA,"DE","S├Âmmerda","Germany","DE","DE","DEU"
"DEG0E",NA,NA,"DE","Hildburghausen","Germany","DE","DE","DEU"
"DEG0F",NA,NA,"DE","Ilm-Kreis","Germany","DE","DE","DEU"
"DEG0G",NA,NA,"DE","Weimarer Land","Germany","DE","DE","DEU"
"DEG0H",NA,NA,"DE","Sonneberg","Germany","DE","DE","DEU"
"DEG0I",NA,NA,"DE","Saalfeld-Rudolstadt","Germany","DE","DE","DEU"
"DEG0J",NA,NA,"DE","Saale-Holzland-Kreis","Germany","DE","DE","DEU"
"DEG0K",NA,NA,"DE","Saale-Orla-Kreis","Germany","DE","DE","DEU"
"DEG0L",NA,NA,"DE","Greiz","Germany","DE","DE","DEU"
"DEG0M",NA,NA,"DE","Altenburger Land","Germany","DE","DE","DEU"
"DEG0N",NA,NA,"DE","Eisenach, Kreisfreie Stadt","Germany","DE","DE","DEU"
"DEG0P",NA,NA,"DE","Wartburgkreis","Germany","DE","DE","DEU"
"DK011",NA,NA,"DK","Byen K├©benhavn","Denmark","DK","DK","DNK"
"DK012",NA,NA,"DK","K├©benhavns omegn","Denmark","DK","DK","DNK"
"DK013",NA,NA,"DK","Nordsj├ªlland","Denmark","DK","DK","DNK"
"DK014",NA,NA,"DK","Bornholm","Denmark","DK","DK","DNK"
"DK021",NA,NA,"DK","├ÿstsj├ªlland","Denmark","DK","DK","DNK"
"DK022",NA,NA,"DK","Vest- og Sydsj├ªlland","Denmark","DK","DK","DNK"
"DK031",NA,NA,"DK","Fyn","Denmark","DK","DK","DNK"
"DK032",NA,NA,"DK","Sydjylland","Denmark","DK","DK","DNK"
"DK041",NA,NA,"DK","Vestjylland","Denmark","DK","DK","DNK"
"DK042",NA,NA,"DK","├ÿstjylland","Denmark","DK","DK","DNK"
"DK050",NA,NA,"DK","Nordjylland","Denmark","DK","DK","DNK"
"EE001",NA,NA,"EE","P├Áhja-Eesti","Estonia","EE","EE","EST"
"EE004",NA,NA,"EE","L├ñ├ñne-Eesti","Estonia","EE","EE","EST"
"EE006",NA,NA,"EE","Kesk-Eesti","Estonia","EE","EE","EST"
"EE007",NA,NA,"EE","Kirde-Eesti","Estonia","EE","EE","EST"
"EE008",NA,NA,"EE","L├Áuna-Eesti","Estonia","EE","EE","EST"
"EL111",NA,NA,"EL","Evros","Greece","EL","GR","GRC"
"EL112",NA,NA,"EL","Xanthi","Greece","EL","GR","GRC"
"EL113",NA,NA,"EL","Rodopi","Greece","EL","GR","GRC"
"EL114",NA,NA,"EL","Drama","Greece","EL","GR","GRC"
"EL115",NA,NA,"EL","Kavala","Greece","EL","GR","GRC"
"EL121",NA,NA,"EL","Imathia","Greece","EL","GR","GRC"
"EL122",NA,NA,"EL","Thessaloniki","Greece","EL","GR","GRC"
"EL123",NA,NA,"EL","Kilkis","Greece","EL","GR","GRC"
"EL124",NA,NA,"EL","Pella","Greece","EL","GR","GRC"
"EL125",NA,NA,"EL","Pieria","Greece","EL","GR","GRC"
"EL126",NA,NA,"EL","Serres","Greece","EL","GR","GRC"
"EL127",NA,NA,"EL","Chalkidiki","Greece","EL","GR","GRC"
"EL131",NA,NA,"EL","Grevena","Greece","EL","GR","GRC"
"EL132",NA,NA,"EL","Kastoria","Greece","EL","GR","GRC"
"EL133",NA,NA,"EL","Kozani","Greece","EL","GR","GRC"
"EL134",NA,NA,"EL","Florina","Greece","EL","GR","GRC"
"EL141",NA,NA,"EL","Karditsa","Greece","EL","GR","GRC"
"EL142",NA,NA,"EL","Larisa","Greece","EL","GR","GRC"
"EL143",NA,NA,"EL","Magnisia","Greece","EL","GR","GRC"
"EL144",NA,NA,"EL","Trikala","Greece","EL","GR","GRC"
"EL211",NA,NA,"EL","Arta","Greece","EL","GR","GRC"
"EL212",NA,NA,"EL","Thesprotia","Greece","EL","GR","GRC"
"EL213",NA,NA,"EL","Ioannina","Greece","EL","GR","GRC"
"EL214",NA,NA,"EL","Preveza","Greece","EL","GR","GRC"
"EL221",NA,NA,"EL","Zakynthos","Greece","EL","GR","GRC"
"EL222",NA,NA,"EL","Kerkyra","Greece","EL","GR","GRC"
"EL223",NA,NA,"EL","Kefallinia","Greece","EL","GR","GRC"
"EL224",NA,NA,"EL","Lefkada","Greece","EL","GR","GRC"
"EL231",NA,NA,"EL","Aitoloakarnania","Greece","EL","GR","GRC"
"EL232",NA,NA,"EL","Achaia","Greece","EL","GR","GRC"
"EL233",NA,NA,"EL","Ileia","Greece","EL","GR","GRC"
"EL241",NA,NA,"EL","Voiotia","Greece","EL","GR","GRC"
"EL242",NA,NA,"EL","Evvoia","Greece","EL","GR","GRC"
"EL243",NA,NA,"EL","Evrytania","Greece","EL","GR","GRC"
"EL244",NA,NA,"EL","Fthiotida","Greece","EL","GR","GRC"
"EL245",NA,NA,"EL","Fokida","Greece","EL","GR","GRC"
"EL251",NA,NA,"EL","Argolida","Greece","EL","GR","GRC"
"EL252",NA,NA,"EL","Arkadia","Greece","EL","GR","GRC"
"EL253",NA,NA,"EL","Korinthia","Greece","EL","GR","GRC"
"EL254",NA,NA,"EL","Lakonia","Greece","EL","GR","GRC"
"EL255",NA,NA,"EL","Messinia","Greece","EL","GR","GRC"
"EL300",NA,NA,"EL","Attiki","Greece","EL","GR","GRC"
"EL411",NA,NA,"EL","Lesvos","Greece","EL","GR","GRC"
"EL412",NA,NA,"EL","Samos","Greece","EL","GR","GRC"
"EL413",NA,NA,"EL","Chios","Greece","EL","GR","GRC"
"EL421",NA,NA,"EL","Dodekanisos","Greece","EL","GR","GRC"
"EL422",NA,NA,"EL","Kyklades","Greece","EL","GR","GRC"
"EL431",NA,NA,"EL","Irakleio","Greece","EL","GR","GRC"
"EL432",NA,NA,"EL","Lasithi","Greece","EL","GR","GRC"
"EL433",NA,NA,"EL","Rethymni","Greece","EL","GR","GRC"
"EL434",NA,NA,"EL","Chania","Greece","EL","GR","GRC"
"ES111",NA,NA,"ES","A Coru├▒a","Spain","ES","ES","ESP"
"ES112",NA,NA,"ES","Lugo","Spain","ES","ES","ESP"
"ES113",NA,NA,"ES","Ourense","Spain","ES","ES","ESP"
"ES114",NA,NA,"ES","Pontevedra","Spain","ES","ES","ESP"
"ES120",NA,NA,"ES","Asturias","Spain","ES","ES","ESP"
"ES130",NA,NA,"ES","Cantabria","Spain","ES","ES","ESP"
"ES211",NA,NA,"ES","├ülava","Spain","ES","ES","ESP"
"ES212",NA,NA,"ES","Guip├║zcoa","Spain","ES","ES","ESP"
"ES213",NA,NA,"ES","Vizcaya","Spain","ES","ES","ESP"
"ES220",NA,NA,"ES","Navarra","Spain","ES","ES","ESP"
"ES230",NA,NA,"ES","La Rioja","Spain","ES","ES","ESP"
"ES241",NA,NA,"ES","Huesca","Spain","ES","ES","ESP"
"ES242",NA,NA,"ES","Teruel","Spain","ES","ES","ESP"
"ES243",NA,NA,"ES","Zaragoza","Spain","ES","ES","ESP"
"ES300",NA,NA,"ES","Madrid","Spain","ES","ES","ESP"
"ES411",NA,NA,"ES","├üvila","Spain","ES","ES","ESP"
"ES412",NA,NA,"ES","Burgos","Spain","ES","ES","ESP"
"ES413",NA,NA,"ES","Le├│n","Spain","ES","ES","ESP"
"ES414",NA,NA,"ES","Palencia","Spain","ES","ES","ESP"
"ES415",NA,NA,"ES","Salamanca","Spain","ES","ES","ESP"
"ES416",NA,NA,"ES","Segovia","Spain","ES","ES","ESP"
"ES417",NA,NA,"ES","Soria","Spain","ES","ES","ESP"
"ES418",NA,NA,"ES","Valladolid","Spain","ES","ES","ESP"
"ES419",NA,NA,"ES","Zamora","Spain","ES","ES","ESP"
"ES421",NA,NA,"ES","Albacete","Spain","ES","ES","ESP"
"ES422",NA,NA,"ES","Ciudad Real","Spain","ES","ES","ESP"
"ES423",NA,NA,"ES","Cuenca","Spain","ES","ES","ESP"
"ES424",NA,NA,"ES","Guadalajara","Spain","ES","ES","ESP"
"ES425",NA,NA,"ES","Toledo","Spain","ES","ES","ESP"
"ES431",NA,NA,"ES","Badajoz","Spain","ES","ES","ESP"
"ES432",NA,NA,"ES","C├íceres","Spain","ES","ES","ESP"
"ES511",NA,NA,"ES","Barcelona","Spain","ES","ES","ESP"
"ES512",NA,NA,"ES","Girona","Spain","ES","ES","ESP"
"ES513",NA,NA,"ES","Lleida","Spain","ES","ES","ESP"
"ES514",NA,NA,"ES","Tarragona","Spain","ES","ES","ESP"
"ES521",NA,NA,"ES","Alicante / Alacant","Spain","ES","ES","ESP"
"ES522",NA,NA,"ES","Castell├│n / Castell├│","Spain","ES","ES","ESP"
"ES523",NA,NA,"ES","Valencia / Val├¿ncia","Spain","ES","ES","ESP"
"ES531",NA,NA,"ES","Eivissa y Formentera","Spain","ES","ES","ESP"
"ES532",NA,NA,"ES","Mallorca","Spain","ES","ES","ESP"
"ES533",NA,NA,"ES","Menorca","Spain","ES","ES","ESP"
"ES611",NA,NA,"ES","Almer├¡a","Spain","ES","ES","ESP"
"ES612",NA,NA,"ES","C├ídiz","Spain","ES","ES","ESP"
"ES613",NA,NA,"ES","C├│rdoba","Spain","ES","ES","ESP"
"ES614",NA,NA,"ES","Granada","Spain","ES","ES","ESP"
"ES615",NA,NA,"ES","Huelva","Spain","ES","ES","ESP"
"ES616",NA,NA,"ES","Ja├®n","Spain","ES","ES","ESP"
"ES617",NA,NA,"ES","M├ílaga","Spain","ES","ES","ESP"
"ES618",NA,NA,"ES","Sevilla","Spain","ES","ES","ESP"
"ES620",NA,NA,"ES","Murcia","Spain","ES","ES","ESP"
"ES630",NA,NA,"ES","Ceuta","Spain","ES","ES","ESP"
"ES640",NA,NA,"ES","Melilla","Spain","ES","ES","ESP"
"ES703",NA,NA,"ES","El Hierro","Spain","ES","ES","ESP"
"ES704",NA,NA,"ES","Fuerteventura","Spain","ES","ES","ESP"
"ES705",NA,NA,"ES","Gran Canaria","Spain","ES","ES","ESP"
"ES706",NA,NA,"ES","La Gomera","Spain","ES","ES","ESP"
"ES707",NA,NA,"ES","La Palma","Spain","ES","ES","ESP"
"ES708",NA,NA,"ES","Lanzarote","Spain","ES","ES","ESP"
"ES709",NA,NA,"ES","Tenerife","Spain","ES","ES","ESP"
"FI193",NA,NA,"FI","Keski-Suomi","Finland","FI","FI","FIN"
"FI194",NA,NA,"FI","Etel├ñ-Pohjanmaa","Finland","FI","FI","FIN"
"FI195",NA,NA,"FI","Pohjanmaa","Finland","FI","FI","FIN"
"FI196",NA,NA,"FI","Satakunta","Finland","FI","FI","FIN"
"FI197",NA,NA,"FI","Pirkanmaa","Finland","FI","FI","FIN"
"FI1B1",NA,NA,"FI","Helsinki-Uusimaa","Finland","FI","FI","FIN"
"FI1C1",NA,NA,"FI","Varsinais-Suomi","Finland","FI","FI","FIN"
"FI1C2",NA,NA,"FI","Kanta-H├ñme","Finland","FI","FI","FIN"
"FI1C3",NA,NA,"FI","P├ñij├ñt-H├ñme","Finland","FI","FI","FIN"
"FI1C4",NA,NA,"FI","Kymenlaakso","Finland","FI","FI","FIN"
"FI1C5",NA,NA,"FI","Etel├ñ-Karjala","Finland","FI","FI","FIN"
"FI1D1",NA,NA,"FI","Etel├ñ-Savo","Finland","FI","FI","FIN"
"FI1D2",NA,NA,"FI","Pohjois-Savo","Finland","FI","FI","FIN"
"FI1D3",NA,NA,"FI","Pohjois-Karjala","Finland","FI","FI","FIN"
"FI1D4",NA,NA,"FI","Kainuu","Finland","FI","FI","FIN"
"FI1D5",NA,NA,"FI","Keski-Pohjanmaa","Finland","FI","FI","FIN"
"FI1D6",NA,NA,"FI","Pohjois-Pohjanmaa","Finland","FI","FI","FIN"
"FI1D7",NA,NA,"FI","Lappi","Finland","FI","FI","FIN"
"FI200",NA,NA,"FI","├àland","Finland","FI","FI","FIN"
"FR101",NA,NA,"FR","Paris","France","FR","FR","FRA"
"FR102",NA,NA,"FR","Seine-et-Marne","France","FR","FR","FRA"
"FR103",NA,NA,"FR","Yvelines","France","FR","FR","FRA"
"FR104",NA,NA,"FR","Essonne","France","FR","FR","FRA"
"FR105",NA,NA,"FR","Hauts-de-Seine","France","FR","FR","FRA"
"FR106",NA,NA,"FR","Seine-Saint-Denis","France","FR","FR","FRA"
"FR107",NA,NA,"FR","Val-de-Marne","France","FR","FR","FRA"
"FR108",NA,NA,"FR","Val-d'Oise","France","FR","FR","FRA"
"FR211",NA,NA,"FR","Ardennes","France","FR","FR","FRA"
"FR212",NA,NA,"FR","Aube","France","FR","FR","FRA"
"FR213",NA,NA,"FR","Marne","France","FR","FR","FRA"
"FR214",NA,NA,"FR","Haute-Marne","France","FR","FR","FRA"
"FR221",NA,NA,"FR","Aisne","France","FR","FR","FRA"
"FR222",NA,NA,"FR","Oise","France","FR","FR","FRA"
"FR223",NA,NA,"FR","Somme","France","FR","FR","FRA"
"FR231",NA,NA,"FR","Eure","France","FR","FR","FRA"
"FR232",NA,NA,"FR","Seine-Maritime","France","FR","FR","FRA"
"FR241",NA,NA,"FR","Cher","France","FR","FR","FRA"
"FR242",NA,NA,"FR","Eure-et-Loir","France","FR","FR","FRA"
"FR243",NA,NA,"FR","Indre","France","FR","FR","FRA"
"FR244",NA,NA,"FR","Indre-et-Loire","France","FR","FR","FRA"
"FR245",NA,NA,"FR","Loir-et-Cher","France","FR","FR","FRA"
"FR246",NA,NA,"FR","Loiret","France","FR","FR","FRA"
"FR251",NA,NA,"FR","Calvados","France","FR","FR","FRA"
"FR252",NA,NA,"FR","Manche","France","FR","FR","FRA"
"FR253",NA,NA,"FR","Orne","France","FR","FR","FRA"
"FR261",NA,NA,"FR","C├┤te-d'Or","France","FR","FR","FRA"
"FR262",NA,NA,"FR","Ni├¿vre","France","FR","FR","FRA"
"FR263",NA,NA,"FR","Sa├┤ne-et-Loire","France","FR","FR","FRA"
"FR264",NA,NA,"FR","Yonne","France","FR","FR","FRA"
"FR301",NA,NA,"FR","Nord","France","FR","FR","FRA"
"FR302",NA,NA,"FR","Pas-de-Calais","France","FR","FR","FRA"
"FR411",NA,NA,"FR","Meurthe-et-Moselle","France","FR","FR","FRA"
"FR412",NA,NA,"FR","Meuse","France","FR","FR","FRA"
"FR413",NA,NA,"FR","Moselle","France","FR","FR","FRA"
"FR414",NA,NA,"FR","Vosges","France","FR","FR","FRA"
"FR421",NA,NA,"FR","Bas-Rhin","France","FR","FR","FRA"
"FR422",NA,NA,"FR","Haut-Rhin","France","FR","FR","FRA"
"FR431",NA,NA,"FR","Doubs","France","FR","FR","FRA"
"FR432",NA,NA,"FR","Jura","France","FR","FR","FRA"
"FR433",NA,NA,"FR","Haute-Sa├┤ne","France","FR","FR","FRA"
"FR434",NA,NA,"FR","Territoire de Belfort","France","FR","FR","FRA"
"FR511",NA,NA,"FR","Loire-Atlantique","France","FR","FR","FRA"
"FR512",NA,NA,"FR","Maine-et-Loire","France","FR","FR","FRA"
"FR513",NA,NA,"FR","Mayenne","France","FR","FR","FRA"
"FR514",NA,NA,"FR","Sarthe","France","FR","FR","FRA"
"FR515",NA,NA,"FR","Vend├®e","France","FR","FR","FRA"
"FR521",NA,NA,"FR","C├┤tes-d'Armor","France","FR","FR","FRA"
"FR522",NA,NA,"FR","Finist├¿re","France","FR","FR","FRA"
"FR523",NA,NA,"FR","Ille-et-Vilaine","France","FR","FR","FRA"
"FR524",NA,NA,"FR","Morbihan","France","FR","FR","FRA"
"FR531",NA,NA,"FR","Charente","France","FR","FR","FRA"
"FR532",NA,NA,"FR","Charente-Maritime","France","FR","FR","FRA"
"FR533",NA,NA,"FR","Deux-S├¿vres","France","FR","FR","FRA"
"FR534",NA,NA,"FR","Vienne","France","FR","FR","FRA"
"FR611",NA,NA,"FR","Dordogne","France","FR","FR","FRA"
"FR612",NA,NA,"FR","Gironde","France","FR","FR","FRA"
"FR613",NA,NA,"FR","Landes","France","FR","FR","FRA"
"FR614",NA,NA,"FR","Lot-et-Garonne","France","FR","FR","FRA"
"FR615",NA,NA,"FR","Pyr├®n├®es-Atlantiques","France","FR","FR","FRA"
"FR621",NA,NA,"FR","Ari├¿ge","France","FR","FR","FRA"
"FR622",NA,NA,"FR","Aveyron","France","FR","FR","FRA"
"FR623",NA,NA,"FR","Haute-Garonne","France","FR","FR","FRA"
"FR624",NA,NA,"FR","Gers","France","FR","FR","FRA"
"FR625",NA,NA,"FR","Lot","France","FR","FR","FRA"
"FR626",NA,NA,"FR","Hautes-Pyr├®n├®es","France","FR","FR","FRA"
"FR627",NA,NA,"FR","Tarn","France","FR","FR","FRA"
"FR628",NA,NA,"FR","Tarn-et-Garonne","France","FR","FR","FRA"
"FR631",NA,NA,"FR","Corr├¿ze","France","FR","FR","FRA"
"FR632",NA,NA,"FR","Creuse","France","FR","FR","FRA"
"FR633",NA,NA,"FR","Haute-Vienne","France","FR","FR","FRA"
"FR711",NA,NA,"FR","Ain","France","FR","FR","FRA"
"FR712",NA,NA,"FR","Ard├¿che","France","FR","FR","FRA"
"FR713",NA,NA,"FR","Dr├┤me","France","FR","FR","FRA"
"FR714",NA,NA,"FR","Is├¿re","France","FR","FR","FRA"
"FR715",NA,NA,"FR","Loire","France","FR","FR","FRA"
"FR716",NA,NA,"FR","Rh├┤ne","France","FR","FR","FRA"
"FR717",NA,NA,"FR","Savoie","France","FR","FR","FRA"
"FR718",NA,NA,"FR","Haute-Savoie","France","FR","FR","FRA"
"FR721",NA,NA,"FR","Allier","France","FR","FR","FRA"
"FR722",NA,NA,"FR","Cantal","France","FR","FR","FRA"
"FR723",NA,NA,"FR","Haute-Loire","France","FR","FR","FRA"
"FR724",NA,NA,"FR","Puy-de-D├┤me","France","FR","FR","FRA"
"FR811",NA,NA,"FR","Aude","France","FR","FR","FRA"
"FR812",NA,NA,"FR","Gard","France","FR","FR","FRA"
"FR813",NA,NA,"FR","H├®rault","France","FR","FR","FRA"
"FR814",NA,NA,"FR","Loz├¿re","France","FR","FR","FRA"
"FR815",NA,NA,"FR","Pyr├®n├®es-Orientales","France","FR","FR","FRA"
"FR821",NA,NA,"FR","Alpes-de-Haute-Provence","France","FR","FR","FRA"
"FR822",NA,NA,"FR","Hautes-Alpes","France","FR","FR","FRA"
"FR823",NA,NA,"FR","Alpes-Maritimes","France","FR","FR","FRA"
"FR824",NA,NA,"FR","Bouches-du-Rh├┤ne","France","FR","FR","FRA"
"FR825",NA,NA,"FR","Var","France","FR","FR","FRA"
"FR826",NA,NA,"FR","Vaucluse","France","FR","FR","FRA"
"FR831",NA,NA,"FR","Corse-du-Sud","France","FR","FR","FRA"
"FR832",NA,NA,"FR","Haute-Corse","France","FR","FR","FRA"
"HR041",NA,NA,"HR","Grad Zagreb","Croatia","HR","HR","HRV"
"HR042",NA,NA,"HR","Zagreba─ìka ┼¥upanija","Croatia","HR","HR","HRV"
"HR043",NA,NA,"HR","Krapinsko-zagorska ┼¥upanija","Croatia","HR","HR","HRV"
"HR044",NA,NA,"HR","Vara┼¥dinska ┼¥upanija","Croatia","HR","HR","HRV"
"HR045",NA,NA,"HR","Koprivni─ìko-kri┼¥eva─ìka ┼¥upanija","Croatia","HR","HR","HRV"
"HR046",NA,NA,"HR","Me─æimurska ┼¥upanija","Croatia","HR","HR","HRV"
"HR047",NA,NA,"HR","Bjelovarsko-bilogorska ┼¥upanija","Croatia","HR","HR","HRV"
"HR048",NA,NA,"HR","Viroviti─ìko-podravska ┼¥upanija","Croatia","HR","HR","HRV"
"HR049",NA,NA,"HR","Po┼¥e┼íko-slavonska ┼¥upanija","Croatia","HR","HR","HRV"
"HR04A",NA,NA,"HR","Brodsko-posavska ┼¥upanija","Croatia","HR","HR","HRV"
"HR04B",NA,NA,"HR","Osje─ìko-baranjska ┼¥upanija","Croatia","HR","HR","HRV"
"HR04C",NA,NA,"HR","Vukovarsko-srijemska ┼¥upanija","Croatia","HR","HR","HRV"
"HR04D",NA,NA,"HR","Karlova─ìka ┼¥upanija","Croatia","HR","HR","HRV"
"HR04E",NA,NA,"HR","Sisa─ìko-moslava─ìka ┼¥upanija","Croatia","HR","HR","HRV"
"HR031",NA,NA,"HR","Primorsko-goranska ┼¥upanija","Croatia","HR","HR","HRV"
"HR032",NA,NA,"HR","Li─ìko-senjska ┼¥upanija","Croatia","HR","HR","HRV"
"HR033",NA,NA,"HR","Zadarska ┼¥upanija","Croatia","HR","HR","HRV"
"HR034",NA,NA,"HR","┼áibensko-kninska ┼¥upanija","Croatia","HR","HR","HRV"
"HR035",NA,NA,"HR","Splitsko-dalmatinska ┼¥upanija","Croatia","HR","HR","HRV"
"HR036",NA,NA,"HR","Istarska ┼¥upanija","Croatia","HR","HR","HRV"
"HR037",NA,NA,"HR","Dubrova─ìko-neretvanska ┼¥upanija","Croatia","HR","HR","HRV"
"HU101",NA,NA,"HU","Budapest","Hungary","HU","HU","HUN"
"HU102",NA,NA,"HU","Pest","Hungary","HU","HU","HUN"
"HU211",NA,NA,"HU","Fej├®r","Hungary","HU","HU","HUN"
"HU212",NA,NA,"HU","Kom├írom-Esztergom","Hungary","HU","HU","HUN"
"HU213",NA,NA,"HU","Veszpr├®m","Hungary","HU","HU","HUN"
"HU221",NA,NA,"HU","Gy┼ær-Moson-Sopron","Hungary","HU","HU","HUN"
"HU222",NA,NA,"HU","Vas","Hungary","HU","HU","HUN"
"HU223",NA,NA,"HU","Zala","Hungary","HU","HU","HUN"
"HU231",NA,NA,"HU","Baranya","Hungary","HU","HU","HUN"
"HU232",NA,NA,"HU","Somogy","Hungary","HU","HU","HUN"
"HU233",NA,NA,"HU","Tolna","Hungary","HU","HU","HUN"
"HU311",NA,NA,"HU","Borsod-Aba├║j-Zempl├®n","Hungary","HU","HU","HUN"
"HU312",NA,NA,"HU","Heves","Hungary","HU","HU","HUN"
"HU313",NA,NA,"HU","N├│gr├íd","Hungary","HU","HU","HUN"
"HU321",NA,NA,"HU","Hajd├║-Bihar","Hungary","HU","HU","HUN"
"HU322",NA,NA,"HU","J├ísz-Nagykun-Szolnok","Hungary","HU","HU","HUN"
"HU323",NA,NA,"HU","Szabolcs-Szatm├ír-Bereg","Hungary","HU","HU","HUN"
"HU331",NA,NA,"HU","B├ícs-Kiskun","Hungary","HU","HU","HUN"
"HU332",NA,NA,"HU","B├®k├®s","Hungary","HU","HU","HUN"
"HU333",NA,NA,"HU","Csongr├íd","Hungary","HU","HU","HUN"
"IE011",NA,NA,"IE","Border","Ireland","IE","IE","IRL"
"IE012",NA,NA,"IE","Midland","Ireland","IE","IE","IRL"
"IE013",NA,NA,"IE","West","Ireland","IE","IE","IRL"
"IE021",NA,NA,"IE","Dublin","Ireland","IE","IE","IRL"
"IE022",NA,NA,"IE","Mid-East","Ireland","IE","IE","IRL"
"IE023",NA,NA,"IE","Mid-West","Ireland","IE","IE","IRL"
"IE024",NA,NA,"IE","South-East (IE)","Ireland","IE","IE","IRL"
"IE025",NA,NA,"IE","South-West (IE)","Ireland","IE","IE","IRL"
"IS001",NA,NA,"IS","H├Âfu├░borgarsv├ª├░i","Iceland","IS","IS","ISL"
"IS002",NA,NA,"IS","Landsbygg├░","Iceland","IS","IS","ISL"
"ITC11",NA,NA,"IT","Torino","Italy","IT","IT","ITA"
"ITC12",NA,NA,"IT","Vercelli","Italy","IT","IT","ITA"
"ITC13",NA,NA,"IT","Biella","Italy","IT","IT","ITA"
"ITC14",NA,NA,"IT","Verbano-Cusio-Ossola","Italy","IT","IT","ITA"
"ITC15",NA,NA,"IT","Novara","Italy","IT","IT","ITA"
"ITC16",NA,NA,"IT","Cuneo","Italy","IT","IT","ITA"
"ITC17",NA,NA,"IT","Asti","Italy","IT","IT","ITA"
"ITC18",NA,NA,"IT","Alessandria","Italy","IT","IT","ITA"
"ITC20",NA,NA,"IT","Valle d'Aosta/Vall├®e d'Aoste","Italy","IT","IT","ITA"
"ITC31",NA,NA,"IT","Imperia","Italy","IT","IT","ITA"
"ITC32",NA,NA,"IT","Savona","Italy","IT","IT","ITA"
"ITC33",NA,NA,"IT","Genova","Italy","IT","IT","ITA"
"ITC34",NA,NA,"IT","La Spezia","Italy","IT","IT","ITA"
"ITC41",NA,NA,"IT","Varese","Italy","IT","IT","ITA"
"ITC42",NA,NA,"IT","Como","Italy","IT","IT","ITA"
"ITC43",NA,NA,"IT","Lecco","Italy","IT","IT","ITA"
"ITC44",NA,NA,"IT","Sondrio","Italy","IT","IT","ITA"
"ITC46",NA,NA,"IT","Bergamo","Italy","IT","IT","ITA"
"ITC47",NA,NA,"IT","Brescia","Italy","IT","IT","ITA"
"ITC48",NA,NA,"IT","Pavia","Italy","IT","IT","ITA"
"ITC49",NA,NA,"IT","Lodi","Italy","IT","IT","ITA"
"ITC4A",NA,NA,"IT","Cremona","Italy","IT","IT","ITA"
"ITC4B",NA,NA,"IT","Mantova","Italy","IT","IT","ITA"
"ITC4C",NA,NA,"IT","Milano","Italy","IT","IT","ITA"
"ITC4D",NA,NA,"IT","Monza e della Brianza","Italy","IT","IT","ITA"
"ITF11",NA,NA,"IT","L'Aquila","Italy","IT","IT","ITA"
"ITF12",NA,NA,"IT","Teramo","Italy","IT","IT","ITA"
"ITF13",NA,NA,"IT","Pescara","Italy","IT","IT","ITA"
"ITF14",NA,NA,"IT","Chieti","Italy","IT","IT","ITA"
"ITF21",NA,NA,"IT","Isernia","Italy","IT","IT","ITA"
"ITF22",NA,NA,"IT","Campobasso","Italy","IT","IT","ITA"
"ITF31",NA,NA,"IT","Caserta","Italy","IT","IT","ITA"
"ITF32",NA,NA,"IT","Benevento","Italy","IT","IT","ITA"
"ITF33",NA,NA,"IT","Napoli","Italy","IT","IT","ITA"
"ITF34",NA,NA,"IT","Avellino","Italy","IT","IT","ITA"
"ITF35",NA,NA,"IT","Salerno","Italy","IT","IT","ITA"
"ITF43",NA,NA,"IT","Taranto","Italy","IT","IT","ITA"
"ITF44",NA,NA,"IT","Brindisi","Italy","IT","IT","ITA"
"ITF45",NA,NA,"IT","Lecce","Italy","IT","IT","ITA"
"ITF46",NA,NA,"IT","Foggia","Italy","IT","IT","ITA"
"ITF47",NA,NA,"IT","Bari","Italy","IT","IT","ITA"
"ITF48",NA,NA,"IT","Barletta-Andria-Trani","Italy","IT","IT","ITA"
"ITF51",NA,NA,"IT","Potenza","Italy","IT","IT","ITA"
"ITF52",NA,NA,"IT","Matera","Italy","IT","IT","ITA"
"ITF61",NA,NA,"IT","Cosenza","Italy","IT","IT","ITA"
"ITF62",NA,NA,"IT","Crotone","Italy","IT","IT","ITA"
"ITF63",NA,NA,"IT","Catanzaro","Italy","IT","IT","ITA"
"ITF64",NA,NA,"IT","Vibo Valentia","Italy","IT","IT","ITA"
"ITF65",NA,NA,"IT","Reggio di Calabria","Italy","IT","IT","ITA"
"ITG11",NA,NA,"IT","Trapani","Italy","IT","IT","ITA"
"ITG12",NA,NA,"IT","Palermo","Italy","IT","IT","ITA"
"ITG13",NA,NA,"IT","Messina","Italy","IT","IT","ITA"
"ITG14",NA,NA,"IT","Agrigento","Italy","IT","IT","ITA"
"ITG15",NA,NA,"IT","Caltanissetta","Italy","IT","IT","ITA"
"ITG16",NA,NA,"IT","Enna","Italy","IT","IT","ITA"
"ITG17",NA,NA,"IT","Catania","Italy","IT","IT","ITA"
"ITG18",NA,NA,"IT","Ragusa","Italy","IT","IT","ITA"
"ITG19",NA,NA,"IT","Siracusa","Italy","IT","IT","ITA"
"ITG25",NA,NA,"IT","Sassari","Italy","IT","IT","ITA"
"ITG26",NA,NA,"IT","Nuoro","Italy","IT","IT","ITA"
"ITG27",NA,NA,"IT","Cagliari","Italy","IT","IT","ITA"
"ITG28",NA,NA,"IT","Oristano","Italy","IT","IT","ITA"
"ITG29",NA,NA,"IT","Olbia-Tempio","Italy","IT","IT","ITA"
"ITG2A",NA,NA,"IT","Ogliastra","Italy","IT","IT","ITA"
"ITG2B",NA,NA,"IT","Medio Campidano","Italy","IT","IT","ITA"
"ITG2C",NA,NA,"IT","Carbonia-Iglesias","Italy","IT","IT","ITA"
"ITH10",NA,NA,"IT","Bolzano-Bozen","Italy","IT","IT","ITA"
"ITH20",NA,NA,"IT","Trento","Italy","IT","IT","ITA"
"ITH31",NA,NA,"IT","Verona","Italy","IT","IT","ITA"
"ITH32",NA,NA,"IT","Vicenza","Italy","IT","IT","ITA"
"ITH33",NA,NA,"IT","Belluno","Italy","IT","IT","ITA"
"ITH34",NA,NA,"IT","Treviso","Italy","IT","IT","ITA"
"ITH35",NA,NA,"IT","Venezia","Italy","IT","IT","ITA"
"ITH36",NA,NA,"IT","Padova","Italy","IT","IT","ITA"
"ITH37",NA,NA,"IT","Rovigo","Italy","IT","IT","ITA"
"ITH41",NA,NA,"IT","Pordenone","Italy","IT","IT","ITA"
"ITH42",NA,NA,"IT","Udine","Italy","IT","IT","ITA"
"ITH43",NA,NA,"IT","Gorizia","Italy","IT","IT","ITA"
"ITH44",NA,NA,"IT","Trieste","Italy","IT","IT","ITA"
"ITH51",NA,NA,"IT","Piacenza","Italy","IT","IT","ITA"
"ITH52",NA,NA,"IT","Parma","Italy","IT","IT","ITA"
"ITH53",NA,NA,"IT","Reggio nell'Emilia","Italy","IT","IT","ITA"
"ITH54",NA,NA,"IT","Modena","Italy","IT","IT","ITA"
"ITH55",NA,NA,"IT","Bologna","Italy","IT","IT","ITA"
"ITH56",NA,NA,"IT","Ferrara","Italy","IT","IT","ITA"
"ITH57",NA,NA,"IT","Ravenna","Italy","IT","IT","ITA"
"ITH58",NA,NA,"IT","Forl├¼-Cesena","Italy","IT","IT","ITA"
"ITH59",NA,NA,"IT","Rimini","Italy","IT","IT","ITA"
"ITI11",NA,NA,"IT","Massa-Carrara","Italy","IT","IT","ITA"
"ITI12",NA,NA,"IT","Lucca","Italy","IT","IT","ITA"
"ITI13",NA,NA,"IT","Pistoia","Italy","IT","IT","ITA"
"ITI14",NA,NA,"IT","Firenze","Italy","IT","IT","ITA"
"ITI15",NA,NA,"IT","Prato","Italy","IT","IT","ITA"
"ITI16",NA,NA,"IT","Livorno","Italy","IT","IT","ITA"
"ITI17",NA,NA,"IT","Pisa","Italy","IT","IT","ITA"
"ITI18",NA,NA,"IT","Arezzo","Italy","IT","IT","ITA"
"ITI19",NA,NA,"IT","Siena","Italy","IT","IT","ITA"
"ITI1A",NA,NA,"IT","Grosseto","Italy","IT","IT","ITA"
"ITI21",NA,NA,"IT","Perugia","Italy","IT","IT","ITA"
"ITI22",NA,NA,"IT","Terni","Italy","IT","IT","ITA"
"ITI31",NA,NA,"IT","Pesaro e Urbino","Italy","IT","IT","ITA"
"ITI32",NA,NA,"IT","Ancona","Italy","IT","IT","ITA"
"ITI33",NA,NA,"IT","Macerata","Italy","IT","IT","ITA"
"ITI34",NA,NA,"IT","Ascoli Piceno","Italy","IT","IT","ITA"
"ITI35",NA,NA,"IT","Fermo","Italy","IT","IT","ITA"
"ITI41",NA,NA,"IT","Viterbo","Italy","IT","IT","ITA"
"ITI42",NA,NA,"IT","Rieti","Italy","IT","IT","ITA"
"ITI43",NA,NA,"IT","Roma","Italy","IT","IT","ITA"
"ITI44",NA,NA,"IT","Latina","Italy","IT","IT","ITA"
"ITI45",NA,NA,"IT","Frosinone","Italy","IT","IT","ITA"
"LI000",NA,NA,"LI","Liechtenstein","Liechtenstein","LI","LI","LIE"
"LT001",NA,NA,"LT","Alytaus apskritis","Lithuania","LT","LT","LTU"
"LT002",NA,NA,"LT","Kauno apskritis","Lithuania","LT","LT","LTU"
"LT003",NA,NA,"LT","Klaip─ùdos apskritis","Lithuania","LT","LT","LTU"
"LT004",NA,NA,"LT","Marijampol─ùs apskritis","Lithuania","LT","LT","LTU"
"LT005",NA,NA,"LT","Panev─ù┼¥io apskritis","Lithuania","LT","LT","LTU"
"LT006",NA,NA,"LT","┼áiauli┼│ apskritis","Lithuania","LT","LT","LTU"
"LT007",NA,NA,"LT","Taurag─ùs apskritis","Lithuania","LT","LT","LTU"
"LT008",NA,NA,"LT","Tel┼íi┼│ apskritis","Lithuania","LT","LT","LTU"
"LT009",NA,NA,"LT","Utenos apskritis","Lithuania","LT","LT","LTU"
"LT00A",NA,NA,"LT","Vilniaus apskritis","Lithuania","LT","LT","LTU"
"LU000",NA,NA,"LU","Luxembourg","Luxembourg","LU","LU","LUX"
"LV003",NA,NA,"LV","Kurzeme","Latvia","LV","LV","LVA"
"LV005",NA,NA,"LV","Latgale","Latvia","LV","LV","LVA"
"LV006",NA,NA,"LV","R─½ga","Latvia","LV","LV","LVA"
"LV007",NA,NA,"LV","Pier─½ga","Latvia","LV","LV","LVA"
"LV008",NA,NA,"LV","Vidzeme","Latvia","LV","LV","LVA"
"LV009",NA,NA,"LV","Zemgale","Latvia","LV","LV","LVA"
"1627","MDA-20210908-01","Anenii Noi","MDA","Anenii Noi","Moldova (the Republic of)","MD","MD","MDA"
"1628","MDA-20210908-02","Balti","MDA","Balti","Moldova (the Republic of)","MD","MD","MDA"
"1629","MDA-20210908-03","Basarabeasca","MDA","Basarabeasca","Moldova (the Republic of)","MD","MD","MDA"
"1630","MDA-20210908-04","Bender","MDA","Bender","Moldova (the Republic of)","MD","MD","MDA"
"1631","MDA-20210908-05","Briceni","MDA","Briceni","Moldova (the Republic of)","MD","MD","MDA"
"1632","MDA-20210908-06","Cahul","MDA","Cahul","Moldova (the Republic of)","MD","MD","MDA"
"1633","MDA-20210908-07","Calarasi","MDA","Calarasi","Moldova (the Republic of)","MD","MD","MDA"
"1634","MDA-20210908-08","Cantemir","MDA","Cantemir","Moldova (the Republic of)","MD","MD","MDA"
"1635","MDA-20210908-09","Causeni","MDA","Causeni","Moldova (the Republic of)","MD","MD","MDA"
"1636","MDA-20210908-10","Chisinau","MDA","Chisinau","Moldova (the Republic of)","MD","MD","MDA"
"1637","MDA-20210908-11","Cimislia","MDA","Cimislia","Moldova (the Republic of)","MD","MD","MDA"
"1638","MDA-20210908-12","Criuleni","MDA","Criuleni","Moldova (the Republic of)","MD","MD","MDA"
"1639","MDA-20210908-13","Donduseni","MDA","Donduseni","Moldova (the Republic of)","MD","MD","MDA"
"1640","MDA-20210908-14","Drochia","MDA","Drochia","Moldova (the Republic of)","MD","MD","MDA"
"1641","MDA-20210908-15","Dubasari","MDA","Dubasari","Moldova (the Republic of)","MD","MD","MDA"
"1642","MDA-20210908-16","Edinet","MDA","Edinet","Moldova (the Republic of)","MD","MD","MDA"
"1643","MDA-20210908-17","Falesti","MDA","Falesti","Moldova (the Republic of)","MD","MD","MDA"
"1644","MDA-20210908-18","Floresti","MDA","Floresti","Moldova (the Republic of)","MD","MD","MDA"
"1645","MDA-20210908-19","Gagauzia","MDA","Gagauzia","Moldova (the Republic of)","MD","MD","MDA"
"1646","MDA-20210908-20","Glodeni","MDA","Glodeni","Moldova (the Republic of)","MD","MD","MDA"
"1647","MDA-20210908-21","Hincesti","MDA","Hincesti","Moldova (the Republic of)","MD","MD","MDA"
"1648","MDA-20210908-22","Ialoveni","MDA","Ialoveni","Moldova (the Republic of)","MD","MD","MDA"
"1649","MDA-20210908-23","Leova","MDA","Leova","Moldova (the Republic of)","MD","MD","MDA"
"1650","MDA-20210908-24","Nisporeni","MDA","Nisporeni","Moldova (the Republic of)","MD","MD","MDA"
"1651","MDA-20210908-25","Ocnita","MDA","Ocnita","Moldova (the Republic of)","MD","MD","MDA"
"1652","MDA-20210908-26","Orhei","MDA","Orhei","Moldova (the Republic of)","MD","MD","MDA"
"1653","MDA-20210908-27","RIscani","MDA","RIscani","Moldova (the Republic of)","MD","MD","MDA"
"1654","MDA-20210908-28","Rezina","MDA","Rezina","Moldova (the Republic of)","MD","MD","MDA"
"1655","MDA-20210908-29","SIngerei","MDA","SIngerei","Moldova (the Republic of)","MD","MD","MDA"
"1656","MDA-20210908-30","Soldanesti","MDA","Soldanesti","Moldova (the Republic of)","MD","MD","MDA"
"1657","MDA-20210908-31","Soroca","MDA","Soroca","Moldova (the Republic of)","MD","MD","MDA"
"1658","MDA-20210908-32","Stefan Voda","MDA","Stefan Voda","Moldova (the Republic of)","MD","MD","MDA"
"1659","MDA-20210908-33","Straseni","MDA","Straseni","Moldova (the Republic of)","MD","MD","MDA"
"1660","MDA-20210908-34","Taraclia","MDA","Taraclia","Moldova (the Republic of)","MD","MD","MDA"
"1661","MDA-20210908-35","Telenesti","MDA","Telenesti","Moldova (the Republic of)","MD","MD","MDA"
"1662","MDA-20210908-36","Transnistria","MDA","Transnistria","Moldova (the Republic of)","MD","MD","MDA"
"1663","MDA-20210908-37","Ungheni","MDA","Ungheni","Moldova (the Republic of)","MD","MD","MDA"
"ME000",NA,NA,"ME","Crna Gora","Montenegro","ME","ME","MNE"
"MK001",NA,NA,"MK","Vardarski","North Macedonia","MK","MK","MKD"
"MK002",NA,NA,"MK","Isto─ìen","North Macedonia","MK","MK","MKD"
"MK003",NA,NA,"MK","Jugozapaden","North Macedonia","MK","MK","MKD"
"MK004",NA,NA,"MK","Jugoisto─ìen","North Macedonia","MK","MK","MKD"
"MK005",NA,NA,"MK","Pelagoniski","North Macedonia","MK","MK","MKD"
"MK006",NA,NA,"MK","Polo┼íki","North Macedonia","MK","MK","MKD"
"MK007",NA,NA,"MK","Severoisto─ìen","North Macedonia","MK","MK","MKD"
"MK008",NA,NA,"MK","Skopski","North Macedonia","MK","MK","MKD"
"MT001",NA,NA,"MT","Malta","Malta","MT","MT","MLT"
"MT002",NA,NA,"MT","Gozo and Comino / G─ºawdex u Kemmuna","Malta","MT","MT","MLT"
"NL111",NA,NA,"NL","Oost-Groningen","Netherlands (the)","NL","NL","NLD"
"NL112",NA,NA,"NL","Delfzijl en omgeving","Netherlands (the)","NL","NL","NLD"
"NL113",NA,NA,"NL","Overig Groningen","Netherlands (the)","NL","NL","NLD"
"NL121",NA,NA,"NL","Noord-Friesland","Netherlands (the)","NL","NL","NLD"
"NL122",NA,NA,"NL","Zuidwest-Friesland","Netherlands (the)","NL","NL","NLD"
"NL123",NA,NA,"NL","Zuidoost-Friesland","Netherlands (the)","NL","NL","NLD"
"NL131",NA,NA,"NL","Noord-Drenthe","Netherlands (the)","NL","NL","NLD"
"NL132",NA,NA,"NL","Zuidoost-Drenthe","Netherlands (the)","NL","NL","NLD"
"NL133",NA,NA,"NL","Zuidwest-Drenthe","Netherlands (the)","NL","NL","NLD"
"NL211",NA,NA,"NL","Noord-Overijssel","Netherlands (the)","NL","NL","NLD"
"NL212",NA,NA,"NL","Zuidwest-Overijssel","Netherlands (the)","NL","NL","NLD"
"NL213",NA,NA,"NL","Twente","Netherlands (the)","NL","NL","NLD"
"NL221",NA,NA,"NL","Veluwe","Netherlands (the)","NL","NL","NLD"
"NL224",NA,NA,"NL","Zuidwest-Gelderland","Netherlands (the)","NL","NL","NLD"
"NL225",NA,NA,"NL","Achterhoek","Netherlands (the)","NL","NL","NLD"
"NL226",NA,NA,"NL","Arnhem/Nijmegen","Netherlands (the)","NL","NL","NLD"
"NL230",NA,NA,"NL","Flevoland","Netherlands (the)","NL","NL","NLD"
"NL310",NA,NA,"NL","Utrecht","Netherlands (the)","NL","NL","NLD"
"NL321",NA,NA,"NL","Kop van Noord-Holland","Netherlands (the)","NL","NL","NLD"
"NL322",NA,NA,"NL","Alkmaar en omgeving","Netherlands (the)","NL","NL","NLD"
"NL323",NA,NA,"NL","IJmond","Netherlands (the)","NL","NL","NLD"
"NL324",NA,NA,"NL","Agglomeratie Haarlem","Netherlands (the)","NL","NL","NLD"
"NL325",NA,NA,"NL","Zaanstreek","Netherlands (the)","NL","NL","NLD"
"NL326",NA,NA,"NL","Groot-Amsterdam","Netherlands (the)","NL","NL","NLD"
"NL327",NA,NA,"NL","Het Gooi en Vechtstreek","Netherlands (the)","NL","NL","NLD"
"NL332",NA,NA,"NL","Agglomeratie 's-Gravenhage","Netherlands (the)","NL","NL","NLD"
"NL333",NA,NA,"NL","Delft en Westland","Netherlands (the)","NL","NL","NLD"
"NL337",NA,NA,"NL","Agglomeratie Leiden en Bollenstreek","Netherlands (the)","NL","NL","NLD"
"NL338",NA,NA,"NL","Oost-Zuid-Holland","Netherlands (the)","NL","NL","NLD"
"NL339",NA,NA,"NL","Groot-Rijnmond","Netherlands (the)","NL","NL","NLD"
"NL33A",NA,NA,"NL","Zuidoost-Zuid-Holland","Netherlands (the)","NL","NL","NLD"
"NL341",NA,NA,"NL","Zeeuwsch-Vlaanderen","Netherlands (the)","NL","NL","NLD"
"NL342",NA,NA,"NL","Overig Zeeland","Netherlands (the)","NL","NL","NLD"
"NL411",NA,NA,"NL","West-Noord-Brabant","Netherlands (the)","NL","NL","NLD"
"NL412",NA,NA,"NL","Midden-Noord-Brabant","Netherlands (the)","NL","NL","NLD"
"NL413",NA,NA,"NL","Noordoost-Noord-Brabant","Netherlands (the)","NL","NL","NLD"
"NL414",NA,NA,"NL","Zuidoost-Noord-Brabant","Netherlands (the)","NL","NL","NLD"
"NL421",NA,NA,"NL","Noord-Limburg","Netherlands (the)","NL","NL","NLD"
"NL422",NA,NA,"NL","Midden-Limburg","Netherlands (the)","NL","NL","NLD"
"NL423",NA,NA,"NL","Zuid-Limburg","Netherlands (the)","NL","NL","NLD"
"NO011",NA,NA,"NO","Oslo","Norway","NO","NO","NOR"
"NO012",NA,NA,"NO","Akershus","Norway","NO","NO","NOR"
"NO021",NA,NA,"NO","Hedmark","Norway","NO","NO","NOR"
"NO022",NA,NA,"NO","Oppland","Norway","NO","NO","NOR"
"NO031",NA,NA,"NO","├ÿstfold","Norway","NO","NO","NOR"
"NO032",NA,NA,"NO","Buskerud","Norway","NO","NO","NOR"
"NO033",NA,NA,"NO","Vestfold","Norway","NO","NO","NOR"
"NO034",NA,NA,"NO","Telemark","Norway","NO","NO","NOR"
"NO041",NA,NA,"NO","Aust-Agder","Norway","NO","NO","NOR"
"NO042",NA,NA,"NO","Vest-Agder","Norway","NO","NO","NOR"
"NO043",NA,NA,"NO","Rogaland","Norway","NO","NO","NOR"
"NO051",NA,NA,"NO","Hordaland","Norway","NO","NO","NOR"
"NO052",NA,NA,"NO","Sogn og Fjordane","Norway","NO","NO","NOR"
"NO053",NA,NA,"NO","M├©re og Romsdal","Norway","NO","NO","NOR"
"NO061",NA,NA,"NO","S├©r-Tr├©ndelag","Norway","NO","NO","NOR"
"NO062",NA,NA,"NO","Nord-Tr├©ndelag","Norway","NO","NO","NOR"
"NO071",NA,NA,"NO","Nordland","Norway","NO","NO","NOR"
"NO072",NA,NA,"NO","Troms","Norway","NO","NO","NOR"
"NO073",NA,NA,"NO","Finnmark","Norway","NO","NO","NOR"
"PL113",NA,NA,"PL","Miasto ┼ü├│d┼║","Poland","PL","PL","POL"
"PL114",NA,NA,"PL","┼ü├│dzki","Poland","PL","PL","POL"
"PL115",NA,NA,"PL","Piotrkowski","Poland","PL","PL","POL"
"PL116",NA,NA,"PL","Sieradzki","Poland","PL","PL","POL"
"PL117",NA,NA,"PL","Skierniewicki","Poland","PL","PL","POL"
"PL121",NA,NA,"PL","Ciechanowsko-p┼éocki","Poland","PL","PL","POL"
"PL122",NA,NA,"PL","Ostro┼é─Öcko-siedlecki","Poland","PL","PL","POL"
"PL127",NA,NA,"PL","Miasto Warszawa","Poland","PL","PL","POL"
"PL128",NA,NA,"PL","Radomski","Poland","PL","PL","POL"
"PL129",NA,NA,"PL","Warszawski-wschodni","Poland","PL","PL","POL"
"PL12A",NA,NA,"PL","Warszawski-zachodni","Poland","PL","PL","POL"
"PL213",NA,NA,"PL","Miasto Krak├│w","Poland","PL","PL","POL"
"PL214",NA,NA,"PL","Krakowski","Poland","PL","PL","POL"
"PL215",NA,NA,"PL","Nowos─àdecki","Poland","PL","PL","POL"
"PL216",NA,NA,"PL","O┼øwi─Öcimski","Poland","PL","PL","POL"
"PL217",NA,NA,"PL","Tarnowski","Poland","PL","PL","POL"
"PL224",NA,NA,"PL","Cz─Östochowski","Poland","PL","PL","POL"
"PL225",NA,NA,"PL","Bielski","Poland","PL","PL","POL"
"PL227",NA,NA,"PL","Rybnicki","Poland","PL","PL","POL"
"PL228",NA,NA,"PL","Bytomski","Poland","PL","PL","POL"
"PL229",NA,NA,"PL","Gliwicki","Poland","PL","PL","POL"
"PL22A",NA,NA,"PL","Katowicki","Poland","PL","PL","POL"
"PL22B",NA,NA,"PL","Sosnowiecki","Poland","PL","PL","POL"
"PL22C",NA,NA,"PL","Tyski","Poland","PL","PL","POL"
"PL311",NA,NA,"PL","Bialski","Poland","PL","PL","POL"
"PL312",NA,NA,"PL","Che┼émsko-zamojski","Poland","PL","PL","POL"
"PL314",NA,NA,"PL","Lubelski","Poland","PL","PL","POL"
"PL315",NA,NA,"PL","Pu┼éawski","Poland","PL","PL","POL"
"PL323",NA,NA,"PL","Kro┼ønie┼äski","Poland","PL","PL","POL"
"PL324",NA,NA,"PL","Przemyski","Poland","PL","PL","POL"
"PL325",NA,NA,"PL","Rzeszowski","Poland","PL","PL","POL"
"PL326",NA,NA,"PL","Tarnobrzeski","Poland","PL","PL","POL"
"PL331",NA,NA,"PL","Kielecki","Poland","PL","PL","POL"
"PL332",NA,NA,"PL","Sandomiersko-j─Ödrzejowski","Poland","PL","PL","POL"
"PL343",NA,NA,"PL","Bia┼éostocki","Poland","PL","PL","POL"
"PL344",NA,NA,"PL","┼üom┼╝y┼äski","Poland","PL","PL","POL"
"PL345",NA,NA,"PL","Suwalski","Poland","PL","PL","POL"
"PL411",NA,NA,"PL","Pilski","Poland","PL","PL","POL"
"PL414",NA,NA,"PL","Koni┼äski","Poland","PL","PL","POL"
"PL415",NA,NA,"PL","Miasto Pozna┼ä","Poland","PL","PL","POL"
"PL416",NA,NA,"PL","Kaliski","Poland","PL","PL","POL"
"PL417",NA,NA,"PL","Leszczy┼äski","Poland","PL","PL","POL"
"PL418",NA,NA,"PL","Pozna┼äski","Poland","PL","PL","POL"
"PL422",NA,NA,"PL","Koszali┼äski","Poland","PL","PL","POL"
"PL423",NA,NA,"PL","Stargardzki","Poland","PL","PL","POL"
"PL424",NA,NA,"PL","Miasto Szczecin","Poland","PL","PL","POL"
"PL425",NA,NA,"PL","Szczeci┼äski","Poland","PL","PL","POL"
"PL431",NA,NA,"PL","Gorzowski","Poland","PL","PL","POL"
"PL432",NA,NA,"PL","Zielonog├│rski","Poland","PL","PL","POL"
"PL514",NA,NA,"PL","Miasto Wroc┼éaw","Poland","PL","PL","POL"
"PL515",NA,NA,"PL","Jeleniog├│rski","Poland","PL","PL","POL"
"PL516",NA,NA,"PL","Legnicko-G┼éogowski","Poland","PL","PL","POL"
"PL517",NA,NA,"PL","Wa┼ébrzyski","Poland","PL","PL","POL"
"PL518",NA,NA,"PL","Wroc┼éawski","Poland","PL","PL","POL"
"PL521",NA,NA,"PL","Nyski","Poland","PL","PL","POL"
"PL522",NA,NA,"PL","Opolski","Poland","PL","PL","POL"
"PL613",NA,NA,"PL","Bydgosko-Toru┼äski","Poland","PL","PL","POL"
"PL614",NA,NA,"PL","Grudzi─àdzki","Poland","PL","PL","POL"
"PL615",NA,NA,"PL","W┼éoc┼éawski","Poland","PL","PL","POL"
"PL621",NA,NA,"PL","Elbl─àski","Poland","PL","PL","POL"
"PL622",NA,NA,"PL","Olszty┼äski","Poland","PL","PL","POL"
"PL623",NA,NA,"PL","E┼écki","Poland","PL","PL","POL"
"PL631",NA,NA,"PL","S┼éupski","Poland","PL","PL","POL"
"PL633",NA,NA,"PL","Tr├│jmiejski","Poland","PL","PL","POL"
"PL634",NA,NA,"PL","Gda┼äski","Poland","PL","PL","POL"
"PL635",NA,NA,"PL","Starogardzki","Poland","PL","PL","POL"
"PT111",NA,NA,"PT","Minho-Lima","Portugal","PT","PT","PRT"
"PT112",NA,NA,"PT","C├ívado","Portugal","PT","PT","PRT"
"PT113",NA,NA,"PT","Ave","Portugal","PT","PT","PRT"
"PT114",NA,NA,"PT","Grande Porto","Portugal","PT","PT","PRT"
"PT115",NA,NA,"PT","T├ómega","Portugal","PT","PT","PRT"
"PT116",NA,NA,"PT","Entre Douro e Vouga","Portugal","PT","PT","PRT"
"PT117",NA,NA,"PT","Douro","Portugal","PT","PT","PRT"
"PT118",NA,NA,"PT","Alto Tr├ís-os-Montes","Portugal","PT","PT","PRT"
"PT150",NA,NA,"PT","Algarve","Portugal","PT","PT","PRT"
"PT161",NA,NA,"PT","Baixo Vouga","Portugal","PT","PT","PRT"
"PT162",NA,NA,"PT","Baixo Mondego","Portugal","PT","PT","PRT"
"PT163",NA,NA,"PT","Pinhal Litoral","Portugal","PT","PT","PRT"
"PT164",NA,NA,"PT","Pinhal Interior Norte","Portugal","PT","PT","PRT"
"PT165",NA,NA,"PT","D├úo-Laf├Áes","Portugal","PT","PT","PRT"
"PT166",NA,NA,"PT","Pinhal Interior Sul","Portugal","PT","PT","PRT"
"PT167",NA,NA,"PT","Serra da Estrela","Portugal","PT","PT","PRT"
"PT168",NA,NA,"PT","Beira Interior Norte","Portugal","PT","PT","PRT"
"PT169",NA,NA,"PT","Beira Interior Sul","Portugal","PT","PT","PRT"
"PT16A",NA,NA,"PT","Cova da Beira","Portugal","PT","PT","PRT"
"PT16B",NA,NA,"PT","Oeste","Portugal","PT","PT","PRT"
"PT16C",NA,NA,"PT","M├®dio Tejo","Portugal","PT","PT","PRT"
"PT171",NA,NA,"PT","Grande Lisboa","Portugal","PT","PT","PRT"
"PT172",NA,NA,"PT","Pen├¡nsula de Set├║bal","Portugal","PT","PT","PRT"
"PT181",NA,NA,"PT","Alentejo Litoral","Portugal","PT","PT","PRT"
"PT182",NA,NA,"PT","Alto Alentejo","Portugal","PT","PT","PRT"
"PT183",NA,NA,"PT","Alentejo Central","Portugal","PT","PT","PRT"
"PT184",NA,NA,"PT","Baixo Alentejo","Portugal","PT","PT","PRT"
"PT185",NA,NA,"PT","Lez├¡ria do Tejo","Portugal","PT","PT","PRT"
"PT200",NA,NA,"PT","Regi├úo Aut├│noma dos A├ºores","Portugal","PT","PT","PRT"
"PT300",NA,NA,"PT","Regi├úo Aut├│noma da Madeira","Portugal","PT","PT","PRT"
"RO111",NA,NA,"RO","Bihor","Romania","RO","RO","ROU"
"RO112",NA,NA,"RO","Bistri┼úa-N─âs─âud","Romania","RO","RO","ROU"
"RO113",NA,NA,"RO","Cluj","Romania","RO","RO","ROU"
"RO114",NA,NA,"RO","Maramure┼ƒ","Romania","RO","RO","ROU"
"RO115",NA,NA,"RO","Satu Mare","Romania","RO","RO","ROU"
"RO116",NA,NA,"RO","S─âlaj","Romania","RO","RO","ROU"
"RO121",NA,NA,"RO","Alba","Romania","RO","RO","ROU"
"RO122",NA,NA,"RO","Bra┼ƒov","Romania","RO","RO","ROU"
"RO123",NA,NA,"RO","Covasna","Romania","RO","RO","ROU"
"RO124",NA,NA,"RO","Harghita","Romania","RO","RO","ROU"
"RO125",NA,NA,"RO","Mure┼ƒ","Romania","RO","RO","ROU"
"RO126",NA,NA,"RO","Sibiu","Romania","RO","RO","ROU"
"RO211",NA,NA,"RO","Bac─âu","Romania","RO","RO","ROU"
"RO212",NA,NA,"RO","Boto┼ƒani","Romania","RO","RO","ROU"
"RO213",NA,NA,"RO","Ia┼ƒi","Romania","RO","RO","ROU"
"RO214",NA,NA,"RO","Neam┼ú","Romania","RO","RO","ROU"
"RO215",NA,NA,"RO","Suceava","Romania","RO","RO","ROU"
"RO216",NA,NA,"RO","Vaslui","Romania","RO","RO","ROU"
"RO221",NA,NA,"RO","Br─âila","Romania","RO","RO","ROU"
"RO222",NA,NA,"RO","Buz─âu","Romania","RO","RO","ROU"
"RO223",NA,NA,"RO","Constan┼úa","Romania","RO","RO","ROU"
"RO224",NA,NA,"RO","Gala┼úi","Romania","RO","RO","ROU"
"RO225",NA,NA,"RO","Tulcea","Romania","RO","RO","ROU"
"RO226",NA,NA,"RO","Vrancea","Romania","RO","RO","ROU"
"RO311",NA,NA,"RO","Arge┼ƒ","Romania","RO","RO","ROU"
"RO312",NA,NA,"RO","C─âl─âra┼ƒi","Romania","RO","RO","ROU"
"RO313",NA,NA,"RO","D├ómbovi┼úa","Romania","RO","RO","ROU"
"RO314",NA,NA,"RO","Giurgiu","Romania","RO","RO","ROU"
"RO315",NA,NA,"RO","Ialomi┼úa","Romania","RO","RO","ROU"
"RO316",NA,NA,"RO","Prahova","Romania","RO","RO","ROU"
"RO317",NA,NA,"RO","Teleorman","Romania","RO","RO","ROU"
"RO321",NA,NA,"RO","Bucure┼ƒti","Romania","RO","RO","ROU"
"RO322",NA,NA,"RO","Ilfov","Romania","RO","RO","ROU"
"RO411",NA,NA,"RO","Dolj","Romania","RO","RO","ROU"
"RO412",NA,NA,"RO","Gorj","Romania","RO","RO","ROU"
"RO413",NA,NA,"RO","Mehedin┼úi","Romania","RO","RO","ROU"
"RO414",NA,NA,"RO","Olt","Romania","RO","RO","ROU"
"RO415",NA,NA,"RO","V├ólcea","Romania","RO","RO","ROU"
"RO421",NA,NA,"RO","Arad","Romania","RO","RO","ROU"
"RO422",NA,NA,"RO","Cara┼ƒ-Severin","Romania","RO","RO","ROU"
"RO423",NA,NA,"RO","Hunedoara","Romania","RO","RO","ROU"
"RO424",NA,NA,"RO","Timi┼ƒ","Romania","RO","RO","ROU"
"SE110",NA,NA,"SE","Stockholms l├ñn","Sweden","SE","SE","SWE"
"SE121",NA,NA,"SE","Uppsala l├ñn","Sweden","SE","SE","SWE"
"SE122",NA,NA,"SE","S├Âdermanlands l├ñn","Sweden","SE","SE","SWE"
"SE123",NA,NA,"SE","├ûsterg├Âtlands l├ñn","Sweden","SE","SE","SWE"
"SE124",NA,NA,"SE","├ûrebro l├ñn","Sweden","SE","SE","SWE"
"SE125",NA,NA,"SE","V├ñstmanlands l├ñn","Sweden","SE","SE","SWE"
"SE211",NA,NA,"SE","J├Ânk├Âpings l├ñn","Sweden","SE","SE","SWE"
"SE212",NA,NA,"SE","Kronobergs l├ñn","Sweden","SE","SE","SWE"
"SE213",NA,NA,"SE","Kalmar l├ñn","Sweden","SE","SE","SWE"
"SE214",NA,NA,"SE","Gotlands l├ñn","Sweden","SE","SE","SWE"
"SE221",NA,NA,"SE","Blekinge l├ñn","Sweden","SE","SE","SWE"
"SE224",NA,NA,"SE","Sk├Ñne l├ñn","Sweden","SE","SE","SWE"
"SE231",NA,NA,"SE","Hallands l├ñn","Sweden","SE","SE","SWE"
"SE232",NA,NA,"SE","V├ñstra G├Âtalands l├ñn","Sweden","SE","SE","SWE"
"SE311",NA,NA,"SE","V├ñrmlands l├ñn","Sweden","SE","SE","SWE"
"SE312",NA,NA,"SE","Dalarnas l├ñn","Sweden","SE","SE","SWE"
"SE313",NA,NA,"SE","G├ñvleborgs l├ñn","Sweden","SE","SE","SWE"
"SE321",NA,NA,"SE","V├ñsternorrlands l├ñn","Sweden","SE","SE","SWE"
"SE322",NA,NA,"SE","J├ñmtlands l├ñn","Sweden","SE","SE","SWE"
"SE331",NA,NA,"SE","V├ñsterbottens l├ñn","Sweden","SE","SE","SWE"
"SE332",NA,NA,"SE","Norrbottens l├ñn","Sweden","SE","SE","SWE"
"SI011",NA,NA,"SI","Pomurska","Slovenia","SI","SI","SVN"
"SI012",NA,NA,"SI","Podravska","Slovenia","SI","SI","SVN"
"SI013",NA,NA,"SI","Koro┼íka","Slovenia","SI","SI","SVN"
"SI014",NA,NA,"SI","Savinjska","Slovenia","SI","SI","SVN"
"SI015",NA,NA,"SI","Zasavska","Slovenia","SI","SI","SVN"
"SI016",NA,NA,"SI","Spodnjeposavska","Slovenia","SI","SI","SVN"
"SI017",NA,NA,"SI","Jugovzhodna Slovenija","Slovenia","SI","SI","SVN"
"SI018",NA,NA,"SI","Notranjsko-kra┼íka","Slovenia","SI","SI","SVN"
"SI021",NA,NA,"SI","Osrednjeslovenska","Slovenia","SI","SI","SVN"
"SI022",NA,NA,"SI","Gorenjska","Slovenia","SI","SI","SVN"
"SI023",NA,NA,"SI","Gori┼íka","Slovenia","SI","SI","SVN"
"SI024",NA,NA,"SI","Obalno-kra┼íka","Slovenia","SI","SI","SVN"
"SK010",NA,NA,"SK","Bratislavsk├¢ kraj","Slovakia","SK","SK","SVK"
"SK021",NA,NA,"SK","Trnavsk├¢ kraj","Slovakia","SK","SK","SVK"
"SK022",NA,NA,"SK","Tren─ìiansky kraj","Slovakia","SK","SK","SVK"
"SK023",NA,NA,"SK","Nitriansky kraj","Slovakia","SK","SK","SVK"
"SK031",NA,NA,"SK","┼¢ilinsk├¢ kraj","Slovakia","SK","SK","SVK"
"SK032",NA,NA,"SK","Banskobystrick├¢ kraj","Slovakia","SK","SK","SVK"
"SK041",NA,NA,"SK","Pre┼íovsk├¢ kraj","Slovakia","SK","SK","SVK"
"SK042",NA,NA,"SK","Ko┼íick├¢ kraj","Slovakia","SK","SK","SVK"
"3264","XKX-20210524-1","District of Ferizaj","SRB","District of Ferizaj","Serbia","RS","RS","SRB"
"3265","XKX-20210524-2","District of Gjakova","SRB","District of Gjakova","Serbia","RS","RS","SRB"
"3266","XKX-20210524-3","District of Gjilan","SRB","District of Gjilan","Serbia","RS","RS","SRB"
"3267","XKX-20210524-4","District of Mitrovica","SRB","District of Mitrovica","Serbia","RS","RS","SRB"
"3268","XKX-20210524-5","District of Peja","SRB","District of Peja","Serbia","RS","RS","SRB"
"3269","XKX-20210524-6","District of Prishtina","SRB","District of Prishtina","Serbia","RS","RS","SRB"
"3270","XKX-20210524-7","District of Prizren","SRB","District of Prizren","Serbia","RS","RS","SRB"
"RS110",NA,NA,"SRB","City of Belgrade","Serbia","RS","RS","SRB"
"RS121",NA,NA,"SRB","Zapadnoba├ä┬ìka oblast","Serbia","RS","RS","SRB"
"RS122",NA,NA,"SRB","Ju├à┬¥nobanatska oblast","Serbia","RS","RS","SRB"
"RS123",NA,NA,"SRB","Ju├à┬¥noba├ä┬ìka oblast","Serbia","RS","RS","SRB"
"RS124",NA,NA,"SRB","Severnobanatska oblast","Serbia","RS","RS","SRB"
"RS125",NA,NA,"SRB","Severnoba├ä┬ìka oblast","Serbia","RS","RS","SRB"
"RS126",NA,NA,"SRB","Srednjobanatska oblast","Serbia","RS","RS","SRB"
"RS127",NA,NA,"SRB","Sremska oblast","Serbia","RS","RS","SRB"
"RS211",NA,NA,"SRB","Zlatiborska oblast","Serbia","RS","RS","SRB"
"RS212",NA,NA,"SRB","Kolubarska oblast","Serbia","RS","RS","SRB"
"RS213",NA,NA,"SRB","Ma├ä┬ìvanska oblast","Serbia","RS","RS","SRB"
"RS214",NA,NA,"SRB","Moravi├ä┬ìka oblast","Serbia","RS","RS","SRB"
"RS215",NA,NA,"SRB","Pomoravska oblast","Serbia","RS","RS","SRB"
"RS216",NA,NA,"SRB","Rasinska oblast","Serbia","RS","RS","SRB"
"RS217",NA,NA,"SRB","Ra├à┬íka oblast","Serbia","RS","RS","SRB"
"RS218",NA,NA,"SRB","├à┬áumadijska oblast","Serbia","RS","RS","SRB"
"RS221",NA,NA,"SRB","Borska oblast","Serbia","RS","RS","SRB"
"RS222",NA,NA,"SRB","Brani├ä┬ìevska oblast","Serbia","RS","RS","SRB"
"RS223",NA,NA,"SRB","Zaje├ä┬ìarska oblast","Serbia","RS","RS","SRB"
"RS224",NA,NA,"SRB","Jablani├ä┬ìka oblast","Serbia","RS","RS","SRB"
"RS225",NA,NA,"SRB","Ni├à┬íavska oblast","Serbia","RS","RS","SRB"
"RS226",NA,NA,"SRB","Pirotska oblast","Serbia","RS","RS","SRB"
"RS227",NA,NA,"SRB","Podunavska oblast","Serbia","RS","RS","SRB"
"RS228",NA,NA,"SRB","P├ä┬ìinjska oblast","Serbia","RS","RS","SRB"
"RS229",NA,NA,"SRB","Topli├ä┬ìka oblast","Serbia","RS","RS","SRB"
"TR100",NA,NA,"TR","─░stanbul","Turkey","TR","TR","TUR"
"TR211",NA,NA,"TR","Tekirda─ƒ","Turkey","TR","TR","TUR"
"TR212",NA,NA,"TR","Edirne","Turkey","TR","TR","TUR"
"TR213",NA,NA,"TR","K─▒rklareli","Turkey","TR","TR","TUR"
"TR221",NA,NA,"TR","Bal─▒kesir","Turkey","TR","TR","TUR"
"TR222",NA,NA,"TR","├çanakkale","Turkey","TR","TR","TUR"
"TR310",NA,NA,"TR","─░zmir","Turkey","TR","TR","TUR"
"TR321",NA,NA,"TR","Ayd─▒n","Turkey","TR","TR","TUR"
"TR322",NA,NA,"TR","Denizli","Turkey","TR","TR","TUR"
"TR323",NA,NA,"TR","Mu─ƒla","Turkey","TR","TR","TUR"
"TR331",NA,NA,"TR","Manisa","Turkey","TR","TR","TUR"
"TR332",NA,NA,"TR","Afyon","Turkey","TR","TR","TUR"
"TR333",NA,NA,"TR","K├╝tahya","Turkey","TR","TR","TUR"
"TR334",NA,NA,"TR","U┼ƒak","Turkey","TR","TR","TUR"
"TR411",NA,NA,"TR","Bursa","Turkey","TR","TR","TUR"
"TR412",NA,NA,"TR","Eski┼ƒehir","Turkey","TR","TR","TUR"
"TR413",NA,NA,"TR","Bilecik","Turkey","TR","TR","TUR"
"TR421",NA,NA,"TR","Kocaeli","Turkey","TR","TR","TUR"
"TR422",NA,NA,"TR","Sakarya","Turkey","TR","TR","TUR"
"TR423",NA,NA,"TR","D├╝zce","Turkey","TR","TR","TUR"
"TR424",NA,NA,"TR","Bolu","Turkey","TR","TR","TUR"
"TR425",NA,NA,"TR","Yalova","Turkey","TR","TR","TUR"
"TR510",NA,NA,"TR","Ankara","Turkey","TR","TR","TUR"
"TR521",NA,NA,"TR","Konya","Turkey","TR","TR","TUR"
"TR522",NA,NA,"TR","Karaman","Turkey","TR","TR","TUR"
"TR611",NA,NA,"TR","Antalya","Turkey","TR","TR","TUR"
"TR612",NA,NA,"TR","Isparta","Turkey","TR","TR","TUR"
"TR613",NA,NA,"TR","Burdur","Turkey","TR","TR","TUR"
"TR621",NA,NA,"TR","Adana","Turkey","TR","TR","TUR"
"TR622",NA,NA,"TR","─░├ºel","Turkey","TR","TR","TUR"
"TR631",NA,NA,"TR","Hatay","Turkey","TR","TR","TUR"
"TR632",NA,NA,"TR","Kahramanmara┼ƒ","Turkey","TR","TR","TUR"
"TR633",NA,NA,"TR","Osmaniye","Turkey","TR","TR","TUR"
"TR711",NA,NA,"TR","K─▒r─▒kkale","Turkey","TR","TR","TUR"
"TR712",NA,NA,"TR","Aksaray","Turkey","TR","TR","TUR"
"TR713",NA,NA,"TR","Ni─ƒde","Turkey","TR","TR","TUR"
"TR714",NA,NA,"TR","Nev┼ƒehir","Turkey","TR","TR","TUR"
"TR715",NA,NA,"TR","K─▒r┼ƒehir","Turkey","TR","TR","TUR"
"TR721",NA,NA,"TR","Kayseri","Turkey","TR","TR","TUR"
"TR722",NA,NA,"TR","Sivas","Turkey","TR","TR","TUR"
"TR723",NA,NA,"TR","Yozgat","Turkey","TR","TR","TUR"
"TR811",NA,NA,"TR","Zonguldak","Turkey","TR","TR","TUR"
"TR812",NA,NA,"TR","Karab├╝k","Turkey","TR","TR","TUR"
"TR813",NA,NA,"TR","Bart─▒n","Turkey","TR","TR","TUR"
"TR821",NA,NA,"TR","Kastamonu","Turkey","TR","TR","TUR"
"TR822",NA,NA,"TR","├çank─▒r─▒","Turkey","TR","TR","TUR"
"TR823",NA,NA,"TR","Sinop","Turkey","TR","TR","TUR"
"TR831",NA,NA,"TR","Samsun","Turkey","TR","TR","TUR"
"TR832",NA,NA,"TR","Tokat","Turkey","TR","TR","TUR"
"TR833",NA,NA,"TR","├çorum","Turkey","TR","TR","TUR"
"TR834",NA,NA,"TR","Amasya","Turkey","TR","TR","TUR"
"TR901",NA,NA,"TR","Trabzon","Turkey","TR","TR","TUR"
"TR902",NA,NA,"TR","Ordu","Turkey","TR","TR","TUR"
"TR903",NA,NA,"TR","Giresun","Turkey","TR","TR","TUR"
"TR904",NA,NA,"TR","Rize","Turkey","TR","TR","TUR"
"TR905",NA,NA,"TR","Artvin","Turkey","TR","TR","TUR"
"TR906",NA,NA,"TR","G├╝m├╝┼ƒhane","Turkey","TR","TR","TUR"
"TRA11",NA,NA,"TR","Erzurum","Turkey","TR","TR","TUR"
"TRA12",NA,NA,"TR","Erzincan","Turkey","TR","TR","TUR"
"TRA13",NA,NA,"TR","Bayburt","Turkey","TR","TR","TUR"
"TRA21",NA,NA,"TR","A─ƒr─▒","Turkey","TR","TR","TUR"
"TRA22",NA,NA,"TR","Kars","Turkey","TR","TR","TUR"
"TRA23",NA,NA,"TR","I─ƒd─▒r","Turkey","TR","TR","TUR"
"TRA24",NA,NA,"TR","Ardahan","Turkey","TR","TR","TUR"
"TRB11",NA,NA,"TR","Malatya","Turkey","TR","TR","TUR"
"TRB12",NA,NA,"TR","Elaz─▒─ƒ","Turkey","TR","TR","TUR"
"TRB13",NA,NA,"TR","Bing├Âl","Turkey","TR","TR","TUR"
"TRB14",NA,NA,"TR","Tunceli","Turkey","TR","TR","TUR"
"TRB21",NA,NA,"TR","Van","Turkey","TR","TR","TUR"
"TRB22",NA,NA,"TR","Mu┼ƒ","Turkey","TR","TR","TUR"
"TRB23",NA,NA,"TR","Bitlis","Turkey","TR","TR","TUR"
"TRB24",NA,NA,"TR","Hakkari","Turkey","TR","TR","TUR"
"TRC11",NA,NA,"TR","Gaziantep","Turkey","TR","TR","TUR"
"TRC12",NA,NA,"TR","Ad─▒yaman","Turkey","TR","TR","TUR"
"TRC13",NA,NA,"TR","Kilis","Turkey","TR","TR","TUR"
"TRC21",NA,NA,"TR","┼×anl─▒urfa","Turkey","TR","TR","TUR"
"TRC22",NA,NA,"TR","Diyarbak─▒r","Turkey","TR","TR","TUR"
"TRC31",NA,NA,"TR","Mardin","Turkey","TR","TR","TUR"
"TRC32",NA,NA,"TR","Batman","Turkey","TR","TR","TUR"
"TRC33",NA,NA,"TR","┼×─▒rnak","Turkey","TR","TR","TUR"
"TRC34",NA,NA,"TR","Siirt","Turkey","TR","TR","TUR"
"UKC11",NA,NA,"UK","Hartlepool and Stockton-on-Tees","United Kingdom","UK","GB","GBR"
"UKC12",NA,NA,"UK","South Teesside","United Kingdom","UK","GB","GBR"
"UKC13",NA,NA,"UK","Darlington","United Kingdom","UK","GB","GBR"
"UKC14",NA,NA,"UK","Durham CC","United Kingdom","UK","GB","GBR"
"UKC21",NA,NA,"UK","Northumberland","United Kingdom","UK","GB","GBR"
"UKC22",NA,NA,"UK","Tyneside","United Kingdom","UK","GB","GBR"
"UKC23",NA,NA,"UK","Sunderland","United Kingdom","UK","GB","GBR"
"UKD11",NA,NA,"UK","West Cumbria","United Kingdom","UK","GB","GBR"
"UKD12",NA,NA,"UK","East Cumbria","United Kingdom","UK","GB","GBR"
"UKD31",NA,NA,"UK","Greater Manchester South","United Kingdom","UK","GB","GBR"
"UKD32",NA,NA,"UK","Greater Manchester North","United Kingdom","UK","GB","GBR"
"UKD41",NA,NA,"UK","Blackburn with Darwen","United Kingdom","UK","GB","GBR"
"UKD42",NA,NA,"UK","Blackpool","United Kingdom","UK","GB","GBR"
"UKD43",NA,NA,"UK","Lancashire CC","United Kingdom","UK","GB","GBR"
"UKD61",NA,NA,"UK","Warrington","United Kingdom","UK","GB","GBR"
"UKD62",NA,NA,"UK","Cheshire East","United Kingdom","UK","GB","GBR"
"UKD63",NA,NA,"UK","Cheshire West and Chester","United Kingdom","UK","GB","GBR"
"UKD71",NA,NA,"UK","East Merseyside","United Kingdom","UK","GB","GBR"
"UKD72",NA,NA,"UK","Liverpool","United Kingdom","UK","GB","GBR"
"UKD73",NA,NA,"UK","Sefton","United Kingdom","UK","GB","GBR"
"UKD74",NA,NA,"UK","Wirral","United Kingdom","UK","GB","GBR"
"UKE11",NA,NA,"UK","Kingston upon Hull, City of","United Kingdom","UK","GB","GBR"
"UKE12",NA,NA,"UK","East Riding of Yorkshire","United Kingdom","UK","GB","GBR"
"UKE13",NA,NA,"UK","North and North East Lincolnshire","United Kingdom","UK","GB","GBR"
"UKE21",NA,NA,"UK","York","United Kingdom","UK","GB","GBR"
"UKE22",NA,NA,"UK","North Yorkshire CC","United Kingdom","UK","GB","GBR"
"UKE31",NA,NA,"UK","Barnsley, Doncaster and Rotherham","United Kingdom","UK","GB","GBR"
"UKE32",NA,NA,"UK","Sheffield","United Kingdom","UK","GB","GBR"
"UKE41",NA,NA,"UK","Bradford","United Kingdom","UK","GB","GBR"
"UKE42",NA,NA,"UK","Leeds","United Kingdom","UK","GB","GBR"
"UKE44",NA,NA,"UK","Calderdale and Kirklees","United Kingdom","UK","GB","GBR"
"UKE45",NA,NA,"UK","Wakefield","United Kingdom","UK","GB","GBR"
"UKF11",NA,NA,"UK","Derby","United Kingdom","UK","GB","GBR"
"UKF12",NA,NA,"UK","East Derbyshire","United Kingdom","UK","GB","GBR"
"UKF13",NA,NA,"UK","South and West Derbyshire","United Kingdom","UK","GB","GBR"
"UKF14",NA,NA,"UK","Nottingham","United Kingdom","UK","GB","GBR"
"UKF15",NA,NA,"UK","North Nottinghamshire","United Kingdom","UK","GB","GBR"
"UKF16",NA,NA,"UK","South Nottinghamshire","United Kingdom","UK","GB","GBR"
"UKF21",NA,NA,"UK","Leicester","United Kingdom","UK","GB","GBR"
"UKF22",NA,NA,"UK","Leicestershire CC and Rutland","United Kingdom","UK","GB","GBR"
"UKF24",NA,NA,"UK","West Northamptonshire","United Kingdom","UK","GB","GBR"
"UKF25",NA,NA,"UK","North Northamptonshire","United Kingdom","UK","GB","GBR"
"UKF30",NA,NA,"UK","Lincolnshire","United Kingdom","UK","GB","GBR"
"UKG11",NA,NA,"UK","Herefordshire, County of","United Kingdom","UK","GB","GBR"
"UKG12",NA,NA,"UK","Worcestershire","United Kingdom","UK","GB","GBR"
"UKG13",NA,NA,"UK","Warwickshire","United Kingdom","UK","GB","GBR"
"UKG21",NA,NA,"UK","Telford and Wrekin","United Kingdom","UK","GB","GBR"
"UKG22",NA,NA,"UK","Shropshire CC","United Kingdom","UK","GB","GBR"
"UKG23",NA,NA,"UK","Stoke-on-Trent","United Kingdom","UK","GB","GBR"
"UKG24",NA,NA,"UK","Staffordshire CC","United Kingdom","UK","GB","GBR"
"UKG31",NA,NA,"UK","Birmingham","United Kingdom","UK","GB","GBR"
"UKG32",NA,NA,"UK","Solihull","United Kingdom","UK","GB","GBR"
"UKG33",NA,NA,"UK","Coventry","United Kingdom","UK","GB","GBR"
"UKG36",NA,NA,"UK","Dudley","United Kingdom","UK","GB","GBR"
"UKG37",NA,NA,"UK","Sandwell","United Kingdom","UK","GB","GBR"
"UKG38",NA,NA,"UK","Walsall","United Kingdom","UK","GB","GBR"
"UKG39",NA,NA,"UK","Wolverhampton","United Kingdom","UK","GB","GBR"
"UKH11",NA,NA,"UK","Peterborough","United Kingdom","UK","GB","GBR"
"UKH12",NA,NA,"UK","Cambridgeshire CC","United Kingdom","UK","GB","GBR"
"UKH13",NA,NA,"UK","Norfolk","United Kingdom","UK","GB","GBR"
"UKH14",NA,NA,"UK","Suffolk","United Kingdom","UK","GB","GBR"
"UKH21",NA,NA,"UK","Luton","United Kingdom","UK","GB","GBR"
"UKH23",NA,NA,"UK","Hertfordshire","United Kingdom","UK","GB","GBR"
"UKH24",NA,NA,"UK","Bedford","United Kingdom","UK","GB","GBR"
"UKH25",NA,NA,"UK","Central Bedfordshire","United Kingdom","UK","GB","GBR"
"UKH31",NA,NA,"UK","Southend-on-Sea","United Kingdom","UK","GB","GBR"
"UKH32",NA,NA,"UK","Thurrock","United Kingdom","UK","GB","GBR"
"UKH33",NA,NA,"UK","Essex CC","United Kingdom","UK","GB","GBR"
"UKI11",NA,NA,"UK","Inner London - West","United Kingdom","UK","GB","GBR"
"UKI12",NA,NA,"UK","Inner London - East","United Kingdom","UK","GB","GBR"
"UKI21",NA,NA,"UK","Outer London - East and North East","United Kingdom","UK","GB","GBR"
"UKI22",NA,NA,"UK","Outer London - South","United Kingdom","UK","GB","GBR"
"UKI23",NA,NA,"UK","Outer London - West and North West","United Kingdom","UK","GB","GBR"
"UKJ11",NA,NA,"UK","Berkshire","United Kingdom","UK","GB","GBR"
"UKJ12",NA,NA,"UK","Milton Keynes","United Kingdom","UK","GB","GBR"
"UKJ13",NA,NA,"UK","Buckinghamshire CC","United Kingdom","UK","GB","GBR"
"UKJ14",NA,NA,"UK","Oxfordshire","United Kingdom","UK","GB","GBR"
"UKJ21",NA,NA,"UK","Brighton and Hove","United Kingdom","UK","GB","GBR"
"UKJ22",NA,NA,"UK","East Sussex CC","United Kingdom","UK","GB","GBR"
"UKJ23",NA,NA,"UK","Surrey","United Kingdom","UK","GB","GBR"
"UKJ24",NA,NA,"UK","West Sussex","United Kingdom","UK","GB","GBR"
"UKJ31",NA,NA,"UK","Portsmouth","United Kingdom","UK","GB","GBR"
"UKJ32",NA,NA,"UK","Southampton","United Kingdom","UK","GB","GBR"
"UKJ33",NA,NA,"UK","Hampshire CC","United Kingdom","UK","GB","GBR"
"UKJ34",NA,NA,"UK","Isle of Wight","United Kingdom","UK","GB","GBR"
"UKJ41",NA,NA,"UK","Medway","United Kingdom","UK","GB","GBR"
"UKJ42",NA,NA,"UK","Kent CC","United Kingdom","UK","GB","GBR"
"UKK11",NA,NA,"UK","Bristol, City of","United Kingdom","UK","GB","GBR"
"UKK12",NA,NA,"UK","Bath and North East Somerset, North Somerset and South Gloucestershire","United Kingdom","UK","GB","GBR"
"UKK13",NA,NA,"UK","Gloucestershire","United Kingdom","UK","GB","GBR"
"UKK14",NA,NA,"UK","Swindon","United Kingdom","UK","GB","GBR"
"UKK15",NA,NA,"UK","Wiltshire CC","United Kingdom","UK","GB","GBR"
"UKK21",NA,NA,"UK","Bournemouth and Poole","United Kingdom","UK","GB","GBR"
"UKK22",NA,NA,"UK","Dorset CC","United Kingdom","UK","GB","GBR"
"UKK23",NA,NA,"UK","Somerset","United Kingdom","UK","GB","GBR"
"UKK30",NA,NA,"UK","Cornwall and Isles of Scilly","United Kingdom","UK","GB","GBR"
"UKK41",NA,NA,"UK","Plymouth","United Kingdom","UK","GB","GBR"
"UKK42",NA,NA,"UK","Torbay","United Kingdom","UK","GB","GBR"
"UKK43",NA,NA,"UK","Devon CC","United Kingdom","UK","GB","GBR"
"UKL11",NA,NA,"UK","Isle of Anglesey","United Kingdom","UK","GB","GBR"
"UKL12",NA,NA,"UK","Gwynedd","United Kingdom","UK","GB","GBR"
"UKL13",NA,NA,"UK","Conwy and Denbighshire","United Kingdom","UK","GB","GBR"
"UKL14",NA,NA,"UK","South West Wales","United Kingdom","UK","GB","GBR"
"UKL15",NA,NA,"UK","Central Valleys","United Kingdom","UK","GB","GBR"
"UKL16",NA,NA,"UK","Gwent Valleys","United Kingdom","UK","GB","GBR"
"UKL17",NA,NA,"UK","Bridgend and Neath Port Talbot","United Kingdom","UK","GB","GBR"
"UKL18",NA,NA,"UK","Swansea","United Kingdom","UK","GB","GBR"
"UKL21",NA,NA,"UK","Monmouthshire and Newport","United Kingdom","UK","GB","GBR"
"UKL22",NA,NA,"UK","Cardiff and Vale of Glamorgan","United Kingdom","UK","GB","GBR"
"UKL23",NA,NA,"UK","Flintshire and Wrexham","United Kingdom","UK","GB","GBR"
"UKL24",NA,NA,"UK","Powys","United Kingdom","UK","GB","GBR"
"UKM21",NA,NA,"UK","Angus and Dundee City","United Kingdom","UK","GB","GBR"
"UKM22",NA,NA,"UK","Clackmannanshire and Fife","United Kingdom","UK","GB","GBR"
"UKM23",NA,NA,"UK","East Lothian and Midlothian","United Kingdom","UK","GB","GBR"
"UKM24",NA,NA,"UK","Scottish Borders","United Kingdom","UK","GB","GBR"
"UKM25",NA,NA,"UK","Edinburgh, City of","United Kingdom","UK","GB","GBR"
"UKM26",NA,NA,"UK","Falkirk","United Kingdom","UK","GB","GBR"
"UKM27",NA,NA,"UK","Perth & Kinross and Stirling","United Kingdom","UK","GB","GBR"
"UKM28",NA,NA,"UK","West Lothian","United Kingdom","UK","GB","GBR"
"UKM31",NA,NA,"UK","East Dunbartonshire, West Dunbartonshire and Helensburgh & Lomond","United Kingdom","UK","GB","GBR"
"UKM32",NA,NA,"UK","Dumfries & Galloway","United Kingdom","UK","GB","GBR"
"UKM34",NA,NA,"UK","Glasgow City","United Kingdom","UK","GB","GBR"
"UKM35",NA,NA,"UK","Inverclyde, East Renfrewshire and Renfrewshire","United Kingdom","UK","GB","GBR"
"UKM36",NA,NA,"UK","North Lanarkshire","United Kingdom","UK","GB","GBR"
"UKM37",NA,NA,"UK","South Ayrshire","United Kingdom","UK","GB","GBR"
"UKM38",NA,NA,"UK","South Lanarkshire","United Kingdom","UK","GB","GBR"
"UKM50",NA,NA,"UK","Aberdeen City and Aberdeenshire","United Kingdom","UK","GB","GBR"
"UKM61",NA,NA,"UK","Caithness & Sutherland and Ross & Cromarty","United Kingdom","UK","GB","GBR"
"UKM62",NA,NA,"UK","Inverness & Nairn and Moray, Badenoch & Strathspey","United Kingdom","UK","GB","GBR"
"UKM63",NA,NA,"UK","Lochaber, Skye & Lochalsh, Arran & Cumbrae and Argyll & Bute","United Kingdom","UK","GB","GBR"
"UKM64",NA,NA,"UK","Eilean Siar (Western Isles)","United Kingdom","UK","GB","GBR"
"UKM65",NA,NA,"UK","Orkney Islands","United Kingdom","UK","GB","GBR"
"UKM66",NA,NA,"UK","Shetland Islands","United Kingdom","UK","GB","GBR"
"UKN01",NA,NA,"UK","Belfast","United Kingdom","UK","GB","GBR"
"UKN02",NA,NA,"UK","Outer Belfast","United Kingdom","UK","GB","GBR"
"UKN03",NA,NA,"UK","East of Northern Ireland","United Kingdom","UK","GB","GBR"
"UKN04",NA,NA,"UK","North of Northern Ireland","United Kingdom","UK","GB","GBR"
"UKN05",NA,NA,"UK","West and South of Northern Ireland","United Kingdom","UK","GB","GBR"
"UKM33",NA,NA,"UK","East Ayrshire and North Ayrshire mainland","United Kingdom","UK","GB","GBR"
