"fid4","adm1_id","adm1_name","CNTR_CODE","NAME_LATN","agr","coa.oil.gas","pro","ely.elc","ser","air.wtp.tran"
"68","AND-20200925-1","Andorra la Vella","AND","Andorra la Vella",0,0,0,0,0,0
"69","AND-20200925-2","Canillo","AND","Canillo",0,0,0,0,0,0
"70","AND-20200925-3","Encamp","AND","Encamp",0,0,0,0,0,0
"71","AND-20200925-4","Escaldes-Engordany","AND","Escaldes-Engordany",0,0,0,0,0,0
"72","AND-20200925-5","La Massana","AND","La Massana",0,0,0,0,0,0
"73","AND-20200925-6","Ordino","AND","Ordino",0,0,0,0,0,0
"74","AND-20200925-7","Sant Juli├â┬á de L├â┬▓ria","AND","Sant Juli├â┬á de L├â┬▓ria",0,0,0,0,0,0
"263","BIH-20201109-1","Brcko district of Bosnia and Herzegowina","BIH","Brcko district of Bosnia and Herzegowina",0.00162023474005707,8.79765469714247e-05,0.000350763187651082,0.00010207535257582,0.000553265443443908,0.000318069054435152
"264","BIH-20201109-2","Entity Federation of Bosnia and Herzegovina","BIH","Entity Federation of Bosnia and Herzegovina",0.00391593950417254,0.000212630199321587,0.000756474748560103,0.000246705551776969,0.00129155037630845,0.000768739951393427
"265","BIH-20201109-3","Republika Srpska","BIH","Republika Srpska",0.00576426292449589,0.000312991652008828,0.00116416270086534,0.000363150570599985,0.00188937065843567,0.00113158520341653
"1627","MDA-20210908-01","Anenii Noi","MDA","Anenii Noi",0,0,0,0,0,0
"1628","MDA-20210908-02","Balti","MDA","Balti",0,0,0,0,0,0
"1629","MDA-20210908-03","Basarabeasca","MDA","Basarabeasca",0,0,0,0,0,0
"1630","MDA-20210908-04","Bender","MDA","Bender",0,0,0,0,0,0
"1631","MDA-20210908-05","Briceni","MDA","Briceni",0,0,0,0,0,0
"1632","MDA-20210908-06","Cahul","MDA","Cahul",0,0,0,0,0,0
"1633","MDA-20210908-07","Calarasi","MDA","Calarasi",0,0,0,0,0,0
"1634","MDA-20210908-08","Cantemir","MDA","Cantemir",0,0,0,0,0,0
"1635","MDA-20210908-09","Causeni","MDA","Causeni",0,0,0,0,0,0
"1636","MDA-20210908-10","Chisinau","MDA","Chisinau",0,0,0,0,0,0
"1637","MDA-20210908-11","Cimislia","MDA","Cimislia",0,0,0,0,0,0
"1638","MDA-20210908-12","Criuleni","MDA","Criuleni",0,0,0,0,0,0
"1639","MDA-20210908-13","Donduseni","MDA","Donduseni",0,0,0,0,0,0
"1640","MDA-20210908-14","Drochia","MDA","Drochia",0,0,0,0,0,0
"1641","MDA-20210908-15","Dubasari","MDA","Dubasari",0,0,0,0,0,0
"1642","MDA-20210908-16","Edinet","MDA","Edinet",0,0,0,0,0,0
"1643","MDA-20210908-17","Falesti","MDA","Falesti",0,0,0,0,0,0
"1644","MDA-20210908-18","Floresti","MDA","Floresti",0,0,0,0,0,0
"1645","MDA-20210908-19","Gagauzia","MDA","Gagauzia",0,0,0,0,0,0
"1646","MDA-20210908-20","Glodeni","MDA","Glodeni",0,0,0,0,0,0
"1647","MDA-20210908-21","Hincesti","MDA","Hincesti",0,0,0,0,0,0
"1648","MDA-20210908-22","Ialoveni","MDA","Ialoveni",0,0,0,0,0,0
"1649","MDA-20210908-23","Leova","MDA","Leova",0,0,0,0,0,0
"1650","MDA-20210908-24","Nisporeni","MDA","Nisporeni",0,0,0,0,0,0
"1651","MDA-20210908-25","Ocnita","MDA","Ocnita",0,0,0,0,0,0
"1652","MDA-20210908-26","Orhei","MDA","Orhei",0,0,0,0,0,0
"1653","MDA-20210908-27","RIscani","MDA","RIscani",0,0,0,0,0,0
"1654","MDA-20210908-28","Rezina","MDA","Rezina",0,0,0,0,0,0
"1655","MDA-20210908-29","SIngerei","MDA","SIngerei",0,0,0,0,0,0
"1656","MDA-20210908-30","Soldanesti","MDA","Soldanesti",0,0,0,0,0,0
"1657","MDA-20210908-31","Soroca","MDA","Soroca",0,0,0,0,0,0
"1658","MDA-20210908-32","Stefan Voda","MDA","Stefan Voda",0,0,0,0,0,0
"1659","MDA-20210908-33","Straseni","MDA","Straseni",0,0,0,0,0,0
"1660","MDA-20210908-34","Taraclia","MDA","Taraclia",0,0,0,0,0,0
"1661","MDA-20210908-35","Telenesti","MDA","Telenesti",0,0,0,0,0,0
"1662","MDA-20210908-36","Transnistria","MDA","Transnistria",0,0,0,0,0,0
"1663","MDA-20210908-37","Ungheni","MDA","Ungheni",0,0,0,0,0,0
"3264","XKX-20210524-1","District of Ferizaj","SRB_1","District of Ferizaj",0,0,0,0,0,0
"3265","XKX-20210524-2","District of Gjakova","SRB_1","District of Gjakova",0,0,0,0,0,0
"3266","XKX-20210524-3","District of Gjilan","SRB_1","District of Gjilan",0,0,0,0,0,0
"3267","XKX-20210524-4","District of Mitrovica","SRB_1","District of Mitrovica",0,0,0,0,0,0
"3268","XKX-20210524-5","District of Peja","SRB_1","District of Peja",0,0,0,0,0,0
"3269","XKX-20210524-6","District of Prishtina","SRB_1","District of Prishtina",0,0,0,0,0,0
"3270","XKX-20210524-7","District of Prizren","SRB_1","District of Prizren",0,0,0,0,0,0
"AL011","","","AL","Dib├â┬½r",0,0,0,0,0,0
"AL012","","","AL","Durr├â┬½s",0,0,0,0,0,0
"AL013","","","AL","Kuk├â┬½s",0,0,0,0,0,0
"AL014","","","AL","Lezh├â┬½",0,0,0,0,0,0
"AL015","","","AL","Shkod├â┬½r",0,0,0,0,0,0
"AL021","","","AL","Elbasan",0,0,0,0,0,0
"AL022","","","AL","Tiran├â┬½",0,0,0,0,0,0
"AL031","","","AL","Berat",0,0,0,0,0,0
"AL032","","","AL","Fier",0,0,0,0,0,0
"AL033","","","AL","Gjirokast├â┬½r",0,0,0,0,0,0
"AL034","","","AL","Korc├â┬½",0,0,0,0,0,0
"AL035","","","AL","Vlor├â┬½",0,0,0,0,0,0
"RS110","","","RS","City of Belgrade",0.0056151586296132,0.000304895491200718,0.00117928247027149,0.000353756948123909,0.00182638129063352,0.00110231446818721
"RS121","","","RS","Zapadnoba├ä┬ìka oblast",0.0109556845375261,0.000594878798417708,0.0020940113700504,0.000690211939189776,0.00366501161430768,0.00215071565581786
"RS122","","","RS","Ju├à┬¥nobanatska oblast",0.00658339451542169,0.00035746938545276,0.00123546013000353,0.000414756145941985,0.00217310658136843,0.00129238931663691
"RS123","","","RS","Ju├à┬¥noba├ä┬ìka oblast",0.014891989688348,0.000808614824706676,0.00251778543812705,0.000938200533794286,0.00487359574642351,0.00292345359701645
"RS124","","","RS","Severnobanatska oblast",0.0053886858198034,0.000292598325057199,0.000988681024600259,0.000339489082277902,0.00178534507363713,0.0010578554828991
"RS125","","","RS","Severnoba├ä┬ìka oblast",0.000387663864028188,2.10496215761913e-05,7.04251529823868e-05,2.44229583672474e-05,0.000128735569540728,7.61024780062297e-05
"RS126","","","RS","Srednjobanatska oblast",0.00382626511004353,0.000207761001450328,0.000623110112585333,0.000241056033734034,0.00127105468810343,0.000751135928320417
"RS127","","","RS","Sremska oblast",0.00083833335814619,4.55203633382546e-05,0.000148872746563953,5.28152933604108e-05,0.00027794291102745,0.000164573621299844
"RS211","","","RS","Zlatiborska oblast",0,0,0,0,0,0
"RS212","","","RS","Kolubarska oblast",0.000169325687203515,9.19415496127685e-06,3.5095674211547e-05,1.06675772307122e-05,5.59999856085221e-05,3.32404063984623e-05
"RS213","","","RS","Ma├ä┬ìvanska oblast",4.36786945259721e-05,2.37169382041477e-06,9.05750364720937e-06,2.75177295830176e-06,1.47466751117598e-05,8.57458535073033e-06
"RS214","","","RS","Moravi├ä┬ìka oblast",0,0,0,0,0,0
"RS215","","","RS","Pomoravska oblast",0,0,0,0,0,0
"RS216","","","RS","Rasinska oblast",0,0,0,0,0,0
"RS217","","","RS","Ra├à┬íka oblast",0,0,0,0,0,0
"RS218","","","RS","├à┬áumadijska oblast",0,0,0,0,0,0
"RS221","","","RS","Borska oblast",0.0101145326178569,0.000549205391014856,0.00222051972532659,0.000637219075472364,0.00338147915282646,0.0019855887213614
"RS222","","","RS","Brani├ä┬ìevska oblast",0.00105345976438038,5.72014351699753e-05,0.000260085595413011,6.63683318318303e-05,0.000352133909377191,0.000206805188691449
"RS223","","","RS","Zaje├ä┬ìarska oblast",0,0,0,0,0,0
"RS224","","","RS","Jablani├ä┬ìka oblast",0,0,0,0,0,0
"RS225","","","RS","Ni├à┬íavska oblast",0,0,0,0,0,0
"RS226","","","RS","Pirotska oblast",0,0,0,0,0,0
"RS227","","","RS","Podunavska oblast",0.0034334131857817,0.000186429675246064,0.000575407421329931,0.000216306225766268,0.00115167889117245,0.000674014979735773
"RS228","","","RS","P├ä┬ìinjska oblast",0,0,0,0,0,0
"RS229","","","RS","Topli├ä┬ìka oblast",0,0,0,0,0,0
"AT111","","","AT","Mittelburgenland",0.00395919058479672,0.000214978674287605,0.000764646655677232,0.000249430384910618,0.00128604904469632,0.000777230591655189
"AT112","","","AT","Nordburgenland",0.000645726044813786,3.50620476821965e-05,0.000130330369362103,4.06809655799844e-05,0.000209315942334906,0.000126762787774095
"AT113","","","AT","S├╝dburgenland",0.000734082027715577,3.98596576135155e-05,0.000146173957561114,4.62474232567072e-05,0.000238052517554346,0.000144107992910402
"AT121","","","AT","Mostviertel-Eisenwurzen",0.0082436134156151,0.000447617018042449,0.00139781692484034,0.000519350514523611,0.00269325196595221,0.00161830768061501
"AT122","","","AT","Nieder├Âsterreich-S├╝d",0.00517795765113559,0.000281156071554873,0.000917458660543654,0.000326213134304052,0.00168605378405421,0.00101648733562146
"AT123","","","AT","Sankt P├Âlten",0.00249569503062184,0.000135512852341457,0.00052106610444921,0.000157229655601306,0.000807788434656138,0.000489931081542194
"AT124","","","AT","Waldviertel",0.00157910903120337,8.57434768074224e-05,0.000303348378663757,9.94844186034837e-05,0.000513042644188628,0.000309995646919143
"AT125","","","AT","Weinviertel",0.000406826716075735,2.20901384294517e-05,8.00349914225947e-05,2.56302247162228e-05,0.000132123341175515,7.9864346629556e-05
"AT126","","","AT","Wiener Umland/Nordteil",0.00254621967265646,0.00013825627181845,0.000483354429436404,0.00016041272563551,0.000826841557322217,0.000499849598112859
"AT127","","","AT","Wiener Umland/S├╝dteil",0.00620100702615959,0.000336706263863869,0.00116519823487835,0.000390665601021539,0.00201262712357466,0.00121732264627707
"AT130","","","AT","Wien",0.0113782345249763,0.000617822689138984,0.00280136385685682,0.000716832735475363,0.0036684953791448,0.00223366664534864
"AT211","","","AT","Klagenfurt-Villach",0,0,0,0,0,0
"AT212","","","AT","Oberk├ñrnten",0,0,0,0,0,0
"AT213","","","AT","Unterk├ñrnten",0,0,0,0,0,0
"AT221","","","AT","Graz",0.000729459346295524,3.96086522875396e-05,0.000134952569749862,4.59561927182352e-05,0.000236904527878761,0.000143200512116489
"AT222","","","AT","Liezen",0.0106160685135613,0.000576438109333649,0.00204055456753739,0.000668816011470451,0.00344678341165822,0.00208404547220626
"AT223","","","AT","├ûstliche Obersteiermark",0.00701796693498437,0.000381066077917702,0.00109768231813695,0.000442134359635283,0.0023053439041131,0.00137770043554862
"AT224","","","AT","Oststeiermark",0.00287885442891841,0.000156317887543082,0.00052849289966634,0.000181368831059601,0.000936774558744799,0.00056514928573268
"AT225","","","AT","West- und S├╝dsteiermark",0.000876567916813494,4.75964479717735e-05,0.000150418323556512,5.52240838646858e-05,0.000286039033049469,0.000172079465744104
"AT226","","","AT","Westliche Obersteiermark",0,0,0,0,0,0
"AT311","","","AT","Innviertel",0.00305917438300848,0.000166109016271954,0.000487567810352312,0.000192729050930921,0.00100365127521623,0.000600547981906293
"AT312","","","AT","Linz-Wels",0.00812368276424199,0.00044110494647468,0.00146944578850046,0.000511794841743058,0.00264091394359946,0.00159476403725462
"AT313","","","AT","M├╝hlviertel",0.0130035381313427,0.000706074468670193,0.00228589746827599,0.000819227428392979,0.00423884656623439,0.00255273077134608
"AT314","","","AT","Steyr-Kirchdorf",0.0090156949696888,0.000489539998354143,0.00139347936527194,0.000567991921167308,0.00296562441140503,0.00176987537866498
"AT315","","","AT","Traunviertel",0.00402576858923358,0.000218593769551144,0.000649639624839224,0.000253624822363827,0.00131863707407697,0.000790300551454137
"AT321","","","AT","Lungau",0,0,0,0,0,0
"AT322","","","AT","Pinzgau-Pongau",0.00498184418240861,0.000270507376420379,0.00107127031967798,0.000313857917513388,0.00161109776779503,0.000977988207058291
"AT323","","","AT","Salzburg und Umgebung",0.0151117783040672,0.000820549048184645,0.00296402932498239,0.000952047293086029,0.00489779715681134,0.00296660040497526
"AT331","","","AT","Au├ƒerfern",0,0,0,0,0,0
"AT332","","","AT","Innsbruck",0.0015565398414171,8.45180004389379e-05,0.000327734293965729,9.80625517913316e-05,0.000503448614303206,0.000305565078510006
"AT333","","","AT","Osttirol",0,0,0,0,0,0
"AT334","","","AT","Tiroler Oberland",0.00463448203101579,0.000251646083132078,0.00107482185488083,0.000291973981069913,0.00149602250576263,0.000909797377477513
"AT335","","","AT","Tiroler Unterland",0.00344061553486538,0.000186820753024364,0.000615291014603777,0.000216759976265448,0.00111935296778111,0.000675428876318854
"AT341","","","AT","Bludenz-Bregenzer Wald",0,0,0,0,0,0
"AT342","","","AT","Rheintal-Bodenseegebiet",0.000235395708778628,1.27816674449934e-05,4.03280362789995e-05,1.48300115868192e-05,7.67359744828553e-05,4.62106438395914e-05
"BE100","","","BE","Arr. de Bruxelles-Capitale / Arr. van Brussel-Hoofdstad",0,0,0,0,0,0
"BE211","","","BE","Arr. Antwerpen",0,0,0,0,0,0
"BE212","","","BE","Arr. Mechelen",0,0,0,0,0,0
"BE213","","","BE","Arr. Turnhout",0,0,0,0,0,0
"BE221","","","BE","Arr. Hasselt",0,0,0,0,0,0
"BE222","","","BE","Arr. Maaseik",0,0,0,0,0,0
"BE223","","","BE","Arr. Tongeren",0,0,0,0,0,0
"BE231","","","BE","Arr. Aalst",0,0,0,0,0,0
"BE232","","","BE","Arr. Dendermonde",0,0,0,0,0,0
"BE233","","","BE","Arr. Eeklo",0,0,0,0,0,0
"BE234","","","BE","Arr. Gent",0,0,0,0,0,0
"BE235","","","BE","Arr. Oudenaarde",0,0,0,0,0,0
"BE236","","","BE","Arr. Sint-Niklaas",0,0,0,0,0,0
"BE241","","","BE","Arr. Halle-Vilvoorde",0,0,0,0,0,0
"BE242","","","BE","Arr. Leuven",0,0,0,0,0,0
"BE251","","","BE","Arr. Brugge",0,0,0,0,0,0
"BE252","","","BE","Arr. Diksmuide",0,0,0,0,0,0
"BE253","","","BE","Arr. Ieper",0,0,0,0,0,0
"BE254","","","BE","Arr. Kortrijk",0,0,0,0,0,0
"BE255","","","BE","Arr. Oostende",0,0,0,0,0,0
"BE256","","","BE","Arr. Roeselare",0,0,0,0,0,0
"BE257","","","BE","Arr. Tielt",0,0,0,0,0,0
"BE258","","","BE","Arr. Veurne",0,0,0,0,0,0
"BE310","","","BE","Arr. Nivelles",0,0,0,0,0,0
"BE321","","","BE","Arr. Ath",0,0,0,0,0,0
"BE322","","","BE","Arr. Charleroi",0,0,0,0,0,0
"BE323","","","BE","Arr. Mons",0,0,0,0,0,0
"BE324","","","BE","Arr. Mouscron",0,0,0,0,0,0
"BE325","","","BE","Arr. Soignies",0,0,0,0,0,0
"BE326","","","BE","Arr. Thuin",0,0,0,0,0,0
"BE327","","","BE","Arr. Tournai",0,0,0,0,0,0
"BE331","","","BE","Arr. Huy",0,0,0,0,0,0
"BE332","","","BE","Arr. Li├¿ge",0,0,0,0,0,0
"BE334","","","BE","Arr. Waremme",0,0,0,0,0,0
"BE335","","","BE","Arr. Verviers - communes francophones",0,0,0,0,0,0
"BE336","","","BE","Bezirk Verviers - Deutschsprachige Gemeinschaft",0,0,0,0,0,0
"BE341","","","BE","Arr. Arlon",0,0,0,0,0,0
"BE342","","","BE","Arr. Bastogne",0,0,0,0,0,0
"BE343","","","BE","Arr. Marche-en-Famenne",0,0,0,0,0,0
"BE344","","","BE","Arr. Neufch├óteau",0,0,0,0,0,0
"BE345","","","BE","Arr. Virton",0,0,0,0,0,0
"BE351","","","BE","Arr. Dinant",0,0,0,0,0,0
"BE352","","","BE","Arr. Namur",0,0,0,0,0,0
"BE353","","","BE","Arr. Philippeville",0,0,0,0,0,0
"BG311","","","BG","Vidin",0,0,0,0,0,0
"BG312","","","BG","Montana",0.000273677603571356,1.48603223658655e-05,4.54636626678684e-05,1.72417842834722e-05,9.17160917864109e-05,5.37257808612061e-05
"BG313","","","BG","Vratsa",0.000205562639025292,1.1161772254767e-05,2.99360209931687e-05,1.29505178084155e-05,6.94011722535548e-05,4.03540996903113e-05
"BG314","","","BG","Pleven",0.000560565859379348,3.04379652151683e-05,9.79687771008441e-05,3.53158442560606e-05,0.000187048554899159,0.000110044951162531
"BG315","","","BG","Lovech",0,0,0,0,0,0
"BG321","","","BG","Veliko Tarnovo",0.000137407899657769,7.46106242485625e-06,2.37096309729705e-05,8.65674550576268e-06,4.58474573098921e-05,2.69746103052495e-05
"BG322","","","BG","Gabrovo",0,0,0,0,0,0
"BG323","","","BG","Ruse",5.22284905795663e-05,2.83593614006696e-06,8.25527331019498e-06,3.29041308559052e-06,1.749505410321e-05,1.02529998910113e-05
"BG324","","","BG","Razgrad",0,0,0,0,0,0
"BG325","","","BG","Silistra",0,0,0,0,0,0
"BG331","","","BG","Varna",0,0,0,0,0,0
"BG332","","","BG","Dobrich",0,0,0,0,0,0
"BG333","","","BG","Shumen",0,0,0,0,0,0
"BG334","","","BG","Targovishte",0,0,0,0,0,0
"BG341","","","BG","Burgas",0,0,0,0,0,0
"BG342","","","BG","Sliven",0,0,0,0,0,0
"BG343","","","BG","Yambol",0,0,0,0,0,0
"BG344","","","BG","Stara Zagora",0,0,0,0,0,0
"BG411","","","BG","Sofia (stolitsa)",0.00162238295952435,8.8093192372363e-05,0.00036355420297369,0.000102210691149985,0.000537039557411547,0.000318490772423157
"BG412","","","BG","Sofia",0.000381050724449761,2.06905370741952e-05,5.41011814954255e-05,2.40063282719829e-05,0.000128916821331185,7.480424942209e-05
"BG413","","","BG","Blagoevgrad",0,0,0,0,0,0
"BG414","","","BG","Pernik",0,0,0,0,0,0
"BG415","","","BG","Kyustendil",0.00044236431043135,2.40197815618832e-05,7.4656471008426e-05,2.78691055301336e-05,0.000147869648402503,8.68407487237315e-05
"BG421","","","BG","Plovdiv",0,0,0,0,0,0
"BG422","","","BG","Haskovo",0,0,0,0,0,0
"BG423","","","BG","Pazardzhik",0.00109869275666731,5.96575252489039e-05,0.000168996916100718,6.92180260900738e-05,0.000368925688517116,0.000215684898976805
"BG424","","","BG","Smolyan",0,0,0,0,0,0
"BG425","","","BG","Kardzhali",0,0,0,0,0,0
"CH011","","","CH","Vaud",0,0,0,0,0,0
"CH012","","","CH","Valais",0,0,0,0,0,0
"CH013","","","CH","Gen├¿ve",0,0,0,0,0,0
"CH021","","","CH","Bern",0,0,0,0,0,0
"CH022","","","CH","Freiburg",0,0,0,0,0,0
"CH023","","","CH","Solothurn",0,0,0,0,0,0
"CH024","","","CH","Neuch├ótel",0,0,0,0,0,0
"CH025","","","CH","Jura",0,0,0,0,0,0
"CH031","","","CH","Basel-Stadt",0,0,0,0,0,0
"CH032","","","CH","Basel-Landschaft",0,0,0,0,0,0
"CH033","","","CH","Aargau",0,0,0,0,0,0
"CH040","","","CH","Z├╝rich",0,0,0,0,0,0
"CH051","","","CH","Glarus",0,0,0,0,0,0
"CH052","","","CH","Schaffhausen",0,0,0,0,0,0
"CH053","","","CH","Appenzell Ausserrhoden",0,0,0,0,0,0
"CH054","","","CH","Appenzell Innerrhoden",0,0,0,0,0,0
"CH055","","","CH","St. Gallen",0,0,0,0,0,0
"CH056","","","CH","Graub├╝nden",0,0,0,0,0,0
"CH057","","","CH","Thurgau",0,0,0,0,0,0
"CH061","","","CH","Luzern",0,0,0,0,0,0
"CH062","","","CH","Uri",0,0,0,0,0,0
"CH063","","","CH","Schwyz",0,0,0,0,0,0
"CH064","","","CH","Obwalden",0,0,0,0,0,0
"CH065","","","CH","Nidwalden",0,0,0,0,0,0
"CH066","","","CH","Zug",0,0,0,0,0,0
"CH070","","","CH","Ticino",0,0,0,0,0,0
"CY000","","","CY","K├¢pros",0,0,0,0,0,0
"CZ010","","","CZ","Hlavn├¡ m─østo Praha",0.00102279224879885,5.55362307040097e-05,0.000188203162583565,6.44362676758064e-05,0.000322946632750533,0.000200784834083727
"CZ020","","","CZ","St┼Öedo─ìesk├¢ kraj",0.00226699090895533,0.000123094528993049,0.000314170419491618,0.000142821216331679,0.0007288771836112,0.000445034066359484
"CZ031","","","CZ","Jiho─ìesk├¢ kraj",0.000420428885258927,2.28287177516159e-05,5.96709278251931e-05,2.64871661092466e-05,0.000134782741081765,8.25345949481498e-05
"CZ032","","","CZ","Plze┼êsk├¢ kraj",0.00106005960364515,5.75597974829942e-05,0.0001492427684866,6.67841240027049e-05,0.00034006981445043,0.000208100806284672
"CZ041","","","CZ","Karlovarsk├¢ kraj",0,0,0,0,0,0
"CZ042","","","CZ","├Üsteck├¢ kraj",0,0,0,0,0,0
"CZ051","","","CZ","Libereck├¢ kraj",0,0,0,0,0,0
"CZ052","","","CZ","Kr├ílov├®hradeck├¢ kraj",0.00219085635652067,0.000118960526145919,0.000303259498917365,0.000138024713028278,0.00070471341665162,0.000430088056066016
"CZ053","","","CZ","Pardubick├¢ kraj",0.00403226750889736,0.000218946652066825,0.000564181872843836,0.000254034256564713,0.00129479603311951,0.000791576357472366
"CZ063","","","CZ","Vyso─ìina",0.00206661814100161,0.000112214559692395,0.000287715881943319,0.000130197662207201,0.000665134989996538,0.000405698792734042
"CZ064","","","CZ","Jihomoravsk├¢ kraj",0.0015173019251829,8.23874348515601e-05,0.000227604471340266,9.55905494111048e-05,0.000483278461618604,0.000297862264463333
"CZ071","","","CZ","Olomouck├¢ kraj",0.00167431529074962,9.09130474615175e-05,0.000240389971118764,0.000105482446093171,0.000535596945729949,0.000328685633130102
"CZ072","","","CZ","Zl├¡nsk├¢ kraj",0.00409632591139515,0.000222424936365347,0.000564198044940879,0.000258069958218768,0.00131860708372931,0.000804151693013178
"CZ080","","","CZ","Moravskoslezsk├¢ kraj",0.00321346279645714,0.000174486667680931,0.000454912357723666,0.000202449274681081,0.00102903822367961,0.000630836413923365
"DE111","","","DE","Stuttgart, Stadtkreis",0,0,0,0,0,0
"DE112","","","DE","B├Âblingen",0,0,0,0,0,0
"DE113","","","DE","Esslingen",0,0,0,0,0,0
"DE114","","","DE","G├Âppingen",0,0,0,0,0,0
"DE115","","","DE","Ludwigsburg",0,0,0,0,0,0
"DE116","","","DE","Rems-Murr-Kreis",0,0,0,0,0,0
"DE117","","","DE","Heilbronn, Stadtkreis",0,0,0,0,0,0
"DE118","","","DE","Heilbronn, Landkreis",0,0,0,0,0,0
"DE119","","","DE","Hohenlohekreis",0,0,0,0,0,0
"DE11A","","","DE","Schw├ñbisch Hall",0,0,0,0,0,0
"DE11B","","","DE","Main-Tauber-Kreis",0,0,0,0,0,0
"DE11C","","","DE","Heidenheim",0,0,0,0,0,0
"DE11D","","","DE","Ostalbkreis",0,0,0,0,0,0
"DE121","","","DE","Baden-Baden, Stadtkreis",0,0,0,0,0,0
"DE122","","","DE","Karlsruhe, Stadtkreis",0,0,0,0,0,0
"DE123","","","DE","Karlsruhe, Landkreis",0,0,0,0,0,0
"DE124","","","DE","Rastatt",0,0,0,0,0,0
"DE125","","","DE","Heidelberg, Stadtkreis",0,0,0,0,0,0
"DE126","","","DE","Mannheim, Stadtkreis",0,0,0,0,0,0
"DE127","","","DE","Neckar-Odenwald-Kreis",0,0,0,0,0,0
"DE128","","","DE","Rhein-Neckar-Kreis",0,0,0,0,0,0
"DE129","","","DE","Pforzheim, Stadtkreis",0,0,0,0,0,0
"DE12A","","","DE","Calw",0,0,0,0,0,0
"DE12B","","","DE","Enzkreis",0,0,0,0,0,0
"DE12C","","","DE","Freudenstadt",0,0,0,0,0,0
"DE131","","","DE","Freiburg im Breisgau, Stadtkreis",0,0,0,0,0,0
"DE132","","","DE","Breisgau-Hochschwarzwald",0,0,0,0,0,0
"DE133","","","DE","Emmendingen",0,0,0,0,0,0
"DE134","","","DE","Ortenaukreis",0,0,0,0,0,0
"DE135","","","DE","Rottweil",0,0,0,0,0,0
"DE136","","","DE","Schwarzwald-Baar-Kreis",0,0,0,0,0,0
"DE137","","","DE","Tuttlingen",0,0,0,0,0,0
"DE138","","","DE","Konstanz",0,0,0,0,0,0
"DE139","","","DE","L├Ârrach",0,0,0,0,0,0
"DE13A","","","DE","Waldshut",0,0,0,0,0,0
"DE141","","","DE","Reutlingen",0,0,0,0,0,0
"DE142","","","DE","T├╝bingen, Landkreis",0,0,0,0,0,0
"DE143","","","DE","Zollernalbkreis",0,0,0,0,0,0
"DE144","","","DE","Ulm, Stadtkreis",0,0,0,0,0,0
"DE145","","","DE","Alb-Donau-Kreis",0,0,0,0,0,0
"DE146","","","DE","Biberach",0,0,0,0,0,0
"DE147","","","DE","Bodenseekreis",0,0,0,0,0,0
"DE148","","","DE","Ravensburg",0,0,0,0,0,0
"DE149","","","DE","Sigmaringen",0,0,0,0,0,0
"DE211","","","DE","Ingolstadt, Kreisfreie Stadt",0,0,0,0,0,0
"DE212","","","DE","M├╝nchen, Kreisfreie Stadt",0,0,0,0,0,0
"DE213","","","DE","Rosenheim, Kreisfreie Stadt",0,0,0,0,0,0
"DE214","","","DE","Alt├Âtting",0,0,0,0,0,0
"DE215","","","DE","Berchtesgadener Land",0,0,0,0,0,0
"DE216","","","DE","Bad T├Âlz-Wolfratshausen",0,0,0,0,0,0
"DE217","","","DE","Dachau",0,0,0,0,0,0
"DE218","","","DE","Ebersberg",0,0,0,0,0,0
"DE219","","","DE","Eichst├ñtt",0,0,0,0,0,0
"DE21A","","","DE","Erding",0,0,0,0,0,0
"DE21B","","","DE","Freising",0,0,0,0,0,0
"DE21C","","","DE","F├╝rstenfeldbruck",0,0,0,0,0,0
"DE21D","","","DE","Garmisch-Partenkirchen",0,0,0,0,0,0
"DE21E","","","DE","Landsberg a. Lech",0,0,0,0,0,0
"DE21F","","","DE","Miesbach",0,0,0,0,0,0
"DE21G","","","DE","M├╝hldorf a. Inn",0,0,0,0,0,0
"DE21H","","","DE","M├╝nchen, Landkreis",0,0,0,0,0,0
"DE21I","","","DE","Neuburg-Schrobenhausen",0,0,0,0,0,0
"DE21J","","","DE","Pfaffenhofen a. d. Ilm",0,0,0,0,0,0
"DE21K","","","DE","Rosenheim, Landkreis",0,0,0,0,0,0
"DE21L","","","DE","Starnberg",0,0,0,0,0,0
"DE21M","","","DE","Traunstein",0,0,0,0,0,0
"DE21N","","","DE","Weilheim-Schongau",0,0,0,0,0,0
"DE221","","","DE","Landshut, Kreisfreie Stadt",0,0,0,0,0,0
"DE222","","","DE","Passau, Kreisfreie Stadt",0,0,0,0,0,0
"DE223","","","DE","Straubing, Kreisfreie Stadt",0,0,0,0,0,0
"DE224","","","DE","Deggendorf",0,0,0,0,0,0
"DE225","","","DE","Freyung-Grafenau",0,0,0,0,0,0
"DE226","","","DE","Kelheim",0,0,0,0,0,0
"DE227","","","DE","Landshut, Landkreis",0,0,0,0,0,0
"DE228","","","DE","Passau, Landkreis",2.85867567123414e-06,1.55222208392803e-07,4.60627416049544e-07,1.80097562301908e-07,9.36351544358172e-07,5.61187984189368e-07
"DE229","","","DE","Regen",0,0,0,0,0,0
"DE22A","","","DE","Rottal-Inn",0,0,0,0,0,0
"DE22B","","","DE","Straubing-Bogen",0,0,0,0,0,0
"DE22C","","","DE","Dingolfing-Landau",0,0,0,0,0,0
"DE231","","","DE","Amberg, Kreisfreie Stadt",0,0,0,0,0,0
"DE232","","","DE","Regensburg, Kreisfreie Stadt",0,0,0,0,0,0
"DE233","","","DE","Weiden i. d. Opf, Kreisfreie Stadt",0,0,0,0,0,0
"DE234","","","DE","Amberg-Sulzbach",0,0,0,0,0,0
"DE235","","","DE","Cham",0,0,0,0,0,0
"DE236","","","DE","Neumarkt i. d. OPf.",0,0,0,0,0,0
"DE237","","","DE","Neustadt a. d. Waldnaab",0,0,0,0,0,0
"DE238","","","DE","Regensburg, Landkreis",0,0,0,0,0,0
"DE239","","","DE","Schwandorf",0,0,0,0,0,0
"DE23A","","","DE","Tirschenreuth",0,0,0,0,0,0
"DE241","","","DE","Bamberg, Kreisfreie Stadt",0,0,0,0,0,0
"DE242","","","DE","Bayreuth, Kreisfreie Stadt",0,0,0,0,0,0
"DE243","","","DE","Coburg, Kreisfreie Stadt",0,0,0,0,0,0
"DE244","","","DE","Hof, Kreisfreie Stadt",0,0,0,0,0,0
"DE245","","","DE","Bamberg, Landkreis",0,0,0,0,0,0
"DE246","","","DE","Bayreuth, Landkreis",0,0,0,0,0,0
"DE247","","","DE","Coburg, Landkreis",0,0,0,0,0,0
"DE248","","","DE","Forchheim",0,0,0,0,0,0
"DE249","","","DE","Hof, Landkreis",0,0,0,0,0,0
"DE24A","","","DE","Kronach",0,0,0,0,0,0
"DE24B","","","DE","Kulmbach",0,0,0,0,0,0
"DE24C","","","DE","Lichtenfels",0,0,0,0,0,0
"DE24D","","","DE","Wunsiedel i. Fichtelgebirge",0,0,0,0,0,0
"DE251","","","DE","Ansbach, Kreisfreie Stadt",0,0,0,0,0,0
"DE252","","","DE","Erlangen, Kreisfreie Stadt",0,0,0,0,0,0
"DE253","","","DE","F├╝rth, Kreisfreie Stadt",0,0,0,0,0,0
"DE254","","","DE","N├╝rnberg, Kreisfreie Stadt",0,0,0,0,0,0
"DE255","","","DE","Schwabach, Kreisfreie Stadt",0,0,0,0,0,0
"DE256","","","DE","Ansbach, Landkreis",0,0,0,0,0,0
"DE257","","","DE","Erlangen-H├Âchstadt",0,0,0,0,0,0
"DE258","","","DE","F├╝rth, Landkreis",0,0,0,0,0,0
"DE259","","","DE","N├╝rnberger Land",0,0,0,0,0,0
"DE25A","","","DE","Neustadt a. d. Aisch-Bad Windsheim",0,0,0,0,0,0
"DE25B","","","DE","Roth",0,0,0,0,0,0
"DE25C","","","DE","Wei├ƒenburg-Gunzenhausen",0,0,0,0,0,0
"DE261","","","DE","Aschaffenburg, Kreisfreie Stadt",0,0,0,0,0,0
"DE262","","","DE","Schweinfurt, Kreisfreie Stadt",0,0,0,0,0,0
"DE263","","","DE","W├╝rzburg, Kreisfreie Stadt",0,0,0,0,0,0
"DE264","","","DE","Aschaffenburg, Landkreis",0,0,0,0,0,0
"DE265","","","DE","Bad Kissingen",0,0,0,0,0,0
"DE266","","","DE","Rh├Ân-Grabfeld",0,0,0,0,0,0
"DE267","","","DE","Ha├ƒberge",0,0,0,0,0,0
"DE268","","","DE","Kitzingen",0,0,0,0,0,0
"DE269","","","DE","Miltenberg",0,0,0,0,0,0
"DE26A","","","DE","Main-Spessart",0,0,0,0,0,0
"DE26B","","","DE","Schweinfurt, Landkreis",0,0,0,0,0,0
"DE26C","","","DE","W├╝rzburg, Landkreis",0,0,0,0,0,0
"DE271","","","DE","Augsburg, Kreisfreie Stadt",0,0,0,0,0,0
"DE272","","","DE","Kaufbeuren, Kreisfreie Stadt",0,0,0,0,0,0
"DE273","","","DE","Kempten (Allg├ñu), Kreisfreie Stadt",0,0,0,0,0,0
"DE274","","","DE","Memmingen, Kreisfreie Stadt",0,0,0,0,0,0
"DE275","","","DE","Aichach-Friedberg",0,0,0,0,0,0
"DE276","","","DE","Augsburg, Landkreis",0,0,0,0,0,0
"DE277","","","DE","Dillingen a.d. Donau",0,0,0,0,0,0
"DE278","","","DE","G├╝nzburg",0,0,0,0,0,0
"DE279","","","DE","Neu-Ulm",0,0,0,0,0,0
"DE27A","","","DE","Lindau (Bodensee)",0,0,0,0,0,0
"DE27B","","","DE","Ostallg├ñu",0,0,0,0,0,0
"DE27C","","","DE","Unterallg├ñu",0,0,0,0,0,0
"DE27D","","","DE","Donau-Ries",0,0,0,0,0,0
"DE27E","","","DE","Oberallg├ñu",0,0,0,0,0,0
"DE300","","","DE","Berlin",0,0,0,0,0,0
"DE401","","","DE","Brandenburg an der Havel, Kreisfreie Stadt",0,0,0,0,0,0
"DE402","","","DE","Cottbus, Kreisfreie Stadt",0,0,0,0,0,0
"DE403","","","DE","Frankfurt (Oder), Kreisfreie Stadt",6.41930361771035e-06,3.4855947245486e-07,1.51021907041394e-06,4.04418362271343e-07,2.0744537270964e-06,1.26017655425988e-06
"DE404","","","DE","Potsdam, Kreisfreie Stadt",0,0,0,0,0,0
"DE405","","","DE","Barnim",0,0,0,0,0,0
"DE406","","","DE","Dahme-Spreewald",0,0,0,0,0,0
"DE407","","","DE","Elbe-Elster",0,0,0,0,0,0
"DE408","","","DE","Havelland",0,0,0,0,0,0
"DE409","","","DE","M├ñrkisch-Oderland",0,0,0,0,0,0
"DE40A","","","DE","Oberhavel",0,0,0,0,0,0
"DE40B","","","DE","Oberspreewald-Lausitz",0,0,0,0,0,0
"DE40C","","","DE","Oder-Spree",0,0,0,0,0,0
"DE40D","","","DE","Ostprignitz-Ruppin",0,0,0,0,0,0
"DE40E","","","DE","Potsdam-Mittelmark",0,0,0,0,0,0
"DE40F","","","DE","Prignitz",0,0,0,0,0,0
"DE40G","","","DE","Spree-Nei├ƒe",0,0,0,0,0,0
"DE40H","","","DE","Teltow-Fl├ñming",0,0,0,0,0,0
"DE40I","","","DE","Uckermark",0,0,0,0,0,0
"DE501","","","DE","Bremen, Kreisfreie Stadt",0,0,0,0,0,0
"DE502","","","DE","Bremerhaven, Kreisfreie Stadt",0,0,0,0,0,0
"DE600","","","DE","Hamburg",0,0,0,0,0,0
"DE711","","","DE","Darmstadt, Kreisfreie Stadt",0,0,0,0,0,0
"DE712","","","DE","Frankfurt am Main, Kreisfreie Stadt",0,0,0,0,0,0
"DE713","","","DE","Offenbach am Main, Kreisfreie Stadt",0,0,0,0,0,0
"DE714","","","DE","Wiesbaden, Kreisfreie Stadt",0,0,0,0,0,0
"DE715","","","DE","Bergstra├ƒe",0,0,0,0,0,0
"DE716","","","DE","Darmstadt-Dieburg",0,0,0,0,0,0
"DE717","","","DE","Gro├ƒ-Gerau",0,0,0,0,0,0
"DE718","","","DE","Hochtaunuskreis",0,0,0,0,0,0
"DE719","","","DE","Main-Kinzig-Kreis",0,0,0,0,0,0
"DE71A","","","DE","Main-Taunus-Kreis",0,0,0,0,0,0
"DE71B","","","DE","Odenwaldkreis",0,0,0,0,0,0
"DE71C","","","DE","Offenbach, Landkreis",0,0,0,0,0,0
"DE71D","","","DE","Rheingau-Taunus-Kreis",0,0,0,0,0,0
"DE71E","","","DE","Wetteraukreis",0,0,0,0,0,0
"DE721","","","DE","Gie├ƒen, Landkreis",0,0,0,0,0,0
"DE722","","","DE","Lahn-Dill-Kreis",0,0,0,0,0,0
"DE723","","","DE","Limburg-Weilburg",0,0,0,0,0,0
"DE724","","","DE","Marburg-Biedenkopf",0,0,0,0,0,0
"DE725","","","DE","Vogelsbergkreis",0,0,0,0,0,0
"DE731","","","DE","Kassel, Kreisfreie Stadt",0,0,0,0,0,0
"DE732","","","DE","Fulda",0,0,0,0,0,0
"DE733","","","DE","Hersfeld-Rotenburg",0,0,0,0,0,0
"DE734","","","DE","Kassel, Landkreis",0,0,0,0,0,0
"DE735","","","DE","Schwalm-Eder-Kreis",0,0,0,0,0,0
"DE736","","","DE","Waldeck-Frankenberg",0,0,0,0,0,0
"DE737","","","DE","Werra-Mei├ƒner-Kreis",0,0,0,0,0,0
"DE801","","","DE","Greifswald, Kreisfreie Stadt",0,0,0,0,0,0
"DE802","","","DE","Neubrandenburg, Kreisfreie Stadt",0,0,0,0,0,0
"DE803","","","DE","Rostock, Kreisfreie Stadt",0,0,0,0,0,0
"DE804","","","DE","Schwerin, Kreisfreie Stadt",0,0,0,0,0,0
"DE805","","","DE","Stralsund, Kreisfreie Stadt",0,0,0,0,0,0
"DE806","","","DE","Wismar, Kreisfreie Stadt",0,0,0,0,0,0
"DE807","","","DE","Bad Doberan",0,0,0,0,0,0
"DE808","","","DE","Demmin",0,0,0,0,0,0
"DE809","","","DE","G├╝strow",0,0,0,0,0,0
"DE80A","","","DE","Ludwigslust",0,0,0,0,0,0
"DE80B","","","DE","Mecklenburg-Strelitz",0,0,0,0,0,0
"DE80C","","","DE","M├╝ritz",0,0,0,0,0,0
"DE80D","","","DE","Nordvorpommern",0,0,0,0,0,0
"DE80E","","","DE","Nordwestmecklenburg",0,0,0,0,0,0
"DE80F","","","DE","Ostvorpommern",0,0,0,0,0,0
"DE80G","","","DE","Parchim",0,0,0,0,0,0
"DE80H","","","DE","R├╝gen",0,0,0,0,0,0
"DE80I","","","DE","Uecker-Randow",0,0,0,0,0,0
"DE911","","","DE","Braunschweig, Kreisfreie Stadt",0,0,0,0,0,0
"DE912","","","DE","Salzgitter, Kreisfreie Stadt",0,0,0,0,0,0
"DE913","","","DE","Wolfsburg, Kreisfreie Stadt",0,0,0,0,0,0
"DE914","","","DE","Gifhorn",0,0,0,0,0,0
"DE915","","","DE","G├Âttingen",0,0,0,0,0,0
"DE916","","","DE","Goslar",0,0,0,0,0,0
"DE917","","","DE","Helmstedt",0,0,0,0,0,0
"DE918","","","DE","Northeim",0,0,0,0,0,0
"DE919","","","DE","Osterode am Harz",0,0,0,0,0,0
"DE91A","","","DE","Peine",0,0,0,0,0,0
"DE91B","","","DE","Wolfenb├╝ttel",0,0,0,0,0,0
"DE922","","","DE","Diepholz",0,0,0,0,0,0
"DE923","","","DE","Hameln-Pyrmont",0,0,0,0,0,0
"DE925","","","DE","Hildesheim",0,0,0,0,0,0
"DE926","","","DE","Holzminden",0,0,0,0,0,0
"DE927","","","DE","Nienburg (Weser)",0,0,0,0,0,0
"DE928","","","DE","Schaumburg",0,0,0,0,0,0
"DE929","","","DE","Region Hannover",0,0,0,0,0,0
"DE931","","","DE","Celle",0,0,0,0,0,0
"DE932","","","DE","Cuxhaven",0,0,0,0,0,0
"DE933","","","DE","Harburg",0,0,0,0,0,0
"DE934","","","DE","L├╝chow-Dannenberg",0,0,0,0,0,0
"DE935","","","DE","L├╝neburg, Landkreis",0,0,0,0,0,0
"DE936","","","DE","Osterholz",0,0,0,0,0,0
"DE937","","","DE","Rotenburg (W├╝mme)",0,0,0,0,0,0
"DE938","","","DE","Soltau-Fallingbostel",0,0,0,0,0,0
"DE939","","","DE","Stade",0,0,0,0,0,0
"DE93A","","","DE","Uelzen",0,0,0,0,0,0
"DE93B","","","DE","Verden",0,0,0,0,0,0
"DE941","","","DE","Delmenhorst, Kreisfreie Stadt",0,0,0,0,0,0
"DE942","","","DE","Emden, Kreisfreie Stadt",0,0,0,0,0,0
"DE943","","","DE","Oldenburg (Oldenburg), Kreisfreie Stadt",0,0,0,0,0,0
"DE944","","","DE","Osnabr├╝ck, Kreisfreie Stadt",0,0,0,0,0,0
"DE945","","","DE","Wilhelmshaven, Kreisfreie Stadt",0,0,0,0,0,0
"DE946","","","DE","Ammerland",0,0,0,0,0,0
"DE947","","","DE","Aurich",0,0,0,0,0,0
"DE948","","","DE","Cloppenburg",0,0,0,0,0,0
"DE949","","","DE","Emsland",0,0,0,0,0,0
"DE94A","","","DE","Friesland (D)",0,0,0,0,0,0
"DE94B","","","DE","Grafschaft Bentheim",0,0,0,0,0,0
"DE94C","","","DE","Leer",0,0,0,0,0,0
"DE94D","","","DE","Oldenburg, Landkreis",0,0,0,0,0,0
"DE94E","","","DE","Osnabr├╝ck, Landkreis",0,0,0,0,0,0
"DE94F","","","DE","Vechta",0,0,0,0,0,0
"DE94G","","","DE","Wesermarsch",0,0,0,0,0,0
"DE94H","","","DE","Wittmund",0,0,0,0,0,0
"DEA11","","","DE","D├╝sseldorf, Kreisfreie Stadt",0,0,0,0,0,0
"DEA12","","","DE","Duisburg, Kreisfreie Stadt",0,0,0,0,0,0
"DEA13","","","DE","Essen, Kreisfreie Stadt",0,0,0,0,0,0
"DEA14","","","DE","Krefeld, Kreisfreie Stadt",0,0,0,0,0,0
"DEA15","","","DE","M├Ânchengladbach, Kreisfreie Stadt",0,0,0,0,0,0
"DEA16","","","DE","M├╝lheim an der Ruhr,Kreisfreie Stadt",0,0,0,0,0,0
"DEA17","","","DE","Oberhausen, Kreisfreie Stadt",0,0,0,0,0,0
"DEA18","","","DE","Remscheid, Kreisfreie Stadt",0,0,0,0,0,0
"DEA19","","","DE","Solingen, Kreisfreie Stadt",0,0,0,0,0,0
"DEA1A","","","DE","Wuppertal, Kreisfreie Stadt",0,0,0,0,0,0
"DEA1B","","","DE","Kleve",0,0,0,0,0,0
"DEA1C","","","DE","Mettmann",0,0,0,0,0,0
"DEA1D","","","DE","Rhein-Kreis Neuss",0,0,0,0,0,0
"DEA1E","","","DE","Viersen",0,0,0,0,0,0
"DEA1F","","","DE","Wesel",0,0,0,0,0,0
"DEA22","","","DE","Bonn, Kreisfreie Stadt",0,0,0,0,0,0
"DEA23","","","DE","K├Âln, Kreisfreie Stadt",0,0,0,0,0,0
"DEA24","","","DE","Leverkusen, Kreisfreie Stadt",0,0,0,0,0,0
"DEA26","","","DE","D├╝ren",0,0,0,0,0,0
"DEA27","","","DE","Rhein-Erft-Kreis",0,0,0,0,0,0
"DEA28","","","DE","Euskirchen",0,0,0,0,0,0
"DEA29","","","DE","Heinsberg",0,0,0,0,0,0
"DEA2A","","","DE","Oberbergischer Kreis",0,0,0,0,0,0
"DEA2B","","","DE","Rheinisch-Bergischer Kreis",0,0,0,0,0,0
"DEA2C","","","DE","Rhein-Sieg-Kreis",0,0,0,0,0,0
"DEA2D","","","DE","St├ñdteregion Aachen",0,0,0,0,0,0
"DEA31","","","DE","Bottrop, Kreisfreie Stadt",0,0,0,0,0,0
"DEA32","","","DE","Gelsenkirchen, Kreisfreie Stadt",0,0,0,0,0,0
"DEA33","","","DE","M├╝nster, Kreisfreie Stadt",0,0,0,0,0,0
"DEA34","","","DE","Borken",0,0,0,0,0,0
"DEA35","","","DE","Coesfeld",0,0,0,0,0,0
"DEA36","","","DE","Recklinghausen",0,0,0,0,0,0
"DEA37","","","DE","Steinfurt",0,0,0,0,0,0
"DEA38","","","DE","Warendorf",0,0,0,0,0,0
"DEA41","","","DE","Bielefeld, Kreisfreie Stadt",0,0,0,0,0,0
"DEA42","","","DE","G├╝tersloh",0,0,0,0,0,0
"DEA43","","","DE","Herford",0,0,0,0,0,0
"DEA44","","","DE","H├Âxter",0,0,0,0,0,0
"DEA45","","","DE","Lippe",0,0,0,0,0,0
"DEA46","","","DE","Minden-L├╝bbecke",0,0,0,0,0,0
"DEA47","","","DE","Paderborn",0,0,0,0,0,0
"DEA51","","","DE","Bochum, Kreisfreie Stadt",0,0,0,0,0,0
"DEA52","","","DE","Dortmund, Kreisfreie Stadt",0,0,0,0,0,0
"DEA53","","","DE","Hagen, Kreisfreie Stadt",0,0,0,0,0,0
"DEA54","","","DE","Hamm, Kreisfreie Stadt",0,0,0,0,0,0
"DEA55","","","DE","Herne, Kreisfreie Stadt",0,0,0,0,0,0
"DEA56","","","DE","Ennepe-Ruhr-Kreis",0,0,0,0,0,0
"DEA57","","","DE","Hochsauerlandkreis",0,0,0,0,0,0
"DEA58","","","DE","M├ñrkischer Kreis",0,0,0,0,0,0
"DEA59","","","DE","Olpe",0,0,0,0,0,0
"DEA5A","","","DE","Siegen-Wittgenstein",0,0,0,0,0,0
"DEA5B","","","DE","Soest",0,0,0,0,0,0
"DEA5C","","","DE","Unna",0,0,0,0,0,0
"DEB11","","","DE","Koblenz, Kreisfreie Stadt",0,0,0,0,0,0
"DEB12","","","DE","Ahrweiler",0,0,0,0,0,0
"DEB13","","","DE","Altenkirchen (Westerwald)",0,0,0,0,0,0
"DEB14","","","DE","Bad Kreuznach",0,0,0,0,0,0
"DEB15","","","DE","Birkenfeld",0,0,0,0,0,0
"DEB16","","","DE","Cochem-Zell",0,0,0,0,0,0
"DEB17","","","DE","Mayen-Koblenz",0,0,0,0,0,0
"DEB18","","","DE","Neuwied",0,0,0,0,0,0
"DEB19","","","DE","Rhein-Hunsr├╝ck-Kreis",0,0,0,0,0,0
"DEB1A","","","DE","Rhein-Lahn-Kreis",0,0,0,0,0,0
"DEB1B","","","DE","Westerwaldkreis",0,0,0,0,0,0
"DEB21","","","DE","Trier, Kreisfreie Stadt",0,0,0,0,0,0
"DEB22","","","DE","Bernkastel-Wittlich",0,0,0,0,0,0
"DEB23","","","DE","Bitburg-Pr├╝m",0,0,0,0,0,0
"DEB24","","","DE","Daun",0,0,0,0,0,0
"DEB25","","","DE","Trier-Saarburg",0,0,0,0,0,0
"DEB31","","","DE","Frankenthal (Pfalz), Kreisfreie Stadt",0,0,0,0,0,0
"DEB32","","","DE","Kaiserslautern, Kreisfreie Stadt",0,0,0,0,0,0
"DEB33","","","DE","Landau in der Pfalz, Kreisfreie Stadt",0,0,0,0,0,0
"DEB34","","","DE","Ludwigshafen am Rhein, Kreisfreie Stadt",0,0,0,0,0,0
"DEB35","","","DE","Mainz, Kreisfreie Stadt",0,0,0,0,0,0
"DEB36","","","DE","Neustadt an der Weinstra├ƒe, Kreisfreie Stadt",0,0,0,0,0,0
"DEB37","","","DE","Pirmasens, Kreisfreie Stadt",0,0,0,0,0,0
"DEB38","","","DE","Speyer, Kreisfreie Stadt",0,0,0,0,0,0
"DEB39","","","DE","Worms, Kreisfreie Stadt",0,0,0,0,0,0
"DEB3A","","","DE","Zweibr├╝cken, Kreisfreie Stadt",0,0,0,0,0,0
"DEB3B","","","DE","Alzey-Worms",0,0,0,0,0,0
"DEB3C","","","DE","Bad D├╝rkheim",0,0,0,0,0,0
"DEB3D","","","DE","Donnersbergkreis",0,0,0,0,0,0
"DEB3E","","","DE","Germersheim",0,0,0,0,0,0
"DEB3F","","","DE","Kaiserslautern, Landkreis",0,0,0,0,0,0
"DEB3G","","","DE","Kusel",0,0,0,0,0,0
"DEB3H","","","DE","S├╝dliche Weinstra├ƒe",0,0,0,0,0,0
"DEB3I","","","DE","Rhein-Pfalz-Kreis",0,0,0,0,0,0
"DEB3J","","","DE","Mainz-Bingen",0,0,0,0,0,0
"DEB3K","","","DE","S├╝dwestpfalz",0,0,0,0,0,0
"DEC01","","","DE","Stadtverband Saarbr├╝cken",0,0,0,0,0,0
"DEC02","","","DE","Merzig-Wadern",0,0,0,0,0,0
"DEC03","","","DE","Neunkirchen",0,0,0,0,0,0
"DEC04","","","DE","Saarlouis",0,0,0,0,0,0
"DEC05","","","DE","Saarpfalz-Kreis",0,0,0,0,0,0
"DEC06","","","DE","St. Wendel",0,0,0,0,0,0
"DED21","","","DE","Dresden, Kreisfreie Stadt",0,0,0,0,0,0
"DED2C","","","DE","Bautzen",0,0,0,0,0,0
"DED2D","","","DE","G├Ârlitz",0,0,0,0,0,0
"DED2E","","","DE","Mei├ƒen",0,0,0,0,0,0
"DED2F","","","DE","S├ñchsische Schweiz-Osterzgebirge",0,0,0,0,0,0
"DED41","","","DE","Chemnitz, Kreisfreie Stadt",0,0,0,0,0,0
"DED42","","","DE","Erzgebirgskreis",0,0,0,0,0,0
"DED43","","","DE","Mittelsachsen",0,0,0,0,0,0
"DED44","","","DE","Vogtlandkreis",0,0,0,0,0,0
"DED45","","","DE","Zwichau",0,0,0,0,0,0
"DED51","","","DE","Leipzig, Kreisfreie Stadt",0,0,0,0,0,0
"DED52","","","DE","Leipzig",0,0,0,0,0,0
"DED53","","","DE","Nordhausen",0,0,0,0,0,0
"DEE01","","","DE","Dessau-Ro├ƒlau, Kreisfreie Stadt",0,0,0,0,0,0
"DEE02","","","DE","Halle (Saale), Kreisfreie Stadt",0,0,0,0,0,0
"DEE03","","","DE","Magdeburg, Kreisfreie Stadt",0,0,0,0,0,0
"DEE04","","","DE","Altmarkkreis Salzwedel",0,0,0,0,0,0
"DEE05","","","DE","Anhalt-Bitterfeld",0,0,0,0,0,0
"DEE06","","","DE","Jerichower Land",0,0,0,0,0,0
"DEE07","","","DE","B├Ârde",0,0,0,0,0,0
"DEE08","","","DE","Burgenland (D)",0,0,0,0,0,0
"DEE09","","","DE","Harz",0,0,0,0,0,0
"DEE0A","","","DE","Mansfeld-S├╝dharz",0,0,0,0,0,0
"DEE0B","","","DE","Saalekreis",0,0,0,0,0,0
"DEE0C","","","DE","Salzland",0,0,0,0,0,0
"DEE0D","","","DE","Stendal",0,0,0,0,0,0
"DEE0E","","","DE","Wittenberg",0,0,0,0,0,0
"DEF01","","","DE","Flensburg, Kreisfreie Stadt",0,0,0,0,0,0
"DEF02","","","DE","Kiel, Kreisfreie Stadt",0,0,0,0,0,0
"DEF03","","","DE","L├╝beck, Kreisfreie Stadt",0,0,0,0,0,0
"DEF04","","","DE","Neum├╝nster, Kreisfreie Stadt",0,0,0,0,0,0
"DEF05","","","DE","Dithmarschen",0,0,0,0,0,0
"DEF06","","","DE","Herzogtum Lauenburg",0,0,0,0,0,0
"DEF07","","","DE","Nordfriesland",0,0,0,0,0,0
"DEF08","","","DE","Ostholstein",0,0,0,0,0,0
"DEF09","","","DE","Pinneberg",0,0,0,0,0,0
"DEF0A","","","DE","Pl├Ân",0,0,0,0,0,0
"DEF0B","","","DE","Rendsburg-Eckernf├Ârde",0,0,0,0,0,0
"DEF0C","","","DE","Schleswig-Flensburg",0,0,0,0,0,0
"DEF0D","","","DE","Segeberg",0,0,0,0,0,0
"DEF0E","","","DE","Steinburg",0,0,0,0,0,0
"DEF0F","","","DE","Stormarn",0,0,0,0,0,0
"DEG01","","","DE","Erfurt, Kreisfreie Stadt",0,0,0,0,0,0
"DEG02","","","DE","Gera, Kreisfreie Stadt",0,0,0,0,0,0
"DEG03","","","DE","Jena, Kreisfreie Stadt",0,0,0,0,0,0
"DEG04","","","DE","Suhl, Kreisfreie Stadt",0,0,0,0,0,0
"DEG05","","","DE","Weimar, Kreisfreie Stadt",0,0,0,0,0,0
"DEG06","","","DE","Eichsfeld",0,0,0,0,0,0
"DEG07","","","DE","Nordhausen",0,0,0,0,0,0
"DEG09","","","DE","Unstrut-Hainich-Kreis",0,0,0,0,0,0
"DEG0A","","","DE","Kyffh├ñuserkreis",0,0,0,0,0,0
"DEG0B","","","DE","Schmalkalden-Meiningen",0,0,0,0,0,0
"DEG0C","","","DE","Gotha",0,0,0,0,0,0
"DEG0D","","","DE","S├Âmmerda",0,0,0,0,0,0
"DEG0E","","","DE","Hildburghausen",0,0,0,0,0,0
"DEG0F","","","DE","Ilm-Kreis",0,0,0,0,0,0
"DEG0G","","","DE","Weimarer Land",0,0,0,0,0,0
"DEG0H","","","DE","Sonneberg",0,0,0,0,0,0
"DEG0I","","","DE","Saalfeld-Rudolstadt",0,0,0,0,0,0
"DEG0J","","","DE","Saale-Holzland-Kreis",0,0,0,0,0,0
"DEG0K","","","DE","Saale-Orla-Kreis",0,0,0,0,0,0
"DEG0L","","","DE","Greiz",0,0,0,0,0,0
"DEG0M","","","DE","Altenburger Land",0,0,0,0,0,0
"DEG0N","","","DE","Eisenach, Kreisfreie Stadt",0,0,0,0,0,0
"DEG0P","","","DE","Wartburgkreis",0,0,0,0,0,0
"DK011","","","DK","Byen K├©benhavn",0,0,0,0,0,0
"DK012","","","DK","K├©benhavns omegn",0,0,0,0,0,0
"DK013","","","DK","Nordsj├ªlland",0,0,0,0,0,0
"DK014","","","DK","Bornholm",0,0,0,0,0,0
"DK021","","","DK","├ÿstsj├ªlland",0,0,0,0,0,0
"DK022","","","DK","Vest- og Sydsj├ªlland",0,0,0,0,0,0
"DK031","","","DK","Fyn",0,0,0,0,0,0
"DK032","","","DK","Sydjylland",0,0,0,0,0,0
"DK041","","","DK","Vestjylland",0,0,0,0,0,0
"DK042","","","DK","├ÿstjylland",0,0,0,0,0,0
"DK050","","","DK","Nordjylland",0,0,0,0,0,0
"EE001","","","EE","P├Áhja-Eesti",0,0,0,0,0,0
"EE004","","","EE","L├ñ├ñne-Eesti",0,0,0,0,0,0
"EE006","","","EE","Kesk-Eesti",0,0,0,0,0,0
"EE007","","","EE","Kirde-Eesti",0,0,0,0,0,0
"EE008","","","EE","L├Áuna-Eesti",0,0,0,0,0,0
"EL111","","","EL","Evros",0,0,0,0,0,0
"EL112","","","EL","Xanthi",0,0,0,0,0,0
"EL113","","","EL","Rodopi",0,0,0,0,0,0
"EL114","","","EL","Drama",0,0,0,0,0,0
"EL115","","","EL","Kavala",0,0,0,0,0,0
"EL121","","","EL","Imathia",0,0,0,0,0,0
"EL122","","","EL","Thessaloniki",0,0,0,0,0,0
"EL123","","","EL","Kilkis",0,0,0,0,0,0
"EL124","","","EL","Pella",0,0,0,0,0,0
"EL125","","","EL","Pieria",0,0,0,0,0,0
"EL126","","","EL","Serres",0,0,0,0,0,0
"EL127","","","EL","Chalkidiki",0,0,0,0,0,0
"EL131","","","EL","Grevena",0,0,0,0,0,0
"EL132","","","EL","Kastoria",0,0,0,0,0,0
"EL133","","","EL","Kozani",0,0,0,0,0,0
"EL134","","","EL","Florina",0,0,0,0,0,0
"EL141","","","EL","Karditsa",0,0,0,0,0,0
"EL142","","","EL","Larisa",0,0,0,0,0,0
"EL143","","","EL","Magnisia",0,0,0,0,0,0
"EL144","","","EL","Trikala",0,0,0,0,0,0
"EL211","","","EL","Arta",0,0,0,0,0,0
"EL212","","","EL","Thesprotia",0,0,0,0,0,0
"EL213","","","EL","Ioannina",0,0,0,0,0,0
"EL214","","","EL","Preveza",0,0,0,0,0,0
"EL221","","","EL","Zakynthos",0,0,0,0,0,0
"EL222","","","EL","Kerkyra",0,0,0,0,0,0
"EL223","","","EL","Kefallinia",0,0,0,0,0,0
"EL224","","","EL","Lefkada",0,0,0,0,0,0
"EL231","","","EL","Aitoloakarnania",0,0,0,0,0,0
"EL232","","","EL","Achaia",0,0,0,0,0,0
"EL233","","","EL","Ileia",0,0,0,0,0,0
"EL241","","","EL","Voiotia",0,0,0,0,0,0
"EL242","","","EL","Evvoia",0,0,0,0,0,0
"EL243","","","EL","Evrytania",0,0,0,0,0,0
"EL244","","","EL","Fthiotida",0,0,0,0,0,0
"EL245","","","EL","Fokida",0,0,0,0,0,0
"EL251","","","EL","Argolida",0,0,0,0,0,0
"EL252","","","EL","Arkadia",0,0,0,0,0,0
"EL253","","","EL","Korinthia",0,0,0,0,0,0
"EL254","","","EL","Lakonia",0,0,0,0,0,0
"EL255","","","EL","Messinia",0,0,0,0,0,0
"EL300","","","EL","Attiki",0,0,0,0,0,0
"EL411","","","EL","Lesvos",0,0,0,0,0,0
"EL412","","","EL","Samos",0,0,0,0,0,0
"EL413","","","EL","Chios",0,0,0,0,0,0
"EL421","","","EL","Dodekanisos",0,0,0,0,0,0
"EL422","","","EL","Kyklades",0,0,0,0,0,0
"EL431","","","EL","Irakleio",0,0,0,0,0,0
"EL432","","","EL","Lasithi",0,0,0,0,0,0
"EL433","","","EL","Rethymni",0,0,0,0,0,0
"EL434","","","EL","Chania",0,0,0,0,0,0
"ES111","","","ES","A Coru├▒a",0,0,0,0,0,0
"ES112","","","ES","Lugo",0,0,0,0,0,0
"ES113","","","ES","Ourense",0,0,0,0,0,0
"ES114","","","ES","Pontevedra",0,0,0,0,0,0
"ES120","","","ES","Asturias",0,0,0,0,0,0
"ES130","","","ES","Cantabria",0,0,0,0,0,0
"ES211","","","ES","├ülava",0,0,0,0,0,0
"ES212","","","ES","Guip├║zcoa",0,0,0,0,0,0
"ES213","","","ES","Vizcaya",0,0,0,0,0,0
"ES220","","","ES","Navarra",0,0,0,0,0,0
"ES230","","","ES","La Rioja",0,0,0,0,0,0
"ES241","","","ES","Huesca",0,0,0,0,0,0
"ES242","","","ES","Teruel",0,0,0,0,0,0
"ES243","","","ES","Zaragoza",0,0,0,0,0,0
"ES300","","","ES","Madrid",0,0,0,0,0,0
"ES411","","","ES","├üvila",0,0,0,0,0,0
"ES412","","","ES","Burgos",0,0,0,0,0,0
"ES413","","","ES","Le├│n",0,0,0,0,0,0
"ES414","","","ES","Palencia",0,0,0,0,0,0
"ES415","","","ES","Salamanca",0,0,0,0,0,0
"ES416","","","ES","Segovia",0,0,0,0,0,0
"ES417","","","ES","Soria",0,0,0,0,0,0
"ES418","","","ES","Valladolid",0,0,0,0,0,0
"ES419","","","ES","Zamora",0,0,0,0,0,0
"ES421","","","ES","Albacete",0,0,0,0,0,0
"ES422","","","ES","Ciudad Real",0,0,0,0,0,0
"ES423","","","ES","Cuenca",0,0,0,0,0,0
"ES424","","","ES","Guadalajara",0,0,0,0,0,0
"ES425","","","ES","Toledo",0,0,0,0,0,0
"ES431","","","ES","Badajoz",0,0,0,0,0,0
"ES432","","","ES","C├íceres",0,0,0,0,0,0
"ES511","","","ES","Barcelona",0,0,0,0,0,0
"ES512","","","ES","Girona",0,0,0,0,0,0
"ES513","","","ES","Lleida",0,0,0,0,0,0
"ES514","","","ES","Tarragona",0,0,0,0,0,0
"ES521","","","ES","Alicante / Alacant",0,0,0,0,0,0
"ES522","","","ES","Castell├│n / Castell├│",0,0,0,0,0,0
"ES523","","","ES","Valencia / Val├¿ncia",0,0,0,0,0,0
"ES531","","","ES","Eivissa y Formentera",0,0,0,0,0,0
"ES532","","","ES","Mallorca",0,0,0,0,0,0
"ES533","","","ES","Menorca",0,0,0,0,0,0
"ES611","","","ES","Almer├¡a",0,0,0,0,0,0
"ES612","","","ES","C├ídiz",0,0,0,0,0,0
"ES613","","","ES","C├│rdoba",0,0,0,0,0,0
"ES614","","","ES","Granada",0,0,0,0,0,0
"ES615","","","ES","Huelva",0,0,0,0,0,0
"ES616","","","ES","Ja├®n",0,0,0,0,0,0
"ES617","","","ES","M├ílaga",0,0,0,0,0,0
"ES618","","","ES","Sevilla",0,0,0,0,0,0
"ES620","","","ES","Murcia",0,0,0,0,0,0
"ES630","","","ES","Ceuta",0,0,0,0,0,0
"ES640","","","ES","Melilla",0,0,0,0,0,0
"ES703","","","ES","El Hierro",0,0,0,0,0,0
"ES704","","","ES","Fuerteventura",0,0,0,0,0,0
"ES705","","","ES","Gran Canaria",0,0,0,0,0,0
"ES706","","","ES","La Gomera",0,0,0,0,0,0
"ES707","","","ES","La Palma",0,0,0,0,0,0
"ES708","","","ES","Lanzarote",0,0,0,0,0,0
"ES709","","","ES","Tenerife",0,0,0,0,0,0
"FI193","","","FI","Keski-Suomi",0,0,0,0,0,0
"FI194","","","FI","Etel├ñ-Pohjanmaa",0,0,0,0,0,0
"FI195","","","FI","Pohjanmaa",0,0,0,0,0,0
"FI196","","","FI","Satakunta",0,0,0,0,0,0
"FI197","","","FI","Pirkanmaa",0,0,0,0,0,0
"FI1B1","","","FI","Helsinki-Uusimaa",0,0,0,0,0,0
"FI1C1","","","FI","Varsinais-Suomi",0,0,0,0,0,0
"FI1C2","","","FI","Kanta-H├ñme",0,0,0,0,0,0
"FI1C3","","","FI","P├ñij├ñt-H├ñme",0,0,0,0,0,0
"FI1C4","","","FI","Kymenlaakso",0,0,0,0,0,0
"FI1C5","","","FI","Etel├ñ-Karjala",0,0,0,0,0,0
"FI1D1","","","FI","Etel├ñ-Savo",0,0,0,0,0,0
"FI1D2","","","FI","Pohjois-Savo",0,0,0,0,0,0
"FI1D3","","","FI","Pohjois-Karjala",0,0,0,0,0,0
"FI1D4","","","FI","Kainuu",0,0,0,0,0,0
"FI1D5","","","FI","Keski-Pohjanmaa",0,0,0,0,0,0
"FI1D6","","","FI","Pohjois-Pohjanmaa",0,0,0,0,0,0
"FI1D7","","","FI","Lappi",0,0,0,0,0,0
"FI200","","","FI","├àland",0,0,0,0,0,0
"FR101","","","FR","Paris",0,0,0,0,0,0
"FR102","","","FR","Seine-et-Marne",0,0,0,0,0,0
"FR103","","","FR","Yvelines",0,0,0,0,0,0
"FR104","","","FR","Essonne",0,0,0,0,0,0
"FR105","","","FR","Hauts-de-Seine",0,0,0,0,0,0
"FR106","","","FR","Seine-Saint-Denis",0,0,0,0,0,0
"FR107","","","FR","Val-de-Marne",0,0,0,0,0,0
"FR108","","","FR","Val-d'Oise",0,0,0,0,0,0
"FR211","","","FR","Ardennes",0,0,0,0,0,0
"FR212","","","FR","Aube",0,0,0,0,0,0
"FR213","","","FR","Marne",0,0,0,0,0,0
"FR214","","","FR","Haute-Marne",0,0,0,0,0,0
"FR221","","","FR","Aisne",0,0,0,0,0,0
"FR222","","","FR","Oise",0,0,0,0,0,0
"FR223","","","FR","Somme",0,0,0,0,0,0
"FR231","","","FR","Eure",0,0,0,0,0,0
"FR232","","","FR","Seine-Maritime",0,0,0,0,0,0
"FR241","","","FR","Cher",0,0,0,0,0,0
"FR242","","","FR","Eure-et-Loir",0,0,0,0,0,0
"FR243","","","FR","Indre",0,0,0,0,0,0
"FR244","","","FR","Indre-et-Loire",0,0,0,0,0,0
"FR245","","","FR","Loir-et-Cher",0,0,0,0,0,0
"FR246","","","FR","Loiret",0,0,0,0,0,0
"FR251","","","FR","Calvados",0,0,0,0,0,0
"FR252","","","FR","Manche",0,0,0,0,0,0
"FR253","","","FR","Orne",0,0,0,0,0,0
"FR261","","","FR","C├┤te-d'Or",0,0,0,0,0,0
"FR262","","","FR","Ni├¿vre",0,0,0,0,0,0
"FR263","","","FR","Sa├┤ne-et-Loire",0,0,0,0,0,0
"FR264","","","FR","Yonne",0,0,0,0,0,0
"FR301","","","FR","Nord",0,0,0,0,0,0
"FR302","","","FR","Pas-de-Calais",0,0,0,0,0,0
"FR411","","","FR","Meurthe-et-Moselle",0,0,0,0,0,0
"FR412","","","FR","Meuse",0,0,0,0,0,0
"FR413","","","FR","Moselle",0,0,0,0,0,0
"FR414","","","FR","Vosges",0,0,0,0,0,0
"FR421","","","FR","Bas-Rhin",0,0,0,0,0,0
"FR422","","","FR","Haut-Rhin",0,0,0,0,0,0
"FR431","","","FR","Doubs",0,0,0,0,0,0
"FR432","","","FR","Jura",0,0,0,0,0,0
"FR433","","","FR","Haute-Sa├┤ne",0,0,0,0,0,0
"FR434","","","FR","Territoire de Belfort",0,0,0,0,0,0
"FR511","","","FR","Loire-Atlantique",0,0,0,0,0,0
"FR512","","","FR","Maine-et-Loire",0,0,0,0,0,0
"FR513","","","FR","Mayenne",0,0,0,0,0,0
"FR514","","","FR","Sarthe",0,0,0,0,0,0
"FR515","","","FR","Vend├®e",0,0,0,0,0,0
"FR521","","","FR","C├┤tes-d'Armor",0,0,0,0,0,0
"FR522","","","FR","Finist├¿re",0,0,0,0,0,0
"FR523","","","FR","Ille-et-Vilaine",0,0,0,0,0,0
"FR524","","","FR","Morbihan",0,0,0,0,0,0
"FR531","","","FR","Charente",0,0,0,0,0,0
"FR532","","","FR","Charente-Maritime",0,0,0,0,0,0
"FR533","","","FR","Deux-S├¿vres",0,0,0,0,0,0
"FR534","","","FR","Vienne",0,0,0,0,0,0
"FR611","","","FR","Dordogne",0,0,0,0,0,0
"FR612","","","FR","Gironde",0,0,0,0,0,0
"FR613","","","FR","Landes",0,0,0,0,0,0
"FR614","","","FR","Lot-et-Garonne",0,0,0,0,0,0
"FR615","","","FR","Pyr├®n├®es-Atlantiques",0,0,0,0,0,0
"FR621","","","FR","Ari├¿ge",0,0,0,0,0,0
"FR622","","","FR","Aveyron",0,0,0,0,0,0
"FR623","","","FR","Haute-Garonne",0,0,0,0,0,0
"FR624","","","FR","Gers",0,0,0,0,0,0
"FR625","","","FR","Lot",0,0,0,0,0,0
"FR626","","","FR","Hautes-Pyr├®n├®es",0,0,0,0,0,0
"FR627","","","FR","Tarn",0,0,0,0,0,0
"FR628","","","FR","Tarn-et-Garonne",0,0,0,0,0,0
"FR631","","","FR","Corr├¿ze",0,0,0,0,0,0
"FR632","","","FR","Creuse",0,0,0,0,0,0
"FR633","","","FR","Haute-Vienne",0,0,0,0,0,0
"FR711","","","FR","Ain",0,0,0,0,0,0
"FR712","","","FR","Ard├¿che",0,0,0,0,0,0
"FR713","","","FR","Dr├┤me",0,0,0,0,0,0
"FR714","","","FR","Is├¿re",0,0,0,0,0,0
"FR715","","","FR","Loire",0,0,0,0,0,0
"FR716","","","FR","Rh├┤ne",0,0,0,0,0,0
"FR717","","","FR","Savoie",0,0,0,0,0,0
"FR718","","","FR","Haute-Savoie",0,0,0,0,0,0
"FR721","","","FR","Allier",0,0,0,0,0,0
"FR722","","","FR","Cantal",0,0,0,0,0,0
"FR723","","","FR","Haute-Loire",0,0,0,0,0,0
"FR724","","","FR","Puy-de-D├┤me",0,0,0,0,0,0
"FR811","","","FR","Aude",0,0,0,0,0,0
"FR812","","","FR","Gard",0,0,0,0,0,0
"FR813","","","FR","H├®rault",0,0,0,0,0,0
"FR814","","","FR","Loz├¿re",0,0,0,0,0,0
"FR815","","","FR","Pyr├®n├®es-Orientales",0,0,0,0,0,0
"FR821","","","FR","Alpes-de-Haute-Provence",0,0,0,0,0,0
"FR822","","","FR","Hautes-Alpes",0,0,0,0,0,0
"FR823","","","FR","Alpes-Maritimes",0,0,0,0,0,0
"FR824","","","FR","Bouches-du-Rh├┤ne",0,0,0,0,0,0
"FR825","","","FR","Var",0,0,0,0,0,0
"FR826","","","FR","Vaucluse",0,0,0,0,0,0
"FR831","","","FR","Corse-du-Sud",0,0,0,0,0,0
"FR832","","","FR","Haute-Corse",0,0,0,0,0,0
"HR041","","","HR","Grad Zagreb",0,0,0,0,0,0
"HR042","","","HR","Zagreba─ìka ┼¥upanija",0.000903809919960919,4.90756517625839e-05,0.000156563887162293,5.69403395450492e-05,0.000299512039247245,0.000177427356372418
"HR043","","","HR","Krapinsko-zagorska ┼¥upanija",0,0,0,0,0,0
"HR044","","","HR","Vara┼¥dinska ┼¥upanija",0,0,0,0,0,0
"HR045","","","HR","Koprivni─ìko-kri┼¥eva─ìka ┼¥upanija",0.0046546215479837,0.000252739631564725,0.000756118015874052,0.000293242777648816,0.00155335046077566,0.000913750975657081
"HR046","","","HR","Me─æimurska ┼¥upanija",0.000343004519686704,1.8624679801993e-05,5.10606100766392e-05,2.16094041292355e-05,0.000114916237062217,6.733538082259e-05
"HR047","","","HR","Bjelovarsko-bilogorska ┼¥upanija",0.000718808077164255,3.90303028324482e-05,0.000128084111432636,4.52851590555971e-05,0.000239544599349456,0.000141109556394236
"HR048","","","HR","Viroviti─ìko-podravska ┼¥upanija",0.000839901281598427,4.56054994533084e-05,0.000147834695646176,5.29140730836461e-05,0.000279095994672687,0.000164881421100422
"HR049","","","HR","Po┼¥e┼íko-slavonska ┼¥upanija",0.000556969151275807,3.02426688475552e-05,9.98903308613082e-05,3.50892503936376e-05,0.000184780407203116,0.000109338879679623
"HR04A","","","HR","Brodsko-posavska ┼¥upanija",0.00109288211421391,5.93420152514341e-05,0.000182606850716622,6.88519535930105e-05,0.000363403229250601,0.000214544208985954
"HR04B","","","HR","Osje─ìko-baranjska ┼¥upanija",0.0116201335109459,0.00063095747570747,0.00211481840993556,0.000732072455788794,0.00385379103859094,0.00228115395063469
"HR04C","","","HR","Vukovarsko-srijemska ┼¥upanija",0.00771745772681298,0.000419047478378986,0.00145765141204782,0.000486202522991003,0.00255830711684359,0.0015150178064471
"HR04D","","","HR","Karlova─ìka ┼¥upanija",0,0,0,0,0,0
"HR04E","","","HR","Sisa─ìko-moslava─ìka ┼¥upanija",0.00130919586557602,7.10875583118202e-05,0.000216503394909972,8.24797952207659e-05,0.000435314401729914,0.000257008864665812
"HR031","","","HR","Primorsko-goranska ┼¥upanija",0,0,0,0,0,0
"HR032","","","HR","Li─ìko-senjska ┼¥upanija",0,0,0,0,0,0
"HR033","","","HR","Zadarska ┼¥upanija",0,0,0,0,0,0
"HR034","","","HR","┼áibensko-kninska ┼¥upanija",0,0,0,0,0,0
"HR035","","","HR","Splitsko-dalmatinska ┼¥upanija",0,0,0,0,0,0
"HR036","","","HR","Istarska ┼¥upanija",0,0,0,0,0,0
"HR037","","","HR","Dubrova─ìko-neretvanska ┼¥upanija",0,0,0,0,0,0
"HU101","","","HU","Budapest",0.00313879731391755,0.00017043243333489,0.00056036068989689,0.000197745323292403,0.000989729566681448,0.000616178797441525
"HU102","","","HU","Pest",0.00471159437540371,0.000255833178754952,0.000707003700285664,0.000296832085606708,0.00149769472003091,0.000924935338575598
"HU211","","","HU","Fej├®r",0.00100932339975699,5.48048904845422e-05,0.000138018363098599,6.35877254980908e-05,0.000325313543075249,0.000198140757905653
"HU212","","","HU","Kom├írom-Esztergom",0.00623830353164432,0.000338731413482948,0.000842174404865906,0.000393015293848805,0.00201833415718327,0.00122464434105374
"HU213","","","HU","Veszpr├®m",0.000402137368517362,2.18355132226622e-05,5.75034039603329e-05,2.53347941878324e-05,0.000128613368581519,7.89437785742403e-05
"HU221","","","HU","Gy┼ær-Moson-Sopron",0.00551951763363923,0.000299702314948736,0.000746359845142976,0.000347731532087957,0.00178405429674477,0.00108353913866081
"HU222","","","HU","Vas",0.00208718261750586,0.000113331182850996,0.000287369411978254,0.00013149323138481,0.000672397248120135,0.000409735814922834
"HU223","","","HU","Zala",7.02182085243996e-05,3.81275340403979e-06,1.05041683960571e-05,4.42377157776413e-06,2.2386411641607e-05,1.37845699992208e-05
"HU231","","","HU","Baranya",0.00174261433010897,9.46215925851024e-05,0.000269125802342404,0.000109785309345535,0.000554704197620825,0.000342093450115372
"HU232","","","HU","Somogy",0.000192605793752414,1.04582331449275e-05,3.02989362752711e-05,1.21342320463582e-05,6.13346978122215e-05,3.78105352162763e-05
"HU233","","","HU","Tolna",0.00146372015752991,7.9478017603434e-05,0.000204192129792342,9.22148793988564e-05,0.000471218985580342,0.000287343602104723
"HU311","","","HU","Borsod-Aba├║j-Zempl├®n",0.00873375893472343,0.000474231254374123,0.00120530304524414,0.000550229852831515,0.00280819177972735,0.00171452838119875
"HU312","","","HU","Heves",0.00188569630273153,0.000102390749469585,0.000258658786690185,0.000118799523423045,0.000607244902936428,0.00037018194039004
"HU313","","","HU","N├│gr├íd",0.00020763224680384,1.12741491477199e-05,3.10002882876946e-05,1.30809038188288e-05,6.61077913276401e-05,4.07603853802178e-05
"HU321","","","HU","Hajd├║-Bihar",0.0009226726687405,5.00998734157736e-05,0.000144362755929399,5.81286992836862e-05,0.000293790783284879,0.000181130311580105
"HU322","","","HU","J├ísz-Nagykun-Szolnok",0.0124474228784466,0.000675878165345518,0.00171253887737303,0.000784191973894478,0.00401495261701804,0.00244355952086456
"HU323","","","HU","Szabolcs-Szatm├ír-Bereg",0.00356141030043537,0.00019337974482002,0.00052308763897565,0.000224370088541177,0.00113893181606813,0.000699142154349303
"HU331","","","HU","B├ícs-Kiskun",0.00220809361583101,0.000119896485927475,0.000317280782024703,0.00013911066636457,0.000707410285792875,0.000433471910660873
"HU332","","","HU","B├®k├®s",0.000944829302319049,5.13029485422107e-05,0.00014567231812409,5.95245749111548e-05,0.00030210874262196,0.000185479890883377
"HU333","","","HU","Csongr├íd",0.0225505615620805,0.00122446488119895,0.00354181241936869,0.00142069322754492,0.00716824376087469,0.00442691149356542
"IE011","","","IE","Border",0,0,0,0,0,0
"IE012","","","IE","Midland",0,0,0,0,0,0
"IE013","","","IE","West",0,0,0,0,0,0
"IE021","","","IE","Dublin",0,0,0,0,0,0
"IE022","","","IE","Mid-East",0,0,0,0,0,0
"IE023","","","IE","Mid-West",0,0,0,0,0,0
"IE024","","","IE","South-East (IE)",0,0,0,0,0,0
"IE025","","","IE","South-West (IE)",0,0,0,0,0,0
"IS001","","","IS","H├Âfu├░borgarsv├ª├░i",0,0,0,0,0,0
"IS002","","","IS","Landsbygg├░",0,0,0,0,0,0
"ITC11","","","IT","Torino",0,0,0,0,0,0
"ITC12","","","IT","Vercelli",0,0,0,0,0,0
"ITC13","","","IT","Biella",0,0,0,0,0,0
"ITC14","","","IT","Verbano-Cusio-Ossola",0,0,0,0,0,0
"ITC15","","","IT","Novara",0,0,0,0,0,0
"ITC16","","","IT","Cuneo",0,0,0,0,0,0
"ITC17","","","IT","Asti",0,0,0,0,0,0
"ITC18","","","IT","Alessandria",0,0,0,0,0,0
"ITC20","","","IT","Valle d'Aosta/Vall├®e d'Aoste",0,0,0,0,0,0
"ITC31","","","IT","Imperia",0,0,0,0,0,0
"ITC32","","","IT","Savona",0,0,0,0,0,0
"ITC33","","","IT","Genova",0,0,0,0,0,0
"ITC34","","","IT","La Spezia",0,0,0,0,0,0
"ITC41","","","IT","Varese",0,0,0,0,0,0
"ITC42","","","IT","Como",0,0,0,0,0,0
"ITC43","","","IT","Lecco",0,0,0,0,0,0
"ITC44","","","IT","Sondrio",0,0,0,0,0,0
"ITC46","","","IT","Bergamo",0,0,0,0,0,0
"ITC47","","","IT","Brescia",0,0,0,0,0,0
"ITC48","","","IT","Pavia",0,0,0,0,0,0
"ITC49","","","IT","Lodi",0,0,0,0,0,0
"ITC4A","","","IT","Cremona",0,0,0,0,0,0
"ITC4B","","","IT","Mantova",0,0,0,0,0,0
"ITC4C","","","IT","Milano",0,0,0,0,0,0
"ITC4D","","","IT","Monza e della Brianza",0,0,0,0,0,0
"ITF11","","","IT","L'Aquila",0,0,0,0,0,0
"ITF12","","","IT","Teramo",0,0,0,0,0,0
"ITF13","","","IT","Pescara",0,0,0,0,0,0
"ITF14","","","IT","Chieti",0,0,0,0,0,0
"ITF21","","","IT","Isernia",0,0,0,0,0,0
"ITF22","","","IT","Campobasso",0,0,0,0,0,0
"ITF31","","","IT","Caserta",0,0,0,0,0,0
"ITF32","","","IT","Benevento",0,0,0,0,0,0
"ITF33","","","IT","Napoli",0,0,0,0,0,0
"ITF34","","","IT","Avellino",0,0,0,0,0,0
"ITF35","","","IT","Salerno",0,0,0,0,0,0
"ITF43","","","IT","Taranto",0,0,0,0,0,0
"ITF44","","","IT","Brindisi",0,0,0,0,0,0
"ITF45","","","IT","Lecce",0,0,0,0,0,0
"ITF46","","","IT","Foggia",0,0,0,0,0,0
"ITF47","","","IT","Bari",0,0,0,0,0,0
"ITF48","","","IT","Barletta-Andria-Trani",0,0,0,0,0,0
"ITF51","","","IT","Potenza",0,0,0,0,0,0
"ITF52","","","IT","Matera",0,0,0,0,0,0
"ITF61","","","IT","Cosenza",0,0,0,0,0,0
"ITF62","","","IT","Crotone",0,0,0,0,0,0
"ITF63","","","IT","Catanzaro",0,0,0,0,0,0
"ITF64","","","IT","Vibo Valentia",0,0,0,0,0,0
"ITF65","","","IT","Reggio di Calabria",0,0,0,0,0,0
"ITG11","","","IT","Trapani",0,0,0,0,0,0
"ITG12","","","IT","Palermo",0,0,0,0,0,0
"ITG13","","","IT","Messina",0,0,0,0,0,0
"ITG14","","","IT","Agrigento",0,0,0,0,0,0
"ITG15","","","IT","Caltanissetta",0,0,0,0,0,0
"ITG16","","","IT","Enna",0,0,0,0,0,0
"ITG17","","","IT","Catania",0,0,0,0,0,0
"ITG18","","","IT","Ragusa",0,0,0,0,0,0
"ITG19","","","IT","Siracusa",0,0,0,0,0,0
"ITG25","","","IT","Sassari",0,0,0,0,0,0
"ITG26","","","IT","Nuoro",0,0,0,0,0,0
"ITG27","","","IT","Cagliari",0,0,0,0,0,0
"ITG28","","","IT","Oristano",0,0,0,0,0,0
"ITG29","","","IT","Olbia-Tempio",0,0,0,0,0,0
"ITG2A","","","IT","Ogliastra",0,0,0,0,0,0
"ITG2B","","","IT","Medio Campidano",0,0,0,0,0,0
"ITG2C","","","IT","Carbonia-Iglesias",0,0,0,0,0,0
"ITH10","","","IT","Bolzano-Bozen",0,0,0,0,0,0
"ITH20","","","IT","Trento",0,0,0,0,0,0
"ITH31","","","IT","Verona",0,0,0,0,0,0
"ITH32","","","IT","Vicenza",0,0,0,0,0,0
"ITH33","","","IT","Belluno",0,0,0,0,0,0
"ITH34","","","IT","Treviso",0,0,0,0,0,0
"ITH35","","","IT","Venezia",0,0,0,0,0,0
"ITH36","","","IT","Padova",0,0,0,0,0,0
"ITH37","","","IT","Rovigo",0,0,0,0,0,0
"ITH41","","","IT","Pordenone",0,0,0,0,0,0
"ITH42","","","IT","Udine",0,0,0,0,0,0
"ITH43","","","IT","Gorizia",0,0,0,0,0,0
"ITH44","","","IT","Trieste",0,0,0,0,0,0
"ITH51","","","IT","Piacenza",0,0,0,0,0,0
"ITH52","","","IT","Parma",0,0,0,0,0,0
"ITH53","","","IT","Reggio nell'Emilia",0,0,0,0,0,0
"ITH54","","","IT","Modena",0,0,0,0,0,0
"ITH55","","","IT","Bologna",0,0,0,0,0,0
"ITH56","","","IT","Ferrara",0,0,0,0,0,0
"ITH57","","","IT","Ravenna",0,0,0,0,0,0
"ITH58","","","IT","Forl├¼-Cesena",0,0,0,0,0,0
"ITH59","","","IT","Rimini",0,0,0,0,0,0
"ITI11","","","IT","Massa-Carrara",0,0,0,0,0,0
"ITI12","","","IT","Lucca",0,0,0,0,0,0
"ITI13","","","IT","Pistoia",0,0,0,0,0,0
"ITI14","","","IT","Firenze",0,0,0,0,0,0
"ITI15","","","IT","Prato",0,0,0,0,0,0
"ITI16","","","IT","Livorno",0,0,0,0,0,0
"ITI17","","","IT","Pisa",0,0,0,0,0,0
"ITI18","","","IT","Arezzo",0,0,0,0,0,0
"ITI19","","","IT","Siena",0,0,0,0,0,0
"ITI1A","","","IT","Grosseto",0,0,0,0,0,0
"ITI21","","","IT","Perugia",0,0,0,0,0,0
"ITI22","","","IT","Terni",0,0,0,0,0,0
"ITI31","","","IT","Pesaro e Urbino",0,0,0,0,0,0
"ITI32","","","IT","Ancona",0,0,0,0,0,0
"ITI33","","","IT","Macerata",0,0,0,0,0,0
"ITI34","","","IT","Ascoli Piceno",0,0,0,0,0,0
"ITI35","","","IT","Fermo",0,0,0,0,0,0
"ITI41","","","IT","Viterbo",0,0,0,0,0,0
"ITI42","","","IT","Rieti",0,0,0,0,0,0
"ITI43","","","IT","Roma",0,0,0,0,0,0
"ITI44","","","IT","Latina",0,0,0,0,0,0
"ITI45","","","IT","Frosinone",0,0,0,0,0,0
"LI000","","","LI","Liechtenstein",0,0,0,0,0,0
"LT001","","","LT","Alytaus apskritis",0,0,0,0,0,0
"LT002","","","LT","Kauno apskritis",0,0,0,0,0,0
"LT003","","","LT","Klaip─ùdos apskritis",0,0,0,0,0,0
"LT004","","","LT","Marijampol─ùs apskritis",0,0,0,0,0,0
"LT005","","","LT","Panev─ù┼¥io apskritis",0,0,0,0,0,0
"LT006","","","LT","┼áiauli┼│ apskritis",0,0,0,0,0,0
"LT007","","","LT","Taurag─ùs apskritis",0,0,0,0,0,0
"LT008","","","LT","Tel┼íi┼│ apskritis",0,0,0,0,0,0
"LT009","","","LT","Utenos apskritis",0,0,0,0,0,0
"LT00A","","","LT","Vilniaus apskritis",0,0,0,0,0,0
"LU000","","","LU","Luxembourg",0,0,0,0,0,0
"LV003","","","LV","Kurzeme",0,0,0,0,0,0
"LV005","","","LV","Latgale",0,0,0,0,0,0
"LV006","","","LV","R─½ga",0,0,0,0,0,0
"LV007","","","LV","Pier─½ga",0,0,0,0,0,0
"LV008","","","LV","Vidzeme",0,0,0,0,0,0
"LV009","","","LV","Zemgale",0,0,0,0,0,0
"ME000","","","ME","Crna Gora",0,0,0,0,0,0
"MK001","","","MK","Vardarski",0,0,0,0,0,0
"MK002","","","MK","Isto─ìen",0,0,0,0,0,0
"MK003","","","MK","Jugozapaden",0,0,0,0,0,0
"MK004","","","MK","Jugoisto─ìen",0,0,0,0,0,0
"MK005","","","MK","Pelagoniski",0,0,0,0,0,0
"MK006","","","MK","Polo┼íki",0,0,0,0,0,0
"MK007","","","MK","Severoisto─ìen",0,0,0,0,0,0
"MK008","","","MK","Skopski",0,0,0,0,0,0
"MT001","","","MT","Malta",0,0,0,0,0,0
"MT002","","","MT","Gozo and Comino / G─ºawdex u Kemmuna",0,0,0,0,0,0
"NL111","","","NL","Oost-Groningen",0,0,0,0,0,0
"NL112","","","NL","Delfzijl en omgeving",0,0,0,0,0,0
"NL113","","","NL","Overig Groningen",0,0,0,0,0,0
"NL121","","","NL","Noord-Friesland",0,0,0,0,0,0
"NL122","","","NL","Zuidwest-Friesland",0,0,0,0,0,0
"NL123","","","NL","Zuidoost-Friesland",0,0,0,0,0,0
"NL131","","","NL","Noord-Drenthe",0,0,0,0,0,0
"NL132","","","NL","Zuidoost-Drenthe",0,0,0,0,0,0
"NL133","","","NL","Zuidwest-Drenthe",0,0,0,0,0,0
"NL211","","","NL","Noord-Overijssel",0,0,0,0,0,0
"NL212","","","NL","Zuidwest-Overijssel",0,0,0,0,0,0
"NL213","","","NL","Twente",0,0,0,0,0,0
"NL221","","","NL","Veluwe",0,0,0,0,0,0
"NL224","","","NL","Zuidwest-Gelderland",0,0,0,0,0,0
"NL225","","","NL","Achterhoek",0,0,0,0,0,0
"NL226","","","NL","Arnhem/Nijmegen",0,0,0,0,0,0
"NL230","","","NL","Flevoland",0,0,0,0,0,0
"NL310","","","NL","Utrecht",0,0,0,0,0,0
"NL321","","","NL","Kop van Noord-Holland",0,0,0,0,0,0
"NL322","","","NL","Alkmaar en omgeving",0,0,0,0,0,0
"NL323","","","NL","IJmond",0,0,0,0,0,0
"NL324","","","NL","Agglomeratie Haarlem",0,0,0,0,0,0
"NL325","","","NL","Zaanstreek",0,0,0,0,0,0
"NL326","","","NL","Groot-Amsterdam",0,0,0,0,0,0
"NL327","","","NL","Het Gooi en Vechtstreek",0,0,0,0,0,0
"NL332","","","NL","Agglomeratie 's-Gravenhage",0,0,0,0,0,0
"NL333","","","NL","Delft en Westland",0,0,0,0,0,0
"NL337","","","NL","Agglomeratie Leiden en Bollenstreek",0,0,0,0,0,0
"NL338","","","NL","Oost-Zuid-Holland",0,0,0,0,0,0
"NL339","","","NL","Groot-Rijnmond",0,0,0,0,0,0
"NL33A","","","NL","Zuidoost-Zuid-Holland",0,0,0,0,0,0
"NL341","","","NL","Zeeuwsch-Vlaanderen",0,0,0,0,0,0
"NL342","","","NL","Overig Zeeland",0,0,0,0,0,0
"NL411","","","NL","West-Noord-Brabant",0,0,0,0,0,0
"NL412","","","NL","Midden-Noord-Brabant",0,0,0,0,0,0
"NL413","","","NL","Noordoost-Noord-Brabant",0,0,0,0,0,0
"NL414","","","NL","Zuidoost-Noord-Brabant",0,0,0,0,0,0
"NL421","","","NL","Noord-Limburg",0,0,0,0,0,0
"NL422","","","NL","Midden-Limburg",0,0,0,0,0,0
"NL423","","","NL","Zuid-Limburg",0,0,0,0,0,0
"NO011","","","NO","Oslo",0,0,0,0,0,0
"NO012","","","NO","Akershus",0,0,0,0,0,0
"NO021","","","NO","Hedmark",0,0,0,0,0,0
"NO022","","","NO","Oppland",0,0,0,0,0,0
"NO031","","","NO","├ÿstfold",0,0,0,0,0,0
"NO032","","","NO","Buskerud",0,0,0,0,0,0
"NO033","","","NO","Vestfold",0,0,0,0,0,0
"NO034","","","NO","Telemark",0,0,0,0,0,0
"NO041","","","NO","Aust-Agder",0,0,0,0,0,0
"NO042","","","NO","Vest-Agder",0,0,0,0,0,0
"NO043","","","NO","Rogaland",0,0,0,0,0,0
"NO051","","","NO","Hordaland",0,0,0,0,0,0
"NO052","","","NO","Sogn og Fjordane",0,0,0,0,0,0
"NO053","","","NO","M├©re og Romsdal",0,0,0,0,0,0
"NO061","","","NO","S├©r-Tr├©ndelag",0,0,0,0,0,0
"NO062","","","NO","Nord-Tr├©ndelag",0,0,0,0,0,0
"NO071","","","NO","Nordland",0,0,0,0,0,0
"NO072","","","NO","Troms",0,0,0,0,0,0
"NO073","","","NO","Finnmark",0,0,0,0,0,0
"PL113","","","PL","Miasto ┼ü├│d┼║",2.381698253523e-06,1.29322982091746e-07,3.35917487201909e-07,1.50047818965424e-07,7.75726706466271e-07,4.67552319870161e-07
"PL114","","","PL","┼ü├│dzki",0.000115244929965163,6.25764325602696e-06,1.53837334810259e-05,7.26047070090313e-06,3.77338463613962e-05,2.26237871564052e-05
"PL115","","","PL","Piotrkowski",0.000202599222550641,1.10008627629308e-05,2.62027515769678e-05,1.27638215390414e-05,6.67404835598424e-05,3.97723499890573e-05
"PL116","","","PL","Sieradzki",0.00049847809383151,2.70666838279554e-05,6.64041613707093e-05,3.14042934157687e-05,0.000163558270602144,9.78564723010689e-05
"PL117","","","PL","Skierniewicki",0.000117121841945235,6.35955702870053e-06,1.59443901911292e-05,7.37871680894102e-06,3.83382553516044e-05,2.2992244642225e-05
"PL121","","","PL","Ciechanowsko-p┼éocki",0.000164825494833638,8.94980062445096e-06,2.09597146946275e-05,1.03840635450361e-05,5.4668540570529e-05,3.23569714883995e-05
"PL122","","","PL","Ostro┼é─Öcko-siedlecki",0.000404821431857221,2.19812542184916e-05,5.46669336714e-05,2.55038911124806e-05,0.000132883116555046,7.94706883283927e-05
"PL127","","","PL","Miasto Warszawa",0.00300116396220586,0.000162959129169549,0.000498273663096466,0.000189074374228772,0.000973435870904079,0.000589159928536062
"PL128","","","PL","Radomski",0.000192849999763105,1.04714931998066e-05,2.58662104653299e-05,1.2149617110032e-05,6.32335057101427e-05,3.78584754146855e-05
"PL129","","","PL","Warszawski-wschodni",0.000885650319172758,4.80896100908282e-05,0.000121425477671571,5.57962783746149e-05,0.000289406313083085,0.000173862436482225
"PL12A","","","PL","Warszawski-zachodni",0.000896753601572309,4.86925032527951e-05,0.000123242200430175,5.64957890304866e-05,0.000292842182165697,0.000176042127144721
"PL213","","","PL","Miasto Krak├│w",0.0033210135022158,0.000180326525007192,0.000507760043902049,0.000209225006578858,0.00107867752994426,0.000651949744256774
"PL214","","","PL","Krakowski",0.00103814748067774,5.63699989508277e-05,0.000139911675262449,6.54036526288447e-05,0.000339489966316086,0.000203799226976069
"PL215","","","PL","Nowos─àdecki",0.000981734280031798,5.33068387347584e-05,0.00013784185070619,6.18496013525082e-05,0.000320104405557127,0.000192724724656434
"PL216","","","PL","O┼øwi─Öcimski",0.000661707685509203,3.59298290774228e-05,8.73728731222616e-05,4.1687814506497e-05,0.000216879257016358,0.000129900151279913
"PL217","","","PL","Tarnowski",0.00106793603944881,5.79874772551391e-05,0.000145861950568921,6.72803421998732e-05,0.000348862268044142,0.000209647033153195
"PL224","","","PL","Cz─Östochowski",0.000486159277012977,2.63977887970848e-05,6.49776461258156e-05,3.06282036684124e-05,0.000159136238536327,9.54381594971527e-05
"PL225","","","PL","Bielski",0.000441428675974852,2.39689778809875e-05,5.81137459611835e-05,2.78101602337098e-05,0.000144719792542161,8.66570738774162e-05
"PL227","","","PL","Rybnicki",0.00032146866673677,1.74553122210011e-05,4.14533431832029e-05,2.02526378974436e-05,0.000105845690984748,6.31076672605424e-05
"PL228","","","PL","Bytomski",0.000115005746099391,6.2446558967995e-06,1.57748874193962e-05,7.24540203410706e-06,3.75357994033045e-05,2.25768328576598e-05
"PL229","","","PL","Gliwicki",0.000809434732019071,4.39512071684563e-05,0.000105923152596433,5.09946698557091e-05,0.000265602213413938,0.000158900518224419
"PL22A","","","PL","Katowicki",5.76359222210634e-05,3.12955233779532e-06,8.11436336701574e-06,3.63108316115994e-06,1.87737847420427e-05,1.13145353751061e-05
"PL22B","","","PL","Sosnowiecki",0.000933924807880109,5.07108492966578e-05,0.000123829399477339,5.88375879659939e-05,0.00030586158287784,0.000183339224380223
"PL22C","","","PL","Tyski",5.86459702363001e-05,3.18439657391673e-06,7.53559572495421e-06,3.69471653768544e-06,1.93277287876889e-05,1.15128183826221e-05
"PL311","","","PL","Bialski",0.000113673921516511,6.1723396298558e-06,1.68023553992504e-05,7.16149662181989e-06,3.708101549792e-05,2.23153817387095e-05
"PL312","","","PL","Che┼émsko-zamojski",0.000157824657493541,8.56966466028274e-06,2.2757110742824e-05,9.94300835584084e-06,5.15174890394187e-05,3.09826337717915e-05
"PL314","","","PL","Lubelski",0.000119774983789426,6.50361902929013e-06,1.66775407640505e-05,7.5458656685994e-06,3.90680635866851e-05,2.35130841828182e-05
"PL315","","","PL","Pu┼éawski",0.0019813013684148,0.000107581974755555,0.000266177107862463,0.000124822675838176,0.000649053154698515,0.000388950216423929
"PL323","","","PL","Kro┼ønie┼äski",0.00149694900396693,8.1282298857933e-05,0.000200725480330109,9.43083082902938e-05,0.000489774466220785,0.000293866772794065
"PL324","","","PL","Przemyski",0.00151317147293122,8.21631569012428e-05,0.000212012127919275,9.53303294815697e-05,0.000493507000685084,0.000297051413412186
"PL325","","","PL","Rzeszowski",0.0015319299729323,8.31817179872744e-05,0.000208439836976549,9.65121215108759e-05,0.000500306175602949,0.000300733903492454
"PL326","","","PL","Tarnobrzeski",0.00118387706947465,6.42829177995284e-05,0.000153299188313273,7.45846674468885e-05,0.000389472216200289,0.000232407472044449
"PL331","","","PL","Kielecki",0.000355162497560452,1.92848414964951e-05,4.86547125016982e-05,2.23753609670873e-05,0.000115974890881156,6.97221192565591e-05
"PL332","","","PL","Sandomiersko-j─Ödrzejowski",0.00096051425199735,5.21546200179555e-05,0.000128017436099364,6.05127322003204e-05,0.000315199609745515,0.000188559010834147
"PL343","","","PL","Bia┼éostocki",8.92318521342059e-05,4.84516844167632e-06,1.27258547622445e-05,5.62163774322703e-06,2.90798289126886e-05,1.75171474429837e-05
"PL344","","","PL","┼üom┼╝y┼äski",7.80972783209204e-05,4.24057619842101e-06,1.05190651026965e-05,4.92015571739875e-06,2.56235293832444e-05,1.53313139481375e-05
"PL345","","","PL","Suwalski",4.89417530626912e-06,2.65747075453527e-07,6.60037895984378e-07,3.08334747801848e-07,1.60515067966811e-06,9.60777888178135e-07
"PL411","","","PL","Pilski",0,0,0,0,0,0
"PL414","","","PL","Koni┼äski",0.000291219835476066,1.58128417453068e-05,3.84414071955196e-05,1.83469509993624e-05,9.56324186885989e-05,5.71695047714938e-05
"PL415","","","PL","Miasto Pozna┼ä",0.00182575434415058,9.91359824878147e-05,0.000267005759311169,0.000115023159168554,0.000593748025319081,0.000358414705917484
"PL416","","","PL","Kaliski",0.000326949505630695,1.77529143328884e-05,4.27378264902688e-05,2.05979326554667e-05,0.000107480832602066,6.41836133573659e-05
"PL417","","","PL","Leszczy┼äski",0.000312919375407174,1.69910973071769e-05,4.14239592381482e-05,1.97140295679424e-05,0.000102677145709672,6.14293518028702e-05
"PL418","","","PL","Pozna┼äski",0.00300948193184722,0.000163410783629714,0.000398365562330338,0.000189598409211398,0.000986514093389899,0.000590792833122811
"PL422","","","PL","Koszali┼äski",0,0,0,0,0,0
"PL423","","","PL","Stargardzki",5.20081297278126e-08,2.8239708449491e-09,7.04726623948958e-09,3.27653027522941e-09,1.70163414933286e-08,1.02097407471236e-08
"PL424","","","PL","Miasto Szczecin",0.00184693165359771,0.000100285881643315,0.00027563282317048,0.000116357337034871,0.00060025717746265,0.000362572033633522
"PL425","","","PL","Szczeci┼äski",0.000207718297596578,1.12788215889545e-05,2.80629397063514e-05,1.30863250487228e-05,6.79441134228832e-05,4.07772780523738e-05
"PL431","","","PL","Gorzowski",0.000599375053104604,3.25452517522861e-05,7.96770310329406e-05,3.77608369689988e-05,0.000196396567419728,0.000117663602489035
"PL432","","","PL","Zielonog├│rski",0.00110089862932831,5.9777301139999e-05,0.000145323602369723,6.93569968355116e-05,0.000361014790701213,0.000216117934890764
"PL514","","","PL","Miasto Wroc┼éaw",0.00298507156867661,0.000162085334045789,0.000447152825843662,0.000188060547835179,0.000970052702563564,0.000586000823088624
"PL515","","","PL","Jeleniog├│rski",2.09621586624475e-05,1.1382167599519e-06,2.79020735156427e-06,1.32062329199547e-06,6.86469119845197e-06,4.11509136290302e-06
"PL516","","","PL","Legnicko-G┼éogowski",0.000189904062381543,1.03115327989978e-05,2.41321714216526e-05,1.19640220296065e-05,6.28555462996428e-05,3.72801570425307e-05
"PL517","","","PL","Wa┼ébrzyski",0.00105207633615023,5.71263168950351e-05,0.000138658030310059,6.62811753718036e-05,0.000344976449184431,0.000206533607235896
"PL518","","","PL","Wroc┼éawski",0.000570264187058998,3.09645712430223e-05,7.41961982414691e-05,3.59268422755581e-05,0.000187466719100921,0.000111948834494004
"PL521","","","PL","Nyski",0.000372923705261485,2.02492509644244e-05,5.00190105738283e-05,2.34943232343643e-05,0.000122089314577785,7.32088304098422e-05
"PL522","","","PL","Opolski",0.000764016522150749,4.14850600262848e-05,0.00010147308970408,4.81333068253691e-05,0.000250249947993658,0.000149984447787338
"PL613","","","PL","Bydgosko-Toru┼äski",0.000493134646407874,2.67765418864004e-05,6.8123560580185e-05,3.10676543681953e-05,0.000160861749295875,9.68074975892933e-05
"PL614","","","PL","Grudzi─àdzki",0.000601148396414816,3.26415418867773e-05,7.83992145108043e-05,3.78725582147864e-05,0.00019781450644492,0.000118011728359887
"PL615","","","PL","W┼éoc┼éawski",0.000129504746871016,7.03193195679726e-06,1.74157397690284e-05,8.15884412936094e-06,4.24216102212659e-05,2.54231386130363e-05
"PL621","","","PL","Elbl─àski",2.51127333112904e-06,1.36358732911984e-07,3.33784505882696e-07,1.58211093955571e-07,8.2349941483613e-07,4.92989265143326e-07
"PL622","","","PL","Olszty┼äski",1.61626808365407e-05,8.7761162913343e-07,2.23847668474463e-06,1.01825451841764e-06,5.27838697029046e-06,3.17290358225164e-06
"PL623","","","PL","E┼écki",0,0,0,0,0,0
"PL631","","","PL","S┼éupski",0,0,0,0,0,0
"PL633","","","PL","Tr├│jmiejski",1.3917552453922e-05,7.55704205642823e-07,1.98522294333101e-06,8.76810648854813e-07,4.53050369173167e-06,2.73216135886251e-06
"PL634","","","PL","Gda┼äski",0.000303601024459725,1.64851235000755e-05,4.12459886040287e-05,1.91269702148313e-05,9.92298475018031e-05,5.96000618848887e-05
"PL635","","","PL","Starogardzki",0.000343024672922541,1.86257740953417e-05,4.47224576413165e-05,2.16106737901079e-05,0.000112801875457259,6.73393371139275e-05
"PT111","","","PT","Minho-Lima",0,0,0,0,0,0
"PT112","","","PT","C├ívado",0,0,0,0,0,0
"PT113","","","PT","Ave",0,0,0,0,0,0
"PT114","","","PT","Grande Porto",0,0,0,0,0,0
"PT115","","","PT","T├ómega",0,0,0,0,0,0
"PT116","","","PT","Entre Douro e Vouga",0,0,0,0,0,0
"PT117","","","PT","Douro",0,0,0,0,0,0
"PT118","","","PT","Alto Tr├ís-os-Montes",0,0,0,0,0,0
"PT150","","","PT","Algarve",0,0,0,0,0,0
"PT161","","","PT","Baixo Vouga",0,0,0,0,0,0
"PT162","","","PT","Baixo Mondego",0,0,0,0,0,0
"PT163","","","PT","Pinhal Litoral",0,0,0,0,0,0
"PT164","","","PT","Pinhal Interior Norte",0,0,0,0,0,0
"PT165","","","PT","D├úo-Laf├Áes",0,0,0,0,0,0
"PT166","","","PT","Pinhal Interior Sul",0,0,0,0,0,0
"PT167","","","PT","Serra da Estrela",0,0,0,0,0,0
"PT168","","","PT","Beira Interior Norte",0,0,0,0,0,0
"PT169","","","PT","Beira Interior Sul",0,0,0,0,0,0
"PT16A","","","PT","Cova da Beira",0,0,0,0,0,0
"PT16B","","","PT","Oeste",0,0,0,0,0,0
"PT16C","","","PT","M├®dio Tejo",0,0,0,0,0,0
"PT171","","","PT","Grande Lisboa",0,0,0,0,0,0
"PT172","","","PT","Pen├¡nsula de Set├║bal",0,0,0,0,0,0
"PT181","","","PT","Alentejo Litoral",0,0,0,0,0,0
"PT182","","","PT","Alto Alentejo",0,0,0,0,0,0
"PT183","","","PT","Alentejo Central",0,0,0,0,0,0
"PT184","","","PT","Baixo Alentejo",0,0,0,0,0,0
"PT185","","","PT","Lez├¡ria do Tejo",0,0,0,0,0,0
"PT200","","","PT","Regi├úo Aut├│noma dos A├ºores",0,0,0,0,0,0
"PT300","","","PT","Regi├úo Aut├│noma da Madeira",0,0,0,0,0,0
"RO111","","","RO","Bihor",1.10332332710826e-05,5.99089589380052e-07,1.6512113542458e-06,6.95097536396085e-07,3.41098641211409e-06,2.16593928468172e-06
"RO112","","","RO","Bistri┼úa-N─âs─âud",0,0,0,0,0,0
"RO113","","","RO","Cluj",0,0,0,0,0,0
"RO114","","","RO","Maramure┼ƒ",0,0,0,0,0,0
"RO115","","","RO","Satu Mare",5.54864990686018e-09,3.0128415783856e-10,8.07607622376721e-10,3.49566875440893e-10,1.71951839315692e-09,1.08925810910864e-09
"RO116","","","RO","S─âlaj",0,0,0,0,0,0
"RO121","","","RO","Alba",0,0,0,0,0,0
"RO122","","","RO","Bra┼ƒov",0,0,0,0,0,0
"RO123","","","RO","Covasna",0,0,0,0,0,0
"RO124","","","RO","Harghita",0,0,0,0,0,0
"RO125","","","RO","Mure┼ƒ",0,0,0,0,0,0
"RO126","","","RO","Sibiu",0,0,0,0,0,0
"RO211","","","RO","Bac─âu",0,0,0,0,0,0
"RO212","","","RO","Boto┼ƒani",0,0,0,0,0,0
"RO213","","","RO","Ia┼ƒi",0,0,0,0,0,0
"RO214","","","RO","Neam┼ú",0,0,0,0,0,0
"RO215","","","RO","Suceava",0,0,0,0,0,0
"RO216","","","RO","Vaslui",0,0,0,0,0,0
"RO221","","","RO","Br─âila",4.60282042347768e-05,2.49926900822317e-06,7.09753210059953e-06,2.89979288774611e-06,1.42539473994413e-05,9.03581872203761e-06
"RO222","","","RO","Buz─âu",3.61396592755671e-05,1.96233444030229e-06,5.24327084536029e-06,2.27681111342765e-06,1.12124988481393e-05,7.09459374570831e-06
"RO223","","","RO","Constan┼úa",0.00190599080197694,0.000103492713229517,0.000278748095525662,0.000120078083939376,0.000589567738874926,0.000374165963214409
"RO224","","","RO","Gala┼úi",3.82749254186279e-05,2.07827649331916e-06,5.91234069372051e-06,2.41133362365875e-06,1.18221126508698e-05,7.51376886046152e-06
"RO225","","","RO","Tulcea",2.29845161373252e-05,1.24802802555612e-06,3.48427535387769e-06,1.44803251683114e-06,7.10995695331931e-06,4.51210132316443e-06
"RO226","","","RO","Vrancea",2.12004281800273e-05,1.1511544713137e-06,3.27530622208483e-06,1.33563435453704e-06,6.55204941001658e-06,4.16186616551876e-06
"RO311","","","RO","Arge┼ƒ",1.71350195618938e-07,9.30408302003282e-09,2.41663769385617e-08,1.07951219655509e-08,5.31622021213874e-08,3.36378386108879e-08
"RO312","","","RO","C─âl─âra┼ƒi",0.000207076783284985,1.12439882326689e-05,3.17389123189631e-05,1.30459094238017e-05,6.42167314900399e-05,4.06513420719568e-05
"RO313","","","RO","D├ómbovi┼úa",3.91312302881593e-05,2.12477268532992e-06,5.59062668344939e-06,2.46528112849176e-06,1.21420408729647e-05,7.68187047773123e-06
"RO314","","","RO","Giurgiu",0.000239274012150672,1.29922540534301e-05,4.11371338510062e-05,1.50743460491722e-05,7.38550585057732e-05,4.69719954239397e-05
"RO315","","","RO","Ialomi┼úa",0.0010071732673674,5.46881412145198e-05,0.000162507323700755,6.34522664091543e-05,0.000311228298533163,0.000197718664390956
"RO316","","","RO","Prahova",3.39708786369582e-05,1.84457259567193e-06,4.6858912757958e-06,2.14017717831167e-06,1.05659042489856e-05,6.66883938435236e-06
"RO317","","","RO","Teleorman",3.98566368504526e-06,2.16416127694765e-07,5.9468425485343e-07,2.51098199440722e-07,1.23593108432977e-06,7.82427538588771e-07
"RO321","","","RO","Bucure┼ƒti",2.21851720185152e-05,1.20462472498725e-06,3.99019585130084e-06,1.39767355911982e-06,6.81034408705275e-06,4.35518169803082e-06
"RO322","","","RO","Ilfov",0.000180910410889222,9.82318973154149e-06,2.77204991185332e-05,1.13974188551859e-05,5.57858705763032e-05,3.55146090294192e-05
"RO411","","","RO","Dolj",0.000139589341176263,7.57951173807763e-06,2.05586071303061e-05,8.7941770807183e-06,4.32230529391057e-05,2.7402850129973e-05
"RO412","","","RO","Gorj",5.48126907253982e-05,2.97625470002162e-06,7.66783116380228e-06,3.45321859425586e-06,1.70216855020939e-05,1.07603054539243e-05
"RO413","","","RO","Mehedin┼úi",0.000170122656988183,9.23742933872488e-06,2.82757774650526e-05,1.07177866045462e-05,5.2468038304056e-05,3.33968599169284e-05
"RO414","","","RO","Olt",0.000913973507317719,4.96275207593332e-05,0.000131795549950099,5.75806490861494e-05,0.000283884410239231,0.000179422575052974
"RO415","","","RO","V├ólcea",0,0,0,0,0,0
"RO421","","","RO","Arad",0,0,0,0,0,0
"RO422","","","RO","Cara┼ƒ-Severin",0.00101308778780882,5.5009291645728e-05,0.000161351489410814,6.38248832556201e-05,0.000312413130579577,0.00019887974671917
"RO423","","","RO","Hunedoara",0,0,0,0,0,0
"RO424","","","RO","Timi┼ƒ",0,0,0,0,0,0
"SE110","","","SE","Stockholms l├ñn",0,0,0,0,0,0
"SE121","","","SE","Uppsala l├ñn",0,0,0,0,0,0
"SE122","","","SE","S├Âdermanlands l├ñn",0,0,0,0,0,0
"SE123","","","SE","├ûsterg├Âtlands l├ñn",0,0,0,0,0,0
"SE124","","","SE","├ûrebro l├ñn",0,0,0,0,0,0
"SE125","","","SE","V├ñstmanlands l├ñn",0,0,0,0,0,0
"SE211","","","SE","J├Ânk├Âpings l├ñn",0,0,0,0,0,0
"SE212","","","SE","Kronobergs l├ñn",0,0,0,0,0,0
"SE213","","","SE","Kalmar l├ñn",0,0,0,0,0,0
"SE214","","","SE","Gotlands l├ñn",0,0,0,0,0,0
"SE221","","","SE","Blekinge l├ñn",0,0,0,0,0,0
"SE224","","","SE","Sk├Ñne l├ñn",0,0,0,0,0,0
"SE231","","","SE","Hallands l├ñn",0,0,0,0,0,0
"SE232","","","SE","V├ñstra G├Âtalands l├ñn",0,0,0,0,0,0
"SE311","","","SE","V├ñrmlands l├ñn",0,0,0,0,0,0
"SE312","","","SE","Dalarnas l├ñn",0,0,0,0,0,0
"SE313","","","SE","G├ñvleborgs l├ñn",0,0,0,0,0,0
"SE321","","","SE","V├ñsternorrlands l├ñn",0,0,0,0,0,0
"SE322","","","SE","J├ñmtlands l├ñn",0,0,0,0,0,0
"SE331","","","SE","V├ñsterbottens l├ñn",0,0,0,0,0,0
"SE332","","","SE","Norrbottens l├ñn",0,0,0,0,0,0
"SI011","","","SI","Pomurska",0,0,0,0,0,0
"SI012","","","SI","Podravska",0,0,0,0,0,0
"SI013","","","SI","Koro┼íka",0,0,0,0,0,0
"SI014","","","SI","Savinjska",0,0,0,0,0,0
"SI015","","","SI","Zasavska",0,0,0,0,0,0
"SI016","","","SI","Spodnjeposavska",0,0,0,0,0,0
"SI017","","","SI","Jugovzhodna Slovenija",0,0,0,0,0,0
"SI018","","","SI","Notranjsko-kra┼íka",0,0,0,0,0,0
"SI021","","","SI","Osrednjeslovenska",0,0,0,0,0,0
"SI022","","","SI","Gorenjska",0,0,0,0,0,0
"SI023","","","SI","Gori┼íka",0,0,0,0,0,0
"SI024","","","SI","Obalno-kra┼íka",0,0,0,0,0,0
"SK010","","","SK","Bratislavsk├¢ kraj",0.000729836364347641,3.96291238559804e-05,0.000107723813916525,4.59799449867467e-05,0.000236219416102956,0.000143274524710084
"SK021","","","SK","Trnavsk├¢ kraj",0.00480104570128798,0.00026069026432333,0.000634121320335978,0.000302467550272581,0.00157220483672043,0.000942495571015113
"SK022","","","SK","Tren─ìiansky kraj",0.00592526062823903,0.000321733608773159,0.000799999258596763,0.000373293481973988,0.00193266225861816,0.00116319073941065
"SK023","","","SK","Nitriansky kraj",0.00542587174739731,0.000294617470446913,0.00071730865184166,0.000341831808659559,0.00177835283670481,0.0010651554700773
"SK031","","","SK","┼¢ilinsk├¢ kraj",0.00666448617732816,0.000361872552615104,0.000914719449319,0.000419864948867525,0.0021686711313996,0.00130830845945461
"SK032","","","SK","Banskobystrick├¢ kraj",0.00479009125614865,0.00026009545282255,0.000658949925044548,0.000301777416415909,0.00156073043644869,0.000940345098666141
"SK041","","","SK","Pre┼íovsk├¢ kraj",0.00236696374767111,0.000128522918425581,0.000327820736896591,0.000149119539968142,0.000769891914337738,0.000464659782000177
"SK042","","","SK","Ko┼íick├¢ kraj",0.00583219960991777,0.000316680521805491,0.000804007764933934,0.000367430605428166,0.00189732255206097,0.00114492188652754
"TR100","","","TR","─░stanbul",0,0,0,0,0,0
"TR211","","","TR","Tekirda─ƒ",0,0,0,0,0,0
"TR212","","","TR","Edirne",0,0,0,0,0,0
"TR213","","","TR","K─▒rklareli",0,0,0,0,0,0
"TR221","","","TR","Bal─▒kesir",0,0,0,0,0,0
"TR222","","","TR","├çanakkale",0,0,0,0,0,0
"TR310","","","TR","─░zmir",0,0,0,0,0,0
"TR321","","","TR","Ayd─▒n",0,0,0,0,0,0
"TR322","","","TR","Denizli",0,0,0,0,0,0
"TR323","","","TR","Mu─ƒla",0,0,0,0,0,0
"TR331","","","TR","Manisa",0,0,0,0,0,0
"TR332","","","TR","Afyon",0,0,0,0,0,0
"TR333","","","TR","K├╝tahya",0,0,0,0,0,0
"TR334","","","TR","U┼ƒak",0,0,0,0,0,0
"TR411","","","TR","Bursa",0,0,0,0,0,0
"TR412","","","TR","Eski┼ƒehir",0,0,0,0,0,0
"TR413","","","TR","Bilecik",0,0,0,0,0,0
"TR421","","","TR","Kocaeli",0,0,0,0,0,0
"TR422","","","TR","Sakarya",0,0,0,0,0,0
"TR423","","","TR","D├╝zce",0,0,0,0,0,0
"TR424","","","TR","Bolu",0,0,0,0,0,0
"TR425","","","TR","Yalova",0,0,0,0,0,0
"TR510","","","TR","Ankara",0,0,0,0,0,0
"TR521","","","TR","Konya",0,0,0,0,0,0
"TR522","","","TR","Karaman",0,0,0,0,0,0
"TR611","","","TR","Antalya",0,0,0,0,0,0
"TR612","","","TR","Isparta",0,0,0,0,0,0
"TR613","","","TR","Burdur",0,0,0,0,0,0
"TR621","","","TR","Adana",0,0,0,0,0,0
"TR622","","","TR","─░├ºel",0,0,0,0,0,0
"TR631","","","TR","Hatay",0,0,0,0,0,0
"TR632","","","TR","Kahramanmara┼ƒ",0,0,0,0,0,0
"TR633","","","TR","Osmaniye",0,0,0,0,0,0
"TR711","","","TR","K─▒r─▒kkale",0,0,0,0,0,0
"TR712","","","TR","Aksaray",0,0,0,0,0,0
"TR713","","","TR","Ni─ƒde",0,0,0,0,0,0
"TR714","","","TR","Nev┼ƒehir",0,0,0,0,0,0
"TR715","","","TR","K─▒r┼ƒehir",0,0,0,0,0,0
"TR721","","","TR","Kayseri",0,0,0,0,0,0
"TR722","","","TR","Sivas",0,0,0,0,0,0
"TR723","","","TR","Yozgat",0,0,0,0,0,0
"TR811","","","TR","Zonguldak",0,0,0,0,0,0
"TR812","","","TR","Karab├╝k",0,0,0,0,0,0
"TR813","","","TR","Bart─▒n",0,0,0,0,0,0
"TR821","","","TR","Kastamonu",0,0,0,0,0,0
"TR822","","","TR","├çank─▒r─▒",0,0,0,0,0,0
"TR823","","","TR","Sinop",0,0,0,0,0,0
"TR831","","","TR","Samsun",0,0,0,0,0,0
"TR832","","","TR","Tokat",0,0,0,0,0,0
"TR833","","","TR","├çorum",0,0,0,0,0,0
"TR834","","","TR","Amasya",0,0,0,0,0,0
"TR901","","","TR","Trabzon",0,0,0,0,0,0
"TR902","","","TR","Ordu",0,0,0,0,0,0
"TR903","","","TR","Giresun",0,0,0,0,0,0
"TR904","","","TR","Rize",0,0,0,0,0,0
"TR905","","","TR","Artvin",0,0,0,0,0,0
"TR906","","","TR","G├╝m├╝┼ƒhane",0,0,0,0,0,0
"TRA11","","","TR","Erzurum",0,0,0,0,0,0
"TRA12","","","TR","Erzincan",0,0,0,0,0,0
"TRA13","","","TR","Bayburt",0,0,0,0,0,0
"TRA21","","","TR","A─ƒr─▒",0,0,0,0,0,0
"TRA22","","","TR","Kars",0,0,0,0,0,0
"TRA23","","","TR","I─ƒd─▒r",0,0,0,0,0,0
"TRA24","","","TR","Ardahan",0,0,0,0,0,0
"TRB11","","","TR","Malatya",0,0,0,0,0,0
"TRB12","","","TR","Elaz─▒─ƒ",0,0,0,0,0,0
"TRB13","","","TR","Bing├Âl",0,0,0,0,0,0
"TRB14","","","TR","Tunceli",0,0,0,0,0,0
"TRB21","","","TR","Van",0,0,0,0,0,0
"TRB22","","","TR","Mu┼ƒ",0,0,0,0,0,0
"TRB23","","","TR","Bitlis",0,0,0,0,0,0
"TRB24","","","TR","Hakkari",0,0,0,0,0,0
"TRC11","","","TR","Gaziantep",0,0,0,0,0,0
"TRC12","","","TR","Ad─▒yaman",0,0,0,0,0,0
"TRC13","","","TR","Kilis",0,0,0,0,0,0
"TRC21","","","TR","┼×anl─▒urfa",0,0,0,0,0,0
"TRC22","","","TR","Diyarbak─▒r",0,0,0,0,0,0
"TRC31","","","TR","Mardin",0,0,0,0,0,0
"TRC32","","","TR","Batman",0,0,0,0,0,0
"TRC33","","","TR","┼×─▒rnak",0,0,0,0,0,0
"TRC34","","","TR","Siirt",0,0,0,0,0,0
"UKC11","","","UK","Hartlepool and Stockton-on-Tees",0,0,0,0,0,0
"UKC12","","","UK","South Teesside",0,0,0,0,0,0
"UKC13","","","UK","Darlington",0,0,0,0,0,0
"UKC14","","","UK","Durham CC",0,0,0,0,0,0
"UKC21","","","UK","Northumberland",0,0,0,0,0,0
"UKC22","","","UK","Tyneside",0,0,0,0,0,0
"UKC23","","","UK","Sunderland",0,0,0,0,0,0
"UKD11","","","UK","West Cumbria",0,0,0,0,0,0
"UKD12","","","UK","East Cumbria",0,0,0,0,0,0
"UKD31","","","UK","Greater Manchester South",0,0,0,0,0,0
"UKD32","","","UK","Greater Manchester North",0,0,0,0,0,0
"UKD41","","","UK","Blackburn with Darwen",0,0,0,0,0,0
"UKD42","","","UK","Blackpool",0,0,0,0,0,0
"UKD43","","","UK","Lancashire CC",0,0,0,0,0,0
"UKD61","","","UK","Warrington",0,0,0,0,0,0
"UKD62","","","UK","Cheshire East",0,0,0,0,0,0
"UKD63","","","UK","Cheshire West and Chester",0,0,0,0,0,0
"UKD71","","","UK","East Merseyside",0,0,0,0,0,0
"UKD72","","","UK","Liverpool",0,0,0,0,0,0
"UKD73","","","UK","Sefton",0,0,0,0,0,0
"UKD74","","","UK","Wirral",0,0,0,0,0,0
"UKE11","","","UK","Kingston upon Hull, City of",0,0,0,0,0,0
"UKE12","","","UK","East Riding of Yorkshire",0,0,0,0,0,0
"UKE13","","","UK","North and North East Lincolnshire",0,0,0,0,0,0
"UKE21","","","UK","York",0,0,0,0,0,0
"UKE22","","","UK","North Yorkshire CC",0,0,0,0,0,0
"UKE31","","","UK","Barnsley, Doncaster and Rotherham",0,0,0,0,0,0
"UKE32","","","UK","Sheffield",0,0,0,0,0,0
"UKE41","","","UK","Bradford",0,0,0,0,0,0
"UKE42","","","UK","Leeds",0,0,0,0,0,0
"UKE44","","","UK","Calderdale and Kirklees",0,0,0,0,0,0
"UKE45","","","UK","Wakefield",0,0,0,0,0,0
"UKF11","","","UK","Derby",0,0,0,0,0,0
"UKF12","","","UK","East Derbyshire",0,0,0,0,0,0
"UKF13","","","UK","South and West Derbyshire",0,0,0,0,0,0
"UKF14","","","UK","Nottingham",0,0,0,0,0,0
"UKF15","","","UK","North Nottinghamshire",0,0,0,0,0,0
"UKF16","","","UK","South Nottinghamshire",0,0,0,0,0,0
"UKF21","","","UK","Leicester",0,0,0,0,0,0
"UKF22","","","UK","Leicestershire CC and Rutland",0,0,0,0,0,0
"UKF24","","","UK","West Northamptonshire",0,0,0,0,0,0
"UKF25","","","UK","North Northamptonshire",0,0,0,0,0,0
"UKF30","","","UK","Lincolnshire",0,0,0,0,0,0
"UKG11","","","UK","Herefordshire, County of",0,0,0,0,0,0
"UKG12","","","UK","Worcestershire",0,0,0,0,0,0
"UKG13","","","UK","Warwickshire",0,0,0,0,0,0
"UKG21","","","UK","Telford and Wrekin",0,0,0,0,0,0
"UKG22","","","UK","Shropshire CC",0,0,0,0,0,0
"UKG23","","","UK","Stoke-on-Trent",0,0,0,0,0,0
"UKG24","","","UK","Staffordshire CC",0,0,0,0,0,0
"UKG31","","","UK","Birmingham",0,0,0,0,0,0
"UKG32","","","UK","Solihull",0,0,0,0,0,0
"UKG33","","","UK","Coventry",0,0,0,0,0,0
"UKG36","","","UK","Dudley",0,0,0,0,0,0
"UKG37","","","UK","Sandwell",0,0,0,0,0,0
"UKG38","","","UK","Walsall",0,0,0,0,0,0
"UKG39","","","UK","Wolverhampton",0,0,0,0,0,0
"UKH11","","","UK","Peterborough",0,0,0,0,0,0
"UKH12","","","UK","Cambridgeshire CC",0,0,0,0,0,0
"UKH13","","","UK","Norfolk",0,0,0,0,0,0
"UKH14","","","UK","Suffolk",0,0,0,0,0,0
"UKH21","","","UK","Luton",0,0,0,0,0,0
"UKH23","","","UK","Hertfordshire",0,0,0,0,0,0
"UKH24","","","UK","Bedford",0,0,0,0,0,0
"UKH25","","","UK","Central Bedfordshire",0,0,0,0,0,0
"UKH31","","","UK","Southend-on-Sea",0,0,0,0,0,0
"UKH32","","","UK","Thurrock",0,0,0,0,0,0
"UKH33","","","UK","Essex CC",0,0,0,0,0,0
"UKI11","","","UK","Inner London - West",0,0,0,0,0,0
"UKI12","","","UK","Inner London - East",0,0,0,0,0,0
"UKI21","","","UK","Outer London - East and North East",0,0,0,0,0,0
"UKI22","","","UK","Outer London - South",0,0,0,0,0,0
"UKI23","","","UK","Outer London - West and North West",0,0,0,0,0,0
"UKJ11","","","UK","Berkshire",0,0,0,0,0,0
"UKJ12","","","UK","Milton Keynes",0,0,0,0,0,0
"UKJ13","","","UK","Buckinghamshire CC",0,0,0,0,0,0
"UKJ14","","","UK","Oxfordshire",0,0,0,0,0,0
"UKJ21","","","UK","Brighton and Hove",0,0,0,0,0,0
"UKJ22","","","UK","East Sussex CC",0,0,0,0,0,0
"UKJ23","","","UK","Surrey",0,0,0,0,0,0
"UKJ24","","","UK","West Sussex",0,0,0,0,0,0
"UKJ31","","","UK","Portsmouth",0,0,0,0,0,0
"UKJ32","","","UK","Southampton",0,0,0,0,0,0
"UKJ33","","","UK","Hampshire CC",0,0,0,0,0,0
"UKJ34","","","UK","Isle of Wight",0,0,0,0,0,0
"UKJ41","","","UK","Medway",0,0,0,0,0,0
"UKJ42","","","UK","Kent CC",0,0,0,0,0,0
"UKK11","","","UK","Bristol, City of",0,0,0,0,0,0
"UKK12","","","UK","Bath and North East Somerset, North Somerset and South Gloucestershire",0,0,0,0,0,0
"UKK13","","","UK","Gloucestershire",0,0,0,0,0,0
"UKK14","","","UK","Swindon",0,0,0,0,0,0
"UKK15","","","UK","Wiltshire CC",0,0,0,0,0,0
"UKK21","","","UK","Bournemouth and Poole",0,0,0,0,0,0
"UKK22","","","UK","Dorset CC",0,0,0,0,0,0
"UKK23","","","UK","Somerset",0,0,0,0,0,0
"UKK30","","","UK","Cornwall and Isles of Scilly",0,0,0,0,0,0
"UKK41","","","UK","Plymouth",0,0,0,0,0,0
"UKK42","","","UK","Torbay",0,0,0,0,0,0
"UKK43","","","UK","Devon CC",0,0,0,0,0,0
"UKL11","","","UK","Isle of Anglesey",0,0,0,0,0,0
"UKL12","","","UK","Gwynedd",0,0,0,0,0,0
"UKL13","","","UK","Conwy and Denbighshire",0,0,0,0,0,0
"UKL14","","","UK","South West Wales",0,0,0,0,0,0
"UKL15","","","UK","Central Valleys",0,0,0,0,0,0
"UKL16","","","UK","Gwent Valleys",0,0,0,0,0,0
"UKL17","","","UK","Bridgend and Neath Port Talbot",0,0,0,0,0,0
"UKL18","","","UK","Swansea",0,0,0,0,0,0
"UKL21","","","UK","Monmouthshire and Newport",0,0,0,0,0,0
"UKL22","","","UK","Cardiff and Vale of Glamorgan",0,0,0,0,0,0
"UKL23","","","UK","Flintshire and Wrexham",0,0,0,0,0,0
"UKL24","","","UK","Powys",0,0,0,0,0,0
"UKM21","","","UK","Angus and Dundee City",0,0,0,0,0,0
"UKM22","","","UK","Clackmannanshire and Fife",0,0,0,0,0,0
"UKM23","","","UK","East Lothian and Midlothian",0,0,0,0,0,0
"UKM24","","","UK","Scottish Borders",0,0,0,0,0,0
"UKM25","","","UK","Edinburgh, City of",0,0,0,0,0,0
"UKM26","","","UK","Falkirk",0,0,0,0,0,0
"UKM27","","","UK","Perth & Kinross and Stirling",0,0,0,0,0,0
"UKM28","","","UK","West Lothian",0,0,0,0,0,0
"UKM31","","","UK","East Dunbartonshire, West Dunbartonshire and Helensburgh & Lomond",0,0,0,0,0,0
"UKM32","","","UK","Dumfries & Galloway",0,0,0,0,0,0
"UKM34","","","UK","Glasgow City",0,0,0,0,0,0
"UKM35","","","UK","Inverclyde, East Renfrewshire and Renfrewshire",0,0,0,0,0,0
"UKM36","","","UK","North Lanarkshire",0,0,0,0,0,0
"UKM37","","","UK","South Ayrshire",0,0,0,0,0,0
"UKM38","","","UK","South Lanarkshire",0,0,0,0,0,0
"UKM50","","","UK","Aberdeen City and Aberdeenshire",0,0,0,0,0,0
"UKM61","","","UK","Caithness & Sutherland and Ross & Cromarty",0,0,0,0,0,0
"UKM62","","","UK","Inverness & Nairn and Moray, Badenoch & Strathspey",0,0,0,0,0,0
"UKM63","","","UK","Lochaber, Skye & Lochalsh, Arran & Cumbrae and Argyll & Bute",0,0,0,0,0,0
"UKM64","","","UK","Eilean Siar (Western Isles)",0,0,0,0,0,0
"UKM65","","","UK","Orkney Islands",0,0,0,0,0,0
"UKM66","","","UK","Shetland Islands",0,0,0,0,0,0
"UKN01","","","UK","Belfast",0,0,0,0,0,0
"UKN02","","","UK","Outer Belfast",0,0,0,0,0,0
"UKN03","","","UK","East of Northern Ireland",0,0,0,0,0,0
"UKN04","","","UK","North of Northern Ireland",0,0,0,0,0,0
"UKN05","","","UK","West and South of Northern Ireland",0,0,0,0,0,0
"UKM33","","","UK","East Ayrshire and North Ayrshire mainland",0,0,0,0,0,0
