"CNTR_CODE","CNTR_NAME","CNTR_CODE_iso2","CNTR_CODE_iso3","CNTR_CODE_Eurostat","AGR","MIN","MFG","EGW","CNS","TRD","OTP","WTP","CMN","OFI","OBS","REA","PUB","OSG"
"AL","Albania","AL","ALB","AL",0,0,0,0,0,0,0,0,0,0,0,0,0,0
"AND","Andorra","AD","AND","AD",0,0,0,0,0,0,0,0,0,0,0,0,0,0
"AT","Austria","AT","AUT","AT",0.00420052071564446,0.000286874387336372,0.000638111617985391,0.00041795195730994,0.00227014661890675,0.00249847523651576,0.00123944807233342,0.0020135586009628,0.00176186377584246,0.00230912683596653,0.00180361219784999,0.00219760296513018,0.00174810376782569,0.0022552292662429
"BE","Belgium","BE","BEL","BE",0,0,0,0,0,0,0,0,0,0,0,0,0,0
"BG","Bulgaria","BG","BGR","BG",0.000147565483388536,2.22662350957567e-05,4.95280998604333e-05,5.56666325804686e-05,0.000283351746472385,0.00033276959365783,0.000148801810279499,0.000268183997846234,0.000234660998115455,0.000307550456245682,0.000242418871153343,0.000263832996949467,0.000244562703154909,0.000295026052582348
"BIH","Bosnia and Herzegovina","BA","BIH","BA",0.00482890474942433,0.000240692414920799,0.000535386333189214,0.000289223377309783,0.00155726409822886,0.00172894858701208,0.000886451319067598,0.00139338555256426,0.00121921235849373,0.00159791921165626,0.0012524607192509,0.00154707691137371,0.00127745642749725,0.001548203114294
"CH","Switzerland","CH","CHE","CH",0,0,0,0,0,0,0,0,0,0,0,0,0,0
"CY","Cyprus","CY","CYP","CY",0,0,0,0,0,0,0,0,0,0,0,0,0,0
"CZ","Czechia","CZ","CZE","CZ",0.00182354998015775,0.000101835273271687,0.000226518204008175,9.96157748282054e-05,0.000568063162895779,0.000595493195381869,0.000327637917483167,0.000479916882045277,0.000419927271789616,0.000550363396840913,0.000426453600944806,0.000580918293409872,0.000438672532338112,0.000531001036391846
"DE","Germany","DE","DEU","DE",1.80851834885993e-08,3.71255283028916e-10,8.25805020583554e-10,6.21783941193598e-10,3.22837872744559e-09,3.71696256558825e-09,1.80390539243406e-09,2.99555578298793e-09,2.62111131011444e-09,3.43527039333478e-09,2.67787382240876e-09,3.19841381637243e-09,2.62841070693961e-09,3.30385813581667e-09
"DK","Denmark","DK","DNK","DK",0,0,0,0,0,0,0,0,0,0,0,0,0,0
"EE","Estonia","EE","EST","EE",0,0,0,0,0,0,0,0,0,0,0,0,0,0
"EL","Greece","GR","GRC","EL",0,0,0,0,0,0,0,0,0,0,0,0,0,0
"ES","Spain","ES","ESP","ES",0,0,0,0,0,0,0,0,0,0,0,0,0,0
"FI","Finland","FI","FIN","FI",0,0,0,0,0,0,0,0,0,0,0,0,0,0
"FR","France","FR","FRA","FR",0,0,0,0,0,0,0,0,0,0,0,0,0,0
"HR","Croatia","HR","HRV","HR",0.00313484434543495,6.26052442941744e-05,0.000139256536987683,5.62999367592781e-05,0.000327754206009843,0.000336555423058226,0.000202099682636128,0.000271235054442488,0.000237330672637177,0.000311049374360652,0.000238945097036506,0.000358332770631435,0.000246877874119834,0.000299478580378366
"HU","Hungary","HU","HUN","HU",0.00420790589571392,0.000236215617328171,0.000525428328287663,0.000248523861073581,0.00139484135024759,0.00148565092641777,0.000795169501038858,0.00119730832517217,0.00104764478452565,0.00137306000593138,0.00107294369649969,0.00140987500184195,0.00109101578525098,0.00133889096679296
"IE","Ireland","IE","IRL","IE",0,0,0,0,0,0,0,0,0,0,0,0,0,0
"IS","Iceland","IS","ISL","IS",0,0,0,0,0,0,0,0,0,0,0,0,0,0
"IT","Italy","IT","ITA","IT",0,0,0,0,0,0,0,0,0,0,0,0,0,0
"LI","Liechtenstein","LI","LIE","LI",0,0,0,0,0,0,0,0,0,0,0,0,0,0
"LT","Lithuania","LT","LTU","LT",0,0,0,0,0,0,0,0,0,0,0,0,0,0
"LU","Luxembourg","LU","LUX","LU",0,0,0,0,0,0,0,0,0,0,0,0,0,0
"LV","Latvia","LV","LVA","LV",0,0,0,0,0,0,0,0,0,0,0,0,0,0
"MDA","Moldova (the Republic of)","MD","MDA","MD",0,0,0,0,0,0,0,0,0,0,0,0,0,0
"ME","Montenegro","ME","MNE","ME",0,0,0,0,0,0,0,0,0,0,0,0,0,0
"MK","North Macedonia","MK","MKD","MK",0,0,0,0,0,0,0,0,0,0,0,0,0,0
"MT","Malta","MT","MLT","MT",0,0,0,0,0,0,0,0,0,0,0,0,0,0
"NL","Netherlands (the)","NL","NLD","NL",0,0,0,0,0,0,0,0,0,0,0,0,0,0
"NO","Norway","NO","NOR","NO",0,0,0,0,0,0,0,0,0,0,0,0,0,0
"PL","Poland","PL","POL","PL",0.00047453257032873,4.26160902566352e-05,9.47934828144383e-05,7.69861324108051e-05,0.000407833174904735,0.000460215443472325,0.000214338645308181,0.000370894516365866,0.000324532701820132,0.000425337748125992,0.000330635224103121,0.00038003305905706,0.000334413793860225,0.000405626314444962
"PT","Portugal","PT","PRT","PT",0,0,0,0,0,0,0,0,0,0,0,0,0,0
"RO","Romania","RO","ROU","RO",0.000157469312166138,7.83268592504498e-06,1.7422705230709e-05,7.63789265962975e-06,4.26625750245462e-05,4.56585627498306e-05,2.51793981669419e-05,3.67969193325809e-05,3.21973044160083e-05,4.21983019869046e-05,3.31534833382219e-05,4.46443229910317e-05,3.35542255870412e-05,4.03791789414361e-05
"SE","Sweden","SE","SWE","SE",0,0,0,0,0,0,0,0,0,0,0,0,0,0
"SI","Slovenia","SI","SVN","SI",0,0,0,0,0,0,0,0,0,0,0,0,0,0
"SK","Slovakia","SK","SVK","SK",0.00461437610270812,0.000239576945947132,0.000532905129767018,0.000235032119646049,0.00134345092330458,0.00140499863788412,0.000767963765918927,0.00113230943829478,0.000990770758507929,0.00129851999804447,0.00101052914880445,0.00136163788283498,0.00102952812378748,0.00124521370989377
"TR","Turkey","TR","TUR","TR",0,0,0,0,0,0,0,0,0,0,0,0,0,0
"UK","United Kingdom","GB","GBR","UK",0,0,0,0,0,0,0,0,0,0,0,0,0,0
