ENDW_COMMi,PROD_COMMj,REGr,Value
capital,b_t,alb,0
capital,b_t,anuz,0
capital,b_t,aut,0
capital,b_t,bel,0
capital,b_t,bgr,0
capital,b_t,blr,0
capital,b_t,bra,0
capital,b_t,can_xna,0
capital,b_t,cas,0
capital,b_t,che,0
capital,b_t,chn,0
capital,b_t,cyp,0
capital,b_t,cze,0
capital,b_t,deu,0
capital,b_t,dnk,0
capital,b_t,esp,0
capital,b_t,est,0
capital,b_t,fin,0
capital,b_t,fra,0
capital,b_t,gbr,0
capital,b_t,grc,0
capital,b_t,hrv,0
capital,b_t,hun,0
capital,b_t,idn,0
capital,b_t,ind,0
capital,b_t,irl,0
capital,b_t,ita,0
capital,b_t,jpn,0
capital,b_t,kor,0
capital,b_t,lam_l,0
capital,b_t,lam_m,0
capital,b_t,ltu,0
capital,b_t,lux,0
capital,b_t,lva,0
capital,b_t,mea_h,0
capital,b_t,mea_m,0
capital,b_t,mex,0
capital,b_t,mlt,0
capital,b_t,naf,0
capital,b_t,nld,0
capital,b_t,nor,0
capital,b_t,oas_cpa,0
capital,b_t,oas_l,0
capital,b_t,oas_m,0
capital,b_t,pak,0
capital,b_t,pol,0
capital,b_t,prt,0
capital,b_t,rou,0
capital,b_t,rus,0
capital,b_t,ssa_l,0
capital,b_t,ssa_m,0
capital,b_t,svk,0
capital,b_t,svn,0
capital,b_t,swe,0
capital,b_t,tur,0
capital,b_t,twn,0
capital,b_t,ukr,0
capital,b_t,usa,0
capital,b_t,xee,0
capital,b_t,xef,0
capital,b_t,xer,0
capital,b_t,zaf,0
capital,c_b,alb,0
capital,c_b,anuz,0
capital,c_b,aut,0
capital,c_b,bel,0
capital,c_b,bgr,0
capital,c_b,blr,0
capital,c_b,bra,0
capital,c_b,can_xna,0
capital,c_b,cas,0
capital,c_b,che,0
capital,c_b,chn,0
capital,c_b,cyp,0
capital,c_b,cze,0
capital,c_b,deu,0
capital,c_b,dnk,0
capital,c_b,esp,0
capital,c_b,est,0
capital,c_b,fin,0
capital,c_b,fra,0
capital,c_b,gbr,0
capital,c_b,grc,0
capital,c_b,hrv,0
capital,c_b,hun,0
capital,c_b,idn,0
capital,c_b,ind,0
capital,c_b,irl,0
capital,c_b,ita,0
capital,c_b,jpn,0
capital,c_b,kor,0
capital,c_b,lam_l,0
capital,c_b,lam_m,0
capital,c_b,ltu,0
capital,c_b,lux,0
capital,c_b,lva,0
capital,c_b,mea_h,0
capital,c_b,mea_m,0
capital,c_b,mex,0
capital,c_b,mlt,0
capital,c_b,naf,0
capital,c_b,nld,0
capital,c_b,nor,0
capital,c_b,oas_cpa,0
capital,c_b,oas_l,0
capital,c_b,oas_m,0
capital,c_b,pak,0
capital,c_b,pol,0
capital,c_b,prt,0
capital,c_b,rou,0
capital,c_b,rus,0
capital,c_b,ssa_l,0
capital,c_b,ssa_m,0
capital,c_b,svk,0
capital,c_b,svn,0
capital,c_b,swe,0
capital,c_b,tur,0
capital,c_b,twn,0
capital,c_b,ukr,0
capital,c_b,usa,0
capital,c_b,xee,0
capital,c_b,xef,0
capital,c_b,xer,0
capital,c_b,zaf,0
capital,cmn,alb,0
capital,cmn,anuz,0
capital,cmn,aut,0
capital,cmn,bel,0
capital,cmn,bgr,0
capital,cmn,blr,0
capital,cmn,bra,0
capital,cmn,can_xna,0
capital,cmn,cas,0
capital,cmn,che,0
capital,cmn,chn,0
capital,cmn,cyp,0
capital,cmn,cze,0
capital,cmn,deu,0
capital,cmn,dnk,0
capital,cmn,esp,0
capital,cmn,est,0
capital,cmn,fin,0
capital,cmn,fra,0
capital,cmn,gbr,0
capital,cmn,grc,0
capital,cmn,hrv,0
capital,cmn,hun,0
capital,cmn,idn,0
capital,cmn,ind,0
capital,cmn,irl,0
capital,cmn,ita,0
capital,cmn,jpn,0
capital,cmn,kor,0
capital,cmn,lam_l,0
capital,cmn,lam_m,0
capital,cmn,ltu,0
capital,cmn,lux,0
capital,cmn,lva,0
capital,cmn,mea_h,0
capital,cmn,mea_m,0
capital,cmn,mex,0
capital,cmn,mlt,0
capital,cmn,naf,0
capital,cmn,nld,0
capital,cmn,nor,0
capital,cmn,oas_cpa,0
capital,cmn,oas_l,0
capital,cmn,oas_m,0
capital,cmn,pak,0
capital,cmn,pol,0
capital,cmn,prt,0
capital,cmn,rou,0
capital,cmn,rus,0
capital,cmn,ssa_l,0
capital,cmn,ssa_m,0
capital,cmn,svk,0
capital,cmn,svn,0
capital,cmn,swe,0
capital,cmn,tur,0
capital,cmn,twn,0
capital,cmn,ukr,0
capital,cmn,usa,0
capital,cmn,xee,0
capital,cmn,xef,0
capital,cmn,xer,0
capital,cmn,zaf,0
capital,cmt,alb,0
capital,cmt,anuz,0
capital,cmt,aut,0
capital,cmt,bel,0
capital,cmt,bgr,0
capital,cmt,blr,0
capital,cmt,bra,0
capital,cmt,can_xna,0
capital,cmt,cas,0
capital,cmt,che,0
capital,cmt,chn,0
capital,cmt,cyp,0
capital,cmt,cze,0
capital,cmt,deu,0
capital,cmt,dnk,0
capital,cmt,esp,0
capital,cmt,est,0
capital,cmt,fin,0
capital,cmt,fra,0
capital,cmt,gbr,0
capital,cmt,grc,0
capital,cmt,hrv,0
capital,cmt,hun,0
capital,cmt,idn,0
capital,cmt,ind,0
capital,cmt,irl,0
capital,cmt,ita,0
capital,cmt,jpn,0
capital,cmt,kor,0
capital,cmt,lam_l,0
capital,cmt,lam_m,0
capital,cmt,ltu,0
capital,cmt,lux,0
capital,cmt,lva,0
capital,cmt,mea_h,0
capital,cmt,mea_m,0
capital,cmt,mex,0
capital,cmt,mlt,0
capital,cmt,naf,0
capital,cmt,nld,0
capital,cmt,nor,0
capital,cmt,oas_cpa,0
capital,cmt,oas_l,0
capital,cmt,oas_m,0
capital,cmt,pak,0
capital,cmt,pol,0
capital,cmt,prt,0
capital,cmt,rou,0
capital,cmt,rus,0
capital,cmt,ssa_l,0
capital,cmt,ssa_m,0
capital,cmt,svk,0
capital,cmt,svn,0
capital,cmt,swe,0
capital,cmt,tur,0
capital,cmt,twn,0
capital,cmt,ukr,0
capital,cmt,usa,0
capital,cmt,xee,0
capital,cmt,xef,0
capital,cmt,xer,0
capital,cmt,zaf,0
capital,cns,alb,0
capital,cns,anuz,0
capital,cns,aut,0
capital,cns,bel,0
capital,cns,bgr,0
capital,cns,blr,0
capital,cns,bra,0
capital,cns,can_xna,0
capital,cns,cas,0
capital,cns,che,0
capital,cns,chn,0
capital,cns,cyp,0
capital,cns,cze,0
capital,cns,deu,0
capital,cns,dnk,0
capital,cns,esp,0
capital,cns,est,0
capital,cns,fin,0
capital,cns,fra,0
capital,cns,gbr,0
capital,cns,grc,0
capital,cns,hrv,0
capital,cns,hun,0
capital,cns,idn,0
capital,cns,ind,0
capital,cns,irl,0
capital,cns,ita,0
capital,cns,jpn,0
capital,cns,kor,0
capital,cns,lam_l,0
capital,cns,lam_m,0
capital,cns,ltu,0
capital,cns,lux,0
capital,cns,lva,0
capital,cns,mea_h,0
capital,cns,mea_m,0
capital,cns,mex,0
capital,cns,mlt,0
capital,cns,naf,0
capital,cns,nld,0
capital,cns,nor,0
capital,cns,oas_cpa,0
capital,cns,oas_l,0
capital,cns,oas_m,0
capital,cns,pak,0
capital,cns,pol,0
capital,cns,prt,0
capital,cns,rou,0
capital,cns,rus,0
capital,cns,ssa_l,0
capital,cns,ssa_m,0
capital,cns,svk,0
capital,cns,svn,0
capital,cns,swe,0
capital,cns,tur,0
capital,cns,twn,0
capital,cns,ukr,0
capital,cns,usa,0
capital,cns,xee,0
capital,cns,xef,0
capital,cns,xer,0
capital,cns,zaf,0
capital,crp,alb,0
capital,crp,anuz,0
capital,crp,aut,0
capital,crp,bel,0
capital,crp,bgr,0
capital,crp,blr,0
capital,crp,bra,0
capital,crp,can_xna,0
capital,crp,cas,0
capital,crp,che,0
capital,crp,chn,0
capital,crp,cyp,0
capital,crp,cze,0
capital,crp,deu,0
capital,crp,dnk,0
capital,crp,esp,0
capital,crp,est,0
capital,crp,fin,0
capital,crp,fra,0
capital,crp,gbr,0
capital,crp,grc,0
capital,crp,hrv,0
capital,crp,hun,0
capital,crp,idn,0
capital,crp,ind,0
capital,crp,irl,0
capital,crp,ita,0
capital,crp,jpn,0
capital,crp,kor,0
capital,crp,lam_l,0
capital,crp,lam_m,0
capital,crp,ltu,0
capital,crp,lux,0
capital,crp,lva,0
capital,crp,mea_h,0
capital,crp,mea_m,0
capital,crp,mex,0
capital,crp,mlt,0
capital,crp,naf,0
capital,crp,nld,0
capital,crp,nor,0
capital,crp,oas_cpa,0
capital,crp,oas_l,0
capital,crp,oas_m,0
capital,crp,pak,0
capital,crp,pol,0
capital,crp,prt,0
capital,crp,rou,0
capital,crp,rus,0
capital,crp,ssa_l,0
capital,crp,ssa_m,0
capital,crp,svk,0
capital,crp,svn,0
capital,crp,swe,0
capital,crp,tur,0
capital,crp,twn,0
capital,crp,ukr,0
capital,crp,usa,0
capital,crp,xee,0
capital,crp,xef,0
capital,crp,xer,0
capital,crp,zaf,0
capital,ctl,alb,0
capital,ctl,anuz,0
capital,ctl,aut,0
capital,ctl,bel,0
capital,ctl,bgr,0
capital,ctl,blr,0
capital,ctl,bra,0
capital,ctl,can_xna,0
capital,ctl,cas,0
capital,ctl,che,0
capital,ctl,chn,0
capital,ctl,cyp,0
capital,ctl,cze,0
capital,ctl,deu,0
capital,ctl,dnk,0
capital,ctl,esp,0
capital,ctl,est,0
capital,ctl,fin,0
capital,ctl,fra,0
capital,ctl,gbr,0
capital,ctl,grc,0
capital,ctl,hrv,0
capital,ctl,hun,0
capital,ctl,idn,0
capital,ctl,ind,0
capital,ctl,irl,0
capital,ctl,ita,0
capital,ctl,jpn,0
capital,ctl,kor,0
capital,ctl,lam_l,0
capital,ctl,lam_m,0
capital,ctl,ltu,0
capital,ctl,lux,0
capital,ctl,lva,0
capital,ctl,mea_h,0
capital,ctl,mea_m,0
capital,ctl,mex,0
capital,ctl,mlt,0
capital,ctl,naf,0
capital,ctl,nld,0
capital,ctl,nor,0
capital,ctl,oas_cpa,0
capital,ctl,oas_l,0
capital,ctl,oas_m,0
capital,ctl,pak,0
capital,ctl,pol,0
capital,ctl,prt,0
capital,ctl,rou,0
capital,ctl,rus,0
capital,ctl,ssa_l,0
capital,ctl,ssa_m,0
capital,ctl,svk,0
capital,ctl,svn,0
capital,ctl,swe,0
capital,ctl,tur,0
capital,ctl,twn,0
capital,ctl,ukr,0
capital,ctl,usa,0
capital,ctl,xee,0
capital,ctl,xef,0
capital,ctl,xer,0
capital,ctl,zaf,0
capital,eqm,alb,0
capital,eqm,anuz,0
capital,eqm,aut,0
capital,eqm,bel,0
capital,eqm,bgr,0
capital,eqm,blr,0
capital,eqm,bra,0
capital,eqm,can_xna,0
capital,eqm,cas,0
capital,eqm,che,0
capital,eqm,chn,0
capital,eqm,cyp,0
capital,eqm,cze,0
capital,eqm,deu,0
capital,eqm,dnk,0
capital,eqm,esp,0
capital,eqm,est,0
capital,eqm,fin,0
capital,eqm,fra,0
capital,eqm,gbr,0
capital,eqm,grc,0
capital,eqm,hrv,0
capital,eqm,hun,0
capital,eqm,idn,0
capital,eqm,ind,0
capital,eqm,irl,0
capital,eqm,ita,0
capital,eqm,jpn,0
capital,eqm,kor,0
capital,eqm,lam_l,0
capital,eqm,lam_m,0
capital,eqm,ltu,0
capital,eqm,lux,0
capital,eqm,lva,0
capital,eqm,mea_h,0
capital,eqm,mea_m,0
capital,eqm,mex,0
capital,eqm,mlt,0
capital,eqm,naf,0
capital,eqm,nld,0
capital,eqm,nor,0
capital,eqm,oas_cpa,0
capital,eqm,oas_l,0
capital,eqm,oas_m,0
capital,eqm,pak,0
capital,eqm,pol,0
capital,eqm,prt,0
capital,eqm,rou,0
capital,eqm,rus,0
capital,eqm,ssa_l,0
capital,eqm,ssa_m,0
capital,eqm,svk,0
capital,eqm,svn,0
capital,eqm,swe,0
capital,eqm,tur,0
capital,eqm,twn,0
capital,eqm,ukr,0
capital,eqm,usa,0
capital,eqm,xee,0
capital,eqm,xef,0
capital,eqm,xer,0
capital,eqm,zaf,0
capital,fin,alb,0
capital,fin,anuz,0
capital,fin,aut,0
capital,fin,bel,0
capital,fin,bgr,0
capital,fin,blr,0
capital,fin,bra,0
capital,fin,can_xna,0
capital,fin,cas,0
capital,fin,che,0
capital,fin,chn,0
capital,fin,cyp,0
capital,fin,cze,0
capital,fin,deu,0
capital,fin,dnk,0
capital,fin,esp,0
capital,fin,est,0
capital,fin,fin,0
capital,fin,fra,0
capital,fin,gbr,0
capital,fin,grc,0
capital,fin,hrv,0
capital,fin,hun,0
capital,fin,idn,0
capital,fin,ind,0
capital,fin,irl,0
capital,fin,ita,0
capital,fin,jpn,0
capital,fin,kor,0
capital,fin,lam_l,0
capital,fin,lam_m,0
capital,fin,ltu,0
capital,fin,lux,0
capital,fin,lva,0
capital,fin,mea_h,0
capital,fin,mea_m,0
capital,fin,mex,0
capital,fin,mlt,0
capital,fin,naf,0
capital,fin,nld,0
capital,fin,nor,0
capital,fin,oas_cpa,0
capital,fin,oas_l,0
capital,fin,oas_m,0
capital,fin,pak,0
capital,fin,pol,0
capital,fin,prt,0
capital,fin,rou,0
capital,fin,rus,0
capital,fin,ssa_l,0
capital,fin,ssa_m,0
capital,fin,svk,0
capital,fin,svn,0
capital,fin,swe,0
capital,fin,tur,0
capital,fin,twn,0
capital,fin,ukr,0
capital,fin,usa,0
capital,fin,xee,0
capital,fin,xef,0
capital,fin,xer,0
capital,fin,zaf,0
capital,frs,alb,0
capital,frs,anuz,0
capital,frs,aut,0
capital,frs,bel,0
capital,frs,bgr,0
capital,frs,blr,0
capital,frs,bra,0
capital,frs,can_xna,0
capital,frs,cas,0
capital,frs,che,0
capital,frs,chn,0
capital,frs,cyp,0
capital,frs,cze,0
capital,frs,deu,0
capital,frs,dnk,0
capital,frs,esp,0
capital,frs,est,0
capital,frs,fin,0
capital,frs,fra,0
capital,frs,gbr,0
capital,frs,grc,0
capital,frs,hrv,0
capital,frs,hun,0
capital,frs,idn,0
capital,frs,ind,0
capital,frs,irl,0
capital,frs,ita,0
capital,frs,jpn,0
capital,frs,kor,0
capital,frs,lam_l,0
capital,frs,lam_m,0
capital,frs,ltu,0
capital,frs,lux,0
capital,frs,lva,0
capital,frs,mea_h,0
capital,frs,mea_m,0
capital,frs,mex,0
capital,frs,mlt,0
capital,frs,naf,0
capital,frs,nld,0
capital,frs,nor,0
capital,frs,oas_cpa,0
capital,frs,oas_l,0
capital,frs,oas_m,0
capital,frs,pak,0
capital,frs,pol,0
capital,frs,prt,0
capital,frs,rou,0
capital,frs,rus,0
capital,frs,ssa_l,0
capital,frs,ssa_m,0
capital,frs,svk,0
capital,frs,svn,0
capital,frs,swe,0
capital,frs,tur,0
capital,frs,twn,0
capital,frs,ukr,0
capital,frs,usa,0
capital,frs,xee,0
capital,frs,xef,0
capital,frs,xer,0
capital,frs,zaf,0
capital,fsh,alb,0
capital,fsh,anuz,0
capital,fsh,aut,0
capital,fsh,bel,0
capital,fsh,bgr,0
capital,fsh,blr,0
capital,fsh,bra,0
capital,fsh,can_xna,0
capital,fsh,cas,0
capital,fsh,che,0
capital,fsh,chn,0
capital,fsh,cyp,0
capital,fsh,cze,0
capital,fsh,deu,0
capital,fsh,dnk,0
capital,fsh,esp,0
capital,fsh,est,0
capital,fsh,fin,0
capital,fsh,fra,0
capital,fsh,gbr,0
capital,fsh,grc,0
capital,fsh,hrv,0
capital,fsh,hun,0
capital,fsh,idn,0
capital,fsh,ind,0
capital,fsh,irl,0
capital,fsh,ita,0
capital,fsh,jpn,0
capital,fsh,kor,0
capital,fsh,lam_l,0
capital,fsh,lam_m,0
capital,fsh,ltu,0
capital,fsh,lux,0
capital,fsh,lva,0
capital,fsh,mea_h,0
capital,fsh,mea_m,0
capital,fsh,mex,0
capital,fsh,mlt,0
capital,fsh,naf,0
capital,fsh,nld,0
capital,fsh,nor,0
capital,fsh,oas_cpa,0
capital,fsh,oas_l,0
capital,fsh,oas_m,0
capital,fsh,pak,0
capital,fsh,pol,0
capital,fsh,prt,0
capital,fsh,rou,0
capital,fsh,rus,0
capital,fsh,ssa_l,0
capital,fsh,ssa_m,0
capital,fsh,svk,0
capital,fsh,svn,0
capital,fsh,swe,0
capital,fsh,tur,0
capital,fsh,twn,0
capital,fsh,ukr,0
capital,fsh,usa,0
capital,fsh,xee,0
capital,fsh,xef,0
capital,fsh,xer,0
capital,fsh,zaf,0
capital,gro,alb,0
capital,gro,anuz,0
capital,gro,aut,0
capital,gro,bel,0
capital,gro,bgr,0
capital,gro,blr,0
capital,gro,bra,0
capital,gro,can_xna,0
capital,gro,cas,0
capital,gro,che,0
capital,gro,chn,0
capital,gro,cyp,0
capital,gro,cze,0
capital,gro,deu,0
capital,gro,dnk,0
capital,gro,esp,0
capital,gro,est,0
capital,gro,fin,0
capital,gro,fra,0
capital,gro,gbr,0
capital,gro,grc,0
capital,gro,hrv,0
capital,gro,hun,0
capital,gro,idn,0
capital,gro,ind,0
capital,gro,irl,0
capital,gro,ita,0
capital,gro,jpn,0
capital,gro,kor,0
capital,gro,lam_l,0
capital,gro,lam_m,0
capital,gro,ltu,0
capital,gro,lux,0
capital,gro,lva,0
capital,gro,mea_h,0
capital,gro,mea_m,0
capital,gro,mex,0
capital,gro,mlt,0
capital,gro,naf,0
capital,gro,nld,0
capital,gro,nor,0
capital,gro,oas_cpa,0
capital,gro,oas_l,0
capital,gro,oas_m,0
capital,gro,pak,0
capital,gro,pol,0
capital,gro,prt,0
capital,gro,rou,0
capital,gro,rus,0
capital,gro,ssa_l,0
capital,gro,ssa_m,0
capital,gro,svk,0
capital,gro,svn,0
capital,gro,swe,0
capital,gro,tur,0
capital,gro,twn,0
capital,gro,ukr,0
capital,gro,usa,0
capital,gro,xee,0
capital,gro,xef,0
capital,gro,xer,0
capital,gro,zaf,0
capital,mil,alb,0
capital,mil,anuz,0
capital,mil,aut,0
capital,mil,bel,0
capital,mil,bgr,0
capital,mil,blr,0
capital,mil,bra,0
capital,mil,can_xna,0
capital,mil,cas,0
capital,mil,che,0
capital,mil,chn,0
capital,mil,cyp,0
capital,mil,cze,0
capital,mil,deu,0
capital,mil,dnk,0
capital,mil,esp,0
capital,mil,est,0
capital,mil,fin,0
capital,mil,fra,0
capital,mil,gbr,0
capital,mil,grc,0
capital,mil,hrv,0
capital,mil,hun,0
capital,mil,idn,0
capital,mil,ind,0
capital,mil,irl,0
capital,mil,ita,0
capital,mil,jpn,0
capital,mil,kor,0
capital,mil,lam_l,0
capital,mil,lam_m,0
capital,mil,ltu,0
capital,mil,lux,0
capital,mil,lva,0
capital,mil,mea_h,0
capital,mil,mea_m,0
capital,mil,mex,0
capital,mil,mlt,0
capital,mil,naf,0
capital,mil,nld,0
capital,mil,nor,0
capital,mil,oas_cpa,0
capital,mil,oas_l,0
capital,mil,oas_m,0
capital,mil,pak,0
capital,mil,pol,0
capital,mil,prt,0
capital,mil,rou,0
capital,mil,rus,0
capital,mil,ssa_l,0
capital,mil,ssa_m,0
capital,mil,svk,0
capital,mil,svn,0
capital,mil,swe,0
capital,mil,tur,0
capital,mil,twn,0
capital,mil,ukr,0
capital,mil,usa,0
capital,mil,xee,0
capital,mil,xef,0
capital,mil,xer,0
capital,mil,zaf,0
capital,min,alb,0
capital,min,anuz,0
capital,min,aut,0
capital,min,bel,0
capital,min,bgr,0
capital,min,blr,0
capital,min,bra,0
capital,min,can_xna,0
capital,min,cas,0
capital,min,che,0
capital,min,chn,0
capital,min,cyp,0
capital,min,cze,0
capital,min,deu,0
capital,min,dnk,0
capital,min,esp,0
capital,min,est,0
capital,min,fin,0
capital,min,fra,0
capital,min,gbr,0
capital,min,grc,0
capital,min,hrv,0
capital,min,hun,0
capital,min,idn,0
capital,min,ind,0
capital,min,irl,0
capital,min,ita,0
capital,min,jpn,0
capital,min,kor,0
capital,min,lam_l,0
capital,min,lam_m,0
capital,min,ltu,0
capital,min,lux,0
capital,min,lva,0
capital,min,mea_h,0
capital,min,mea_m,0
capital,min,mex,0
capital,min,mlt,0
capital,min,naf,0
capital,min,nld,0
capital,min,nor,0
capital,min,oas_cpa,0
capital,min,oas_l,0
capital,min,oas_m,0
capital,min,pak,0
capital,min,pol,0
capital,min,prt,0
capital,min,rou,0
capital,min,rus,0
capital,min,ssa_l,0
capital,min,ssa_m,0
capital,min,svk,0
capital,min,svn,0
capital,min,swe,0
capital,min,tur,0
capital,min,twn,0
capital,min,ukr,0
capital,min,usa,0
capital,min,xee,0
capital,min,xef,0
capital,min,xer,0
capital,min,zaf,0
capital,mmi,alb,0
capital,mmi,anuz,0
capital,mmi,aut,0
capital,mmi,bel,0
capital,mmi,bgr,0
capital,mmi,blr,0
capital,mmi,bra,0
capital,mmi,can_xna,0
capital,mmi,cas,0
capital,mmi,che,0
capital,mmi,chn,0
capital,mmi,cyp,0
capital,mmi,cze,0
capital,mmi,deu,0
capital,mmi,dnk,0
capital,mmi,esp,0
capital,mmi,est,0
capital,mmi,fin,0
capital,mmi,fra,0
capital,mmi,gbr,0
capital,mmi,grc,0
capital,mmi,hrv,0
capital,mmi,hun,0
capital,mmi,idn,0
capital,mmi,ind,0
capital,mmi,irl,0
capital,mmi,ita,0
capital,mmi,jpn,0
capital,mmi,kor,0
capital,mmi,lam_l,0
capital,mmi,lam_m,0
capital,mmi,ltu,0
capital,mmi,lux,0
capital,mmi,lva,0
capital,mmi,mea_h,0
capital,mmi,mea_m,0
capital,mmi,mex,0
capital,mmi,mlt,0
capital,mmi,naf,0
capital,mmi,nld,0
capital,mmi,nor,0
capital,mmi,oas_cpa,0
capital,mmi,oas_l,0
capital,mmi,oas_m,0
capital,mmi,pak,0
capital,mmi,pol,0
capital,mmi,prt,0
capital,mmi,rou,0
capital,mmi,rus,0
capital,mmi,ssa_l,0
capital,mmi,ssa_m,0
capital,mmi,svk,0
capital,mmi,svn,0
capital,mmi,swe,0
capital,mmi,tur,0
capital,mmi,twn,0
capital,mmi,ukr,0
capital,mmi,usa,0
capital,mmi,xee,0
capital,mmi,xef,0
capital,mmi,xer,0
capital,mmi,zaf,0
capital,mvo,alb,0
capital,mvo,anuz,0
capital,mvo,aut,0
capital,mvo,bel,0
capital,mvo,bgr,0
capital,mvo,blr,0
capital,mvo,bra,0
capital,mvo,can_xna,0
capital,mvo,cas,0
capital,mvo,che,0
capital,mvo,chn,0
capital,mvo,cyp,0
capital,mvo,cze,0
capital,mvo,deu,0
capital,mvo,dnk,0
capital,mvo,esp,0
capital,mvo,est,0
capital,mvo,fin,0
capital,mvo,fra,0
capital,mvo,gbr,0
capital,mvo,grc,0
capital,mvo,hrv,0
capital,mvo,hun,0
capital,mvo,idn,0
capital,mvo,ind,0
capital,mvo,irl,0
capital,mvo,ita,0
capital,mvo,jpn,0
capital,mvo,kor,0
capital,mvo,lam_l,0
capital,mvo,lam_m,0
capital,mvo,ltu,0
capital,mvo,lux,0
capital,mvo,lva,0
capital,mvo,mea_h,0
capital,mvo,mea_m,0
capital,mvo,mex,0
capital,mvo,mlt,0
capital,mvo,naf,0
capital,mvo,nld,0
capital,mvo,nor,0
capital,mvo,oas_cpa,0
capital,mvo,oas_l,0
capital,mvo,oas_m,0
capital,mvo,pak,0
capital,mvo,pol,0
capital,mvo,prt,0
capital,mvo,rou,0
capital,mvo,rus,0
capital,mvo,ssa_l,0
capital,mvo,ssa_m,0
capital,mvo,svk,0
capital,mvo,svn,0
capital,mvo,swe,0
capital,mvo,tur,0
capital,mvo,twn,0
capital,mvo,ukr,0
capital,mvo,usa,0
capital,mvo,xee,0
capital,mvo,xef,0
capital,mvo,xer,0
capital,mvo,zaf,0
capital,nmm,alb,0
capital,nmm,anuz,0
capital,nmm,aut,0
capital,nmm,bel,0
capital,nmm,bgr,0
capital,nmm,blr,0
capital,nmm,bra,0
capital,nmm,can_xna,0
capital,nmm,cas,0
capital,nmm,che,0
capital,nmm,chn,0
capital,nmm,cyp,0
capital,nmm,cze,0
capital,nmm,deu,0
capital,nmm,dnk,0
capital,nmm,esp,0
capital,nmm,est,0
capital,nmm,fin,0
capital,nmm,fra,0
capital,nmm,gbr,0
capital,nmm,grc,0
capital,nmm,hrv,0
capital,nmm,hun,0
capital,nmm,idn,0
capital,nmm,ind,0
capital,nmm,irl,0
capital,nmm,ita,0
capital,nmm,jpn,0
capital,nmm,kor,0
capital,nmm,lam_l,0
capital,nmm,lam_m,0
capital,nmm,ltu,0
capital,nmm,lux,0
capital,nmm,lva,0
capital,nmm,mea_h,0
capital,nmm,mea_m,0
capital,nmm,mex,0
capital,nmm,mlt,0
capital,nmm,naf,0
capital,nmm,nld,0
capital,nmm,nor,0
capital,nmm,oas_cpa,0
capital,nmm,oas_l,0
capital,nmm,oas_m,0
capital,nmm,pak,0
capital,nmm,pol,0
capital,nmm,prt,0
capital,nmm,rou,0
capital,nmm,rus,0
capital,nmm,ssa_l,0
capital,nmm,ssa_m,0
capital,nmm,svk,0
capital,nmm,svn,0
capital,nmm,swe,0
capital,nmm,tur,0
capital,nmm,twn,0
capital,nmm,ukr,0
capital,nmm,usa,0
capital,nmm,xee,0
capital,nmm,xef,0
capital,nmm,xer,0
capital,nmm,zaf,0
capital,oap,alb,0
capital,oap,anuz,0
capital,oap,aut,0
capital,oap,bel,0
capital,oap,bgr,0
capital,oap,blr,0
capital,oap,bra,0
capital,oap,can_xna,0
capital,oap,cas,0
capital,oap,che,0
capital,oap,chn,0
capital,oap,cyp,0
capital,oap,cze,0
capital,oap,deu,0
capital,oap,dnk,0
capital,oap,esp,0
capital,oap,est,0
capital,oap,fin,0
capital,oap,fra,0
capital,oap,gbr,0
capital,oap,grc,0
capital,oap,hrv,0
capital,oap,hun,0
capital,oap,idn,0
capital,oap,ind,0
capital,oap,irl,0
capital,oap,ita,0
capital,oap,jpn,0
capital,oap,kor,0
capital,oap,lam_l,0
capital,oap,lam_m,0
capital,oap,ltu,0
capital,oap,lux,0
capital,oap,lva,0
capital,oap,mea_h,0
capital,oap,mea_m,0
capital,oap,mex,0
capital,oap,mlt,0
capital,oap,naf,0
capital,oap,nld,0
capital,oap,nor,0
capital,oap,oas_cpa,0
capital,oap,oas_l,0
capital,oap,oas_m,0
capital,oap,pak,0
capital,oap,pol,0
capital,oap,prt,0
capital,oap,rou,0
capital,oap,rus,0
capital,oap,ssa_l,0
capital,oap,ssa_m,0
capital,oap,svk,0
capital,oap,svn,0
capital,oap,swe,0
capital,oap,tur,0
capital,oap,twn,0
capital,oap,ukr,0
capital,oap,usa,0
capital,oap,xee,0
capital,oap,xef,0
capital,oap,xer,0
capital,oap,zaf,0
capital,ocr,alb,0
capital,ocr,anuz,0
capital,ocr,aut,0
capital,ocr,bel,0
capital,ocr,bgr,0
capital,ocr,blr,0
capital,ocr,bra,0
capital,ocr,can_xna,0
capital,ocr,cas,0
capital,ocr,che,0
capital,ocr,chn,0
capital,ocr,cyp,0
capital,ocr,cze,0
capital,ocr,deu,0
capital,ocr,dnk,0
capital,ocr,esp,0
capital,ocr,est,0
capital,ocr,fin,0
capital,ocr,fra,0
capital,ocr,gbr,0
capital,ocr,grc,0
capital,ocr,hrv,0
capital,ocr,hun,0
capital,ocr,idn,0
capital,ocr,ind,0
capital,ocr,irl,0
capital,ocr,ita,0
capital,ocr,jpn,0
capital,ocr,kor,0
capital,ocr,lam_l,0
capital,ocr,lam_m,0
capital,ocr,ltu,0
capital,ocr,lux,0
capital,ocr,lva,0
capital,ocr,mea_h,0
capital,ocr,mea_m,0
capital,ocr,mex,0
capital,ocr,mlt,0
capital,ocr,naf,0
capital,ocr,nld,0
capital,ocr,nor,0
capital,ocr,oas_cpa,0
capital,ocr,oas_l,0
capital,ocr,oas_m,0
capital,ocr,pak,0
capital,ocr,pol,0
capital,ocr,prt,0
capital,ocr,rou,0
capital,ocr,rus,0
capital,ocr,ssa_l,0
capital,ocr,ssa_m,0
capital,ocr,svk,0
capital,ocr,svn,0
capital,ocr,swe,0
capital,ocr,tur,0
capital,ocr,twn,0
capital,ocr,ukr,0
capital,ocr,usa,0
capital,ocr,xee,0
capital,ocr,xef,0
capital,ocr,xer,0
capital,ocr,zaf,0
capital,ofd,alb,0
capital,ofd,anuz,0
capital,ofd,aut,0
capital,ofd,bel,0
capital,ofd,bgr,0
capital,ofd,blr,0
capital,ofd,bra,0
capital,ofd,can_xna,0
capital,ofd,cas,0
capital,ofd,che,0
capital,ofd,chn,0
capital,ofd,cyp,0
capital,ofd,cze,0
capital,ofd,deu,0
capital,ofd,dnk,0
capital,ofd,esp,0
capital,ofd,est,0
capital,ofd,fin,0
capital,ofd,fra,0
capital,ofd,gbr,0
capital,ofd,grc,0
capital,ofd,hrv,0
capital,ofd,hun,0
capital,ofd,idn,0
capital,ofd,ind,0
capital,ofd,irl,0
capital,ofd,ita,0
capital,ofd,jpn,0
capital,ofd,kor,0
capital,ofd,lam_l,0
capital,ofd,lam_m,0
capital,ofd,ltu,0
capital,ofd,lux,0
capital,ofd,lva,0
capital,ofd,mea_h,0
capital,ofd,mea_m,0
capital,ofd,mex,0
capital,ofd,mlt,0
capital,ofd,naf,0
capital,ofd,nld,0
capital,ofd,nor,0
capital,ofd,oas_cpa,0
capital,ofd,oas_l,0
capital,ofd,oas_m,0
capital,ofd,pak,0
capital,ofd,pol,0
capital,ofd,prt,0
capital,ofd,rou,0
capital,ofd,rus,0
capital,ofd,ssa_l,0
capital,ofd,ssa_m,0
capital,ofd,svk,0
capital,ofd,svn,0
capital,ofd,swe,0
capital,ofd,tur,0
capital,ofd,twn,0
capital,ofd,ukr,0
capital,ofd,usa,0
capital,ofd,xee,0
capital,ofd,xef,0
capital,ofd,xer,0
capital,ofd,zaf,0
capital,omf,alb,0
capital,omf,anuz,0
capital,omf,aut,0
capital,omf,bel,0
capital,omf,bgr,0
capital,omf,blr,0
capital,omf,bra,0
capital,omf,can_xna,0
capital,omf,cas,0
capital,omf,che,0
capital,omf,chn,0
capital,omf,cyp,0
capital,omf,cze,0
capital,omf,deu,0
capital,omf,dnk,0
capital,omf,esp,0
capital,omf,est,0
capital,omf,fin,0
capital,omf,fra,0
capital,omf,gbr,0
capital,omf,grc,0
capital,omf,hrv,0
capital,omf,hun,0
capital,omf,idn,0
capital,omf,ind,0
capital,omf,irl,0
capital,omf,ita,0
capital,omf,jpn,0
capital,omf,kor,0
capital,omf,lam_l,0
capital,omf,lam_m,0
capital,omf,ltu,0
capital,omf,lux,0
capital,omf,lva,0
capital,omf,mea_h,0
capital,omf,mea_m,0
capital,omf,mex,0
capital,omf,mlt,0
capital,omf,naf,0
capital,omf,nld,0
capital,omf,nor,0
capital,omf,oas_cpa,0
capital,omf,oas_l,0
capital,omf,oas_m,0
capital,omf,pak,0
capital,omf,pol,0
capital,omf,prt,0
capital,omf,rou,0
capital,omf,rus,0
capital,omf,ssa_l,0
capital,omf,ssa_m,0
capital,omf,svk,0
capital,omf,svn,0
capital,omf,swe,0
capital,omf,tur,0
capital,omf,twn,0
capital,omf,ukr,0
capital,omf,usa,0
capital,omf,xee,0
capital,omf,xef,0
capital,omf,xer,0
capital,omf,zaf,0
capital,omt,alb,0
capital,omt,anuz,0
capital,omt,aut,0
capital,omt,bel,0
capital,omt,bgr,0
capital,omt,blr,0
capital,omt,bra,0
capital,omt,can_xna,0
capital,omt,cas,0
capital,omt,che,0
capital,omt,chn,0
capital,omt,cyp,0
capital,omt,cze,0
capital,omt,deu,0
capital,omt,dnk,0
capital,omt,esp,0
capital,omt,est,0
capital,omt,fin,0
capital,omt,fra,0
capital,omt,gbr,0
capital,omt,grc,0
capital,omt,hrv,0
capital,omt,hun,0
capital,omt,idn,0
capital,omt,ind,0
capital,omt,irl,0
capital,omt,ita,0
capital,omt,jpn,0
capital,omt,kor,0
capital,omt,lam_l,0
capital,omt,lam_m,0
capital,omt,ltu,0
capital,omt,lux,0
capital,omt,lva,0
capital,omt,mea_h,0
capital,omt,mea_m,0
capital,omt,mex,0
capital,omt,mlt,0
capital,omt,naf,0
capital,omt,nld,0
capital,omt,nor,0
capital,omt,oas_cpa,0
capital,omt,oas_l,0
capital,omt,oas_m,0
capital,omt,pak,0
capital,omt,pol,0
capital,omt,prt,0
capital,omt,rou,0
capital,omt,rus,0
capital,omt,ssa_l,0
capital,omt,ssa_m,0
capital,omt,svk,0
capital,omt,svn,0
capital,omt,swe,0
capital,omt,tur,0
capital,omt,twn,0
capital,omt,ukr,0
capital,omt,usa,0
capital,omt,xee,0
capital,omt,xef,0
capital,omt,xer,0
capital,omt,zaf,0
capital,osd,alb,0
capital,osd,anuz,0
capital,osd,aut,0
capital,osd,bel,0
capital,osd,bgr,0
capital,osd,blr,0
capital,osd,bra,0
capital,osd,can_xna,0
capital,osd,cas,0
capital,osd,che,0
capital,osd,chn,0
capital,osd,cyp,0
capital,osd,cze,0
capital,osd,deu,0
capital,osd,dnk,0
capital,osd,esp,0
capital,osd,est,0
capital,osd,fin,0
capital,osd,fra,0
capital,osd,gbr,0
capital,osd,grc,0
capital,osd,hrv,0
capital,osd,hun,0
capital,osd,idn,0
capital,osd,ind,0
capital,osd,irl,0
capital,osd,ita,0
capital,osd,jpn,0
capital,osd,kor,0
capital,osd,lam_l,0
capital,osd,lam_m,0
capital,osd,ltu,0
capital,osd,lux,0
capital,osd,lva,0
capital,osd,mea_h,0
capital,osd,mea_m,0
capital,osd,mex,0
capital,osd,mlt,0
capital,osd,naf,0
capital,osd,nld,0
capital,osd,nor,0
capital,osd,oas_cpa,0
capital,osd,oas_l,0
capital,osd,oas_m,0
capital,osd,pak,0
capital,osd,pol,0
capital,osd,prt,0
capital,osd,rou,0
capital,osd,rus,0
capital,osd,ssa_l,0
capital,osd,ssa_m,0
capital,osd,svk,0
capital,osd,svn,0
capital,osd,swe,0
capital,osd,tur,0
capital,osd,twn,0
capital,osd,ukr,0
capital,osd,usa,0
capital,osd,xee,0
capital,osd,xef,0
capital,osd,xer,0
capital,osd,zaf,0
capital,osg,alb,0
capital,osg,anuz,0
capital,osg,aut,0
capital,osg,bel,0
capital,osg,bgr,0
capital,osg,blr,0
capital,osg,bra,0
capital,osg,can_xna,0
capital,osg,cas,0
capital,osg,che,0
capital,osg,chn,0
capital,osg,cyp,0
capital,osg,cze,0
capital,osg,deu,0
capital,osg,dnk,0
capital,osg,esp,0
capital,osg,est,0
capital,osg,fin,0
capital,osg,fra,0
capital,osg,gbr,0
capital,osg,grc,0
capital,osg,hrv,0
capital,osg,hun,0
capital,osg,idn,0
capital,osg,ind,0
capital,osg,irl,0
capital,osg,ita,0
capital,osg,jpn,0
capital,osg,kor,0
capital,osg,lam_l,0
capital,osg,lam_m,0
capital,osg,ltu,0
capital,osg,lux,0
capital,osg,lva,0
capital,osg,mea_h,0
capital,osg,mea_m,0
capital,osg,mex,0
capital,osg,mlt,0
capital,osg,naf,0
capital,osg,nld,0
capital,osg,nor,0
capital,osg,oas_cpa,0
capital,osg,oas_l,0
capital,osg,oas_m,0
capital,osg,pak,0
capital,osg,pol,0
capital,osg,prt,0
capital,osg,rou,0
capital,osg,rus,0
capital,osg,ssa_l,0
capital,osg,ssa_m,0
capital,osg,svk,0
capital,osg,svn,0
capital,osg,swe,0
capital,osg,tur,0
capital,osg,twn,0
capital,osg,ukr,0
capital,osg,usa,0
capital,osg,xee,0
capital,osg,xef,0
capital,osg,xer,0
capital,osg,zaf,0
capital,p_c,alb,0
capital,p_c,anuz,0
capital,p_c,aut,0
capital,p_c,bel,0
capital,p_c,bgr,0
capital,p_c,blr,0
capital,p_c,bra,0
capital,p_c,can_xna,0
capital,p_c,cas,0
capital,p_c,che,0
capital,p_c,chn,0
capital,p_c,cyp,0
capital,p_c,cze,0
capital,p_c,deu,0
capital,p_c,dnk,0
capital,p_c,esp,0
capital,p_c,est,0
capital,p_c,fin,0
capital,p_c,fra,0
capital,p_c,gbr,0
capital,p_c,grc,0
capital,p_c,hrv,0
capital,p_c,hun,0
capital,p_c,idn,0
capital,p_c,ind,0
capital,p_c,irl,0
capital,p_c,ita,0
capital,p_c,jpn,0
capital,p_c,kor,0
capital,p_c,lam_l,0
capital,p_c,lam_m,0
capital,p_c,ltu,0
capital,p_c,lux,0
capital,p_c,lva,0
capital,p_c,mea_h,0
capital,p_c,mea_m,0
capital,p_c,mex,0
capital,p_c,mlt,0
capital,p_c,naf,0
capital,p_c,nld,0
capital,p_c,nor,0
capital,p_c,oas_cpa,0
capital,p_c,oas_l,0
capital,p_c,oas_m,0
capital,p_c,pak,0
capital,p_c,pol,0
capital,p_c,prt,0
capital,p_c,rou,0
capital,p_c,rus,0
capital,p_c,ssa_l,0
capital,p_c,ssa_m,0
capital,p_c,svk,0
capital,p_c,svn,0
capital,p_c,swe,0
capital,p_c,tur,0
capital,p_c,twn,0
capital,p_c,ukr,0
capital,p_c,usa,0
capital,p_c,xee,0
capital,p_c,xef,0
capital,p_c,xer,0
capital,p_c,zaf,0
capital,pcr,alb,0
capital,pcr,anuz,0
capital,pcr,aut,0
capital,pcr,bel,0
capital,pcr,bgr,0
capital,pcr,blr,0
capital,pcr,bra,0
capital,pcr,can_xna,0
capital,pcr,cas,0
capital,pcr,che,0
capital,pcr,chn,0
capital,pcr,cyp,0
capital,pcr,cze,0
capital,pcr,deu,0
capital,pcr,dnk,0
capital,pcr,esp,0
capital,pcr,est,0
capital,pcr,fin,0
capital,pcr,fra,0
capital,pcr,gbr,0
capital,pcr,grc,0
capital,pcr,hrv,0
capital,pcr,hun,0
capital,pcr,idn,0
capital,pcr,ind,0
capital,pcr,irl,0
capital,pcr,ita,0
capital,pcr,jpn,0
capital,pcr,kor,0
capital,pcr,lam_l,0
capital,pcr,lam_m,0
capital,pcr,ltu,0
capital,pcr,lux,0
capital,pcr,lva,0
capital,pcr,mea_h,0
capital,pcr,mea_m,0
capital,pcr,mex,0
capital,pcr,mlt,0
capital,pcr,naf,0
capital,pcr,nld,0
capital,pcr,nor,0
capital,pcr,oas_cpa,0
capital,pcr,oas_l,0
capital,pcr,oas_m,0
capital,pcr,pak,0
capital,pcr,pol,0
capital,pcr,prt,0
capital,pcr,rou,0
capital,pcr,rus,0
capital,pcr,ssa_l,0
capital,pcr,ssa_m,0
capital,pcr,svk,0
capital,pcr,svn,0
capital,pcr,swe,0
capital,pcr,tur,0
capital,pcr,twn,0
capital,pcr,ukr,0
capital,pcr,usa,0
capital,pcr,xee,0
capital,pcr,xef,0
capital,pcr,xer,0
capital,pcr,zaf,0
capital,pdr,alb,0
capital,pdr,anuz,0
capital,pdr,aut,0
capital,pdr,bel,0
capital,pdr,bgr,0
capital,pdr,blr,0
capital,pdr,bra,0
capital,pdr,can_xna,0
capital,pdr,cas,0
capital,pdr,che,0
capital,pdr,chn,0
capital,pdr,cyp,0
capital,pdr,cze,0
capital,pdr,deu,0
capital,pdr,dnk,0
capital,pdr,esp,0
capital,pdr,est,0
capital,pdr,fin,0
capital,pdr,fra,0
capital,pdr,gbr,0
capital,pdr,grc,0
capital,pdr,hrv,0
capital,pdr,hun,0
capital,pdr,idn,0
capital,pdr,ind,0
capital,pdr,irl,0
capital,pdr,ita,0
capital,pdr,jpn,0
capital,pdr,kor,0
capital,pdr,lam_l,0
capital,pdr,lam_m,0
capital,pdr,ltu,0
capital,pdr,lux,0
capital,pdr,lva,0
capital,pdr,mea_h,0
capital,pdr,mea_m,0
capital,pdr,mex,0
capital,pdr,mlt,0
capital,pdr,naf,0
capital,pdr,nld,0
capital,pdr,nor,0
capital,pdr,oas_cpa,0
capital,pdr,oas_l,0
capital,pdr,oas_m,0
capital,pdr,pak,0
capital,pdr,pol,0
capital,pdr,prt,0
capital,pdr,rou,0
capital,pdr,rus,0
capital,pdr,ssa_l,0
capital,pdr,ssa_m,0
capital,pdr,svk,0
capital,pdr,svn,0
capital,pdr,swe,0
capital,pdr,tur,0
capital,pdr,twn,0
capital,pdr,ukr,0
capital,pdr,usa,0
capital,pdr,xee,0
capital,pdr,xef,0
capital,pdr,xer,0
capital,pdr,zaf,0
capital,pfb,alb,0
capital,pfb,anuz,0
capital,pfb,aut,0
capital,pfb,bel,0
capital,pfb,bgr,0
capital,pfb,blr,0
capital,pfb,bra,0
capital,pfb,can_xna,0
capital,pfb,cas,0
capital,pfb,che,0
capital,pfb,chn,0
capital,pfb,cyp,0
capital,pfb,cze,0
capital,pfb,deu,0
capital,pfb,dnk,0
capital,pfb,esp,0
capital,pfb,est,0
capital,pfb,fin,0
capital,pfb,fra,0
capital,pfb,gbr,0
capital,pfb,grc,0
capital,pfb,hrv,0
capital,pfb,hun,0
capital,pfb,idn,0
capital,pfb,ind,0
capital,pfb,irl,0
capital,pfb,ita,0
capital,pfb,jpn,0
capital,pfb,kor,0
capital,pfb,lam_l,0
capital,pfb,lam_m,0
capital,pfb,ltu,0
capital,pfb,lux,0
capital,pfb,lva,0
capital,pfb,mea_h,0
capital,pfb,mea_m,0
capital,pfb,mex,0
capital,pfb,mlt,0
capital,pfb,naf,0
capital,pfb,nld,0
capital,pfb,nor,0
capital,pfb,oas_cpa,0
capital,pfb,oas_l,0
capital,pfb,oas_m,0
capital,pfb,pak,0
capital,pfb,pol,0
capital,pfb,prt,0
capital,pfb,rou,0
capital,pfb,rus,0
capital,pfb,ssa_l,0
capital,pfb,ssa_m,0
capital,pfb,svk,0
capital,pfb,svn,0
capital,pfb,swe,0
capital,pfb,tur,0
capital,pfb,twn,0
capital,pfb,ukr,0
capital,pfb,usa,0
capital,pfb,xee,0
capital,pfb,xef,0
capital,pfb,xer,0
capital,pfb,zaf,0
capital,rmk,alb,0
capital,rmk,anuz,0
capital,rmk,aut,0
capital,rmk,bel,0
capital,rmk,bgr,0
capital,rmk,blr,0
capital,rmk,bra,0
capital,rmk,can_xna,0
capital,rmk,cas,0
capital,rmk,che,0
capital,rmk,chn,0
capital,rmk,cyp,0
capital,rmk,cze,0
capital,rmk,deu,0
capital,rmk,dnk,0
capital,rmk,esp,0
capital,rmk,est,0
capital,rmk,fin,0
capital,rmk,fra,0
capital,rmk,gbr,0
capital,rmk,grc,0
capital,rmk,hrv,0
capital,rmk,hun,0
capital,rmk,idn,0
capital,rmk,ind,0
capital,rmk,irl,0
capital,rmk,ita,0
capital,rmk,jpn,0
capital,rmk,kor,0
capital,rmk,lam_l,0
capital,rmk,lam_m,0
capital,rmk,ltu,0
capital,rmk,lux,0
capital,rmk,lva,0
capital,rmk,mea_h,0
capital,rmk,mea_m,0
capital,rmk,mex,0
capital,rmk,mlt,0
capital,rmk,naf,0
capital,rmk,nld,0
capital,rmk,nor,0
capital,rmk,oas_cpa,0
capital,rmk,oas_l,0
capital,rmk,oas_m,0
capital,rmk,pak,0
capital,rmk,pol,0
capital,rmk,prt,0
capital,rmk,rou,0
capital,rmk,rus,0
capital,rmk,ssa_l,0
capital,rmk,ssa_m,0
capital,rmk,svk,0
capital,rmk,svn,0
capital,rmk,swe,0
capital,rmk,tur,0
capital,rmk,twn,0
capital,rmk,ukr,0
capital,rmk,usa,0
capital,rmk,xee,0
capital,rmk,xef,0
capital,rmk,xer,0
capital,rmk,zaf,0
capital,sgr,alb,0
capital,sgr,anuz,0
capital,sgr,aut,0
capital,sgr,bel,0
capital,sgr,bgr,0
capital,sgr,blr,0
capital,sgr,bra,0
capital,sgr,can_xna,0
capital,sgr,cas,0
capital,sgr,che,0
capital,sgr,chn,0
capital,sgr,cyp,0
capital,sgr,cze,0
capital,sgr,deu,0
capital,sgr,dnk,0
capital,sgr,esp,0
capital,sgr,est,0
capital,sgr,fin,0
capital,sgr,fra,0
capital,sgr,gbr,0
capital,sgr,grc,0
capital,sgr,hrv,0
capital,sgr,hun,0
capital,sgr,idn,0
capital,sgr,ind,0
capital,sgr,irl,0
capital,sgr,ita,0
capital,sgr,jpn,0
capital,sgr,kor,0
capital,sgr,lam_l,0
capital,sgr,lam_m,0
capital,sgr,ltu,0
capital,sgr,lux,0
capital,sgr,lva,0
capital,sgr,mea_h,0
capital,sgr,mea_m,0
capital,sgr,mex,0
capital,sgr,mlt,0
capital,sgr,naf,0
capital,sgr,nld,0
capital,sgr,nor,0
capital,sgr,oas_cpa,0
capital,sgr,oas_l,0
capital,sgr,oas_m,0
capital,sgr,pak,0
capital,sgr,pol,0
capital,sgr,prt,0
capital,sgr,rou,0
capital,sgr,rus,0
capital,sgr,ssa_l,0
capital,sgr,ssa_m,0
capital,sgr,svk,0
capital,sgr,svn,0
capital,sgr,swe,0
capital,sgr,tur,0
capital,sgr,twn,0
capital,sgr,ukr,0
capital,sgr,usa,0
capital,sgr,xee,0
capital,sgr,xef,0
capital,sgr,xer,0
capital,sgr,zaf,0
capital,svs,alb,0
capital,svs,anuz,0
capital,svs,aut,0
capital,svs,bel,0
capital,svs,bgr,0
capital,svs,blr,0
capital,svs,bra,0
capital,svs,can_xna,0
capital,svs,cas,0
capital,svs,che,0
capital,svs,chn,0
capital,svs,cyp,0
capital,svs,cze,0
capital,svs,deu,0
capital,svs,dnk,0
capital,svs,esp,0
capital,svs,est,0
capital,svs,fin,0
capital,svs,fra,0
capital,svs,gbr,0
capital,svs,grc,0
capital,svs,hrv,0
capital,svs,hun,0
capital,svs,idn,0
capital,svs,ind,0
capital,svs,irl,0
capital,svs,ita,0
capital,svs,jpn,0
capital,svs,kor,0
capital,svs,lam_l,0
capital,svs,lam_m,0
capital,svs,ltu,0
capital,svs,lux,0
capital,svs,lva,0
capital,svs,mea_h,0
capital,svs,mea_m,0
capital,svs,mex,0
capital,svs,mlt,0
capital,svs,naf,0
capital,svs,nld,0
capital,svs,nor,0
capital,svs,oas_cpa,0
capital,svs,oas_l,0
capital,svs,oas_m,0
capital,svs,pak,0
capital,svs,pol,0
capital,svs,prt,0
capital,svs,rou,0
capital,svs,rus,0
capital,svs,ssa_l,0
capital,svs,ssa_m,0
capital,svs,svk,0
capital,svs,svn,0
capital,svs,swe,0
capital,svs,tur,0
capital,svs,twn,0
capital,svs,ukr,0
capital,svs,usa,0
capital,svs,xee,0
capital,svs,xef,0
capital,svs,xer,0
capital,svs,zaf,0
capital,trd,alb,0
capital,trd,anuz,0
capital,trd,aut,0
capital,trd,bel,0
capital,trd,bgr,0
capital,trd,blr,0
capital,trd,bra,0
capital,trd,can_xna,0
capital,trd,cas,0
capital,trd,che,0
capital,trd,chn,0
capital,trd,cyp,0
capital,trd,cze,0
capital,trd,deu,0
capital,trd,dnk,0
capital,trd,esp,0
capital,trd,est,0
capital,trd,fin,0
capital,trd,fra,0
capital,trd,gbr,0
capital,trd,grc,0
capital,trd,hrv,0
capital,trd,hun,0
capital,trd,idn,0
capital,trd,ind,0
capital,trd,irl,0
capital,trd,ita,0
capital,trd,jpn,0
capital,trd,kor,0
capital,trd,lam_l,0
capital,trd,lam_m,0
capital,trd,ltu,0
capital,trd,lux,0
capital,trd,lva,0
capital,trd,mea_h,0
capital,trd,mea_m,0
capital,trd,mex,0
capital,trd,mlt,0
capital,trd,naf,0
capital,trd,nld,0
capital,trd,nor,0
capital,trd,oas_cpa,0
capital,trd,oas_l,0
capital,trd,oas_m,0
capital,trd,pak,0
capital,trd,pol,0
capital,trd,prt,0
capital,trd,rou,0
capital,trd,rus,0
capital,trd,ssa_l,0
capital,trd,ssa_m,0
capital,trd,svk,0
capital,trd,svn,0
capital,trd,swe,0
capital,trd,tur,0
capital,trd,twn,0
capital,trd,ukr,0
capital,trd,usa,0
capital,trd,xee,0
capital,trd,xef,0
capital,trd,xer,0
capital,trd,zaf,0
capital,tsp,alb,0
capital,tsp,anuz,0
capital,tsp,aut,0
capital,tsp,bel,0
capital,tsp,bgr,0
capital,tsp,blr,0
capital,tsp,bra,0
capital,tsp,can_xna,0
capital,tsp,cas,0
capital,tsp,che,0
capital,tsp,chn,0
capital,tsp,cyp,0
capital,tsp,cze,0
capital,tsp,deu,0
capital,tsp,dnk,0
capital,tsp,esp,0
capital,tsp,est,0
capital,tsp,fin,0
capital,tsp,fra,0
capital,tsp,gbr,0
capital,tsp,grc,0
capital,tsp,hrv,0
capital,tsp,hun,0
capital,tsp,idn,0
capital,tsp,ind,0
capital,tsp,irl,0
capital,tsp,ita,0
capital,tsp,jpn,0
capital,tsp,kor,0
capital,tsp,lam_l,0
capital,tsp,lam_m,0
capital,tsp,ltu,0
capital,tsp,lux,0
capital,tsp,lva,0
capital,tsp,mea_h,0
capital,tsp,mea_m,0
capital,tsp,mex,0
capital,tsp,mlt,0
capital,tsp,naf,0
capital,tsp,nld,0
capital,tsp,nor,0
capital,tsp,oas_cpa,0
capital,tsp,oas_l,0
capital,tsp,oas_m,0
capital,tsp,pak,0
capital,tsp,pol,0
capital,tsp,prt,0
capital,tsp,rou,0
capital,tsp,rus,0
capital,tsp,ssa_l,0
capital,tsp,ssa_m,0
capital,tsp,svk,0
capital,tsp,svn,0
capital,tsp,swe,0
capital,tsp,tur,0
capital,tsp,twn,0
capital,tsp,ukr,0
capital,tsp,usa,0
capital,tsp,xee,0
capital,tsp,xef,0
capital,tsp,xer,0
capital,tsp,zaf,0
capital,twl,alb,0
capital,twl,anuz,0
capital,twl,aut,0
capital,twl,bel,0
capital,twl,bgr,0
capital,twl,blr,0
capital,twl,bra,0
capital,twl,can_xna,0
capital,twl,cas,0
capital,twl,che,0
capital,twl,chn,0
capital,twl,cyp,0
capital,twl,cze,0
capital,twl,deu,0
capital,twl,dnk,0
capital,twl,esp,0
capital,twl,est,0
capital,twl,fin,0
capital,twl,fra,0
capital,twl,gbr,0
capital,twl,grc,0
capital,twl,hrv,0
capital,twl,hun,0
capital,twl,idn,0
capital,twl,ind,0
capital,twl,irl,0
capital,twl,ita,0
capital,twl,jpn,0
capital,twl,kor,0
capital,twl,lam_l,0
capital,twl,lam_m,0
capital,twl,ltu,0
capital,twl,lux,0
capital,twl,lva,0
capital,twl,mea_h,0
capital,twl,mea_m,0
capital,twl,mex,0
capital,twl,mlt,0
capital,twl,naf,0
capital,twl,nld,0
capital,twl,nor,0
capital,twl,oas_cpa,0
capital,twl,oas_l,0
capital,twl,oas_m,0
capital,twl,pak,0
capital,twl,pol,0
capital,twl,prt,0
capital,twl,rou,0
capital,twl,rus,0
capital,twl,ssa_l,0
capital,twl,ssa_m,0
capital,twl,svk,0
capital,twl,svn,0
capital,twl,swe,0
capital,twl,tur,0
capital,twl,twn,0
capital,twl,ukr,0
capital,twl,usa,0
capital,twl,xee,0
capital,twl,xef,0
capital,twl,xer,0
capital,twl,zaf,0
capital,utl,alb,0
capital,utl,anuz,0
capital,utl,aut,0
capital,utl,bel,0
capital,utl,bgr,0
capital,utl,blr,0
capital,utl,bra,0
capital,utl,can_xna,0
capital,utl,cas,0
capital,utl,che,0
capital,utl,chn,0
capital,utl,cyp,0
capital,utl,cze,0
capital,utl,deu,0
capital,utl,dnk,0
capital,utl,esp,0
capital,utl,est,0
capital,utl,fin,0
capital,utl,fra,0
capital,utl,gbr,0
capital,utl,grc,0
capital,utl,hrv,0
capital,utl,hun,0
capital,utl,idn,0
capital,utl,ind,0
capital,utl,irl,0
capital,utl,ita,0
capital,utl,jpn,0
capital,utl,kor,0
capital,utl,lam_l,0
capital,utl,lam_m,0
capital,utl,ltu,0
capital,utl,lux,0
capital,utl,lva,0
capital,utl,mea_h,0
capital,utl,mea_m,0
capital,utl,mex,0
capital,utl,mlt,0
capital,utl,naf,0
capital,utl,nld,0
capital,utl,nor,0
capital,utl,oas_cpa,0
capital,utl,oas_l,0
capital,utl,oas_m,0
capital,utl,pak,0
capital,utl,pol,0
capital,utl,prt,0
capital,utl,rou,0
capital,utl,rus,0
capital,utl,ssa_l,0
capital,utl,ssa_m,0
capital,utl,svk,0
capital,utl,svn,0
capital,utl,swe,0
capital,utl,tur,0
capital,utl,twn,0
capital,utl,ukr,0
capital,utl,usa,0
capital,utl,xee,0
capital,utl,xef,0
capital,utl,xer,0
capital,utl,zaf,0
capital,v_f,alb,0
capital,v_f,anuz,0
capital,v_f,aut,0
capital,v_f,bel,0
capital,v_f,bgr,0
capital,v_f,blr,0
capital,v_f,bra,0
capital,v_f,can_xna,0
capital,v_f,cas,0
capital,v_f,che,0
capital,v_f,chn,0
capital,v_f,cyp,0
capital,v_f,cze,0
capital,v_f,deu,0
capital,v_f,dnk,0
capital,v_f,esp,0
capital,v_f,est,0
capital,v_f,fin,0
capital,v_f,fra,0
capital,v_f,gbr,0
capital,v_f,grc,0
capital,v_f,hrv,0
capital,v_f,hun,0
capital,v_f,idn,0
capital,v_f,ind,0
capital,v_f,irl,0
capital,v_f,ita,0
capital,v_f,jpn,0
capital,v_f,kor,0
capital,v_f,lam_l,0
capital,v_f,lam_m,0
capital,v_f,ltu,0
capital,v_f,lux,0
capital,v_f,lva,0
capital,v_f,mea_h,0
capital,v_f,mea_m,0
capital,v_f,mex,0
capital,v_f,mlt,0
capital,v_f,naf,0
capital,v_f,nld,0
capital,v_f,nor,0
capital,v_f,oas_cpa,0
capital,v_f,oas_l,0
capital,v_f,oas_m,0
capital,v_f,pak,0
capital,v_f,pol,0
capital,v_f,prt,0
capital,v_f,rou,0
capital,v_f,rus,0
capital,v_f,ssa_l,0
capital,v_f,ssa_m,0
capital,v_f,svk,0
capital,v_f,svn,0
capital,v_f,swe,0
capital,v_f,tur,0
capital,v_f,twn,0
capital,v_f,ukr,0
capital,v_f,usa,0
capital,v_f,xee,0
capital,v_f,xef,0
capital,v_f,xer,0
capital,v_f,zaf,0
capital,vol,alb,0
capital,vol,anuz,0
capital,vol,aut,0
capital,vol,bel,0
capital,vol,bgr,0
capital,vol,blr,0
capital,vol,bra,0
capital,vol,can_xna,0
capital,vol,cas,0
capital,vol,che,0
capital,vol,chn,0
capital,vol,cyp,0
capital,vol,cze,0
capital,vol,deu,0
capital,vol,dnk,0
capital,vol,esp,0
capital,vol,est,0
capital,vol,fin,0
capital,vol,fra,0
capital,vol,gbr,0
capital,vol,grc,0
capital,vol,hrv,0
capital,vol,hun,0
capital,vol,idn,0
capital,vol,ind,0
capital,vol,irl,0
capital,vol,ita,0
capital,vol,jpn,0
capital,vol,kor,0
capital,vol,lam_l,0
capital,vol,lam_m,0
capital,vol,ltu,0
capital,vol,lux,0
capital,vol,lva,0
capital,vol,mea_h,0
capital,vol,mea_m,0
capital,vol,mex,0
capital,vol,mlt,0
capital,vol,naf,0
capital,vol,nld,0
capital,vol,nor,0
capital,vol,oas_cpa,0
capital,vol,oas_l,0
capital,vol,oas_m,0
capital,vol,pak,0
capital,vol,pol,0
capital,vol,prt,0
capital,vol,rou,0
capital,vol,rus,0
capital,vol,ssa_l,0
capital,vol,ssa_m,0
capital,vol,svk,0
capital,vol,svn,0
capital,vol,swe,0
capital,vol,tur,0
capital,vol,twn,0
capital,vol,ukr,0
capital,vol,usa,0
capital,vol,xee,0
capital,vol,xef,0
capital,vol,xer,0
capital,vol,zaf,0
capital,wht,alb,0
capital,wht,anuz,0
capital,wht,aut,0
capital,wht,bel,0
capital,wht,bgr,0
capital,wht,blr,0
capital,wht,bra,0
capital,wht,can_xna,0
capital,wht,cas,0
capital,wht,che,0
capital,wht,chn,0
capital,wht,cyp,0
capital,wht,cze,0
capital,wht,deu,0
capital,wht,dnk,0
capital,wht,esp,0
capital,wht,est,0
capital,wht,fin,0
capital,wht,fra,0
capital,wht,gbr,0
capital,wht,grc,0
capital,wht,hrv,0
capital,wht,hun,0
capital,wht,idn,0
capital,wht,ind,0
capital,wht,irl,0
capital,wht,ita,0
capital,wht,jpn,0
capital,wht,kor,0
capital,wht,lam_l,0
capital,wht,lam_m,0
capital,wht,ltu,0
capital,wht,lux,0
capital,wht,lva,0
capital,wht,mea_h,0
capital,wht,mea_m,0
capital,wht,mex,0
capital,wht,mlt,0
capital,wht,naf,0
capital,wht,nld,0
capital,wht,nor,0
capital,wht,oas_cpa,0
capital,wht,oas_l,0
capital,wht,oas_m,0
capital,wht,pak,0
capital,wht,pol,0
capital,wht,prt,0
capital,wht,rou,0
capital,wht,rus,0
capital,wht,ssa_l,0
capital,wht,ssa_m,0
capital,wht,svk,0
capital,wht,svn,0
capital,wht,swe,0
capital,wht,tur,0
capital,wht,twn,0
capital,wht,ukr,0
capital,wht,usa,0
capital,wht,xee,0
capital,wht,xef,0
capital,wht,xer,0
capital,wht,zaf,0
capital,wol,alb,0
capital,wol,anuz,0
capital,wol,aut,0
capital,wol,bel,0
capital,wol,bgr,0
capital,wol,blr,0
capital,wol,bra,0
capital,wol,can_xna,0
capital,wol,cas,0
capital,wol,che,0
capital,wol,chn,0
capital,wol,cyp,0
capital,wol,cze,0
capital,wol,deu,0
capital,wol,dnk,0
capital,wol,esp,0
capital,wol,est,0
capital,wol,fin,0
capital,wol,fra,0
capital,wol,gbr,0
capital,wol,grc,0
capital,wol,hrv,0
capital,wol,hun,0
capital,wol,idn,0
capital,wol,ind,0
capital,wol,irl,0
capital,wol,ita,0
capital,wol,jpn,0
capital,wol,kor,0
capital,wol,lam_l,0
capital,wol,lam_m,0
capital,wol,ltu,0
capital,wol,lux,0
capital,wol,lva,0
capital,wol,mea_h,0
capital,wol,mea_m,0
capital,wol,mex,0
capital,wol,mlt,0
capital,wol,naf,0
capital,wol,nld,0
capital,wol,nor,0
capital,wol,oas_cpa,0
capital,wol,oas_l,0
capital,wol,oas_m,0
capital,wol,pak,0
capital,wol,pol,0
capital,wol,prt,0
capital,wol,rou,0
capital,wol,rus,0
capital,wol,ssa_l,0
capital,wol,ssa_m,0
capital,wol,svk,0
capital,wol,svn,0
capital,wol,swe,0
capital,wol,tur,0
capital,wol,twn,0
capital,wol,ukr,0
capital,wol,usa,0
capital,wol,xee,0
capital,wol,xef,0
capital,wol,xer,0
capital,wol,zaf,0
capital,wpp,alb,0
capital,wpp,anuz,0
capital,wpp,aut,0
capital,wpp,bel,0
capital,wpp,bgr,0
capital,wpp,blr,0
capital,wpp,bra,0
capital,wpp,can_xna,0
capital,wpp,cas,0
capital,wpp,che,0
capital,wpp,chn,0
capital,wpp,cyp,0
capital,wpp,cze,0
capital,wpp,deu,0
capital,wpp,dnk,0
capital,wpp,esp,0
capital,wpp,est,0
capital,wpp,fin,0
capital,wpp,fra,0
capital,wpp,gbr,0
capital,wpp,grc,0
capital,wpp,hrv,0
capital,wpp,hun,0
capital,wpp,idn,0
capital,wpp,ind,0
capital,wpp,irl,0
capital,wpp,ita,0
capital,wpp,jpn,0
capital,wpp,kor,0
capital,wpp,lam_l,0
capital,wpp,lam_m,0
capital,wpp,ltu,0
capital,wpp,lux,0
capital,wpp,lva,0
capital,wpp,mea_h,0
capital,wpp,mea_m,0
capital,wpp,mex,0
capital,wpp,mlt,0
capital,wpp,naf,0
capital,wpp,nld,0
capital,wpp,nor,0
capital,wpp,oas_cpa,0
capital,wpp,oas_l,0
capital,wpp,oas_m,0
capital,wpp,pak,0
capital,wpp,pol,0
capital,wpp,prt,0
capital,wpp,rou,0
capital,wpp,rus,0
capital,wpp,ssa_l,0
capital,wpp,ssa_m,0
capital,wpp,svk,0
capital,wpp,svn,0
capital,wpp,swe,0
capital,wpp,tur,0
capital,wpp,twn,0
capital,wpp,ukr,0
capital,wpp,usa,0
capital,wpp,xee,0
capital,wpp,xef,0
capital,wpp,xer,0
capital,wpp,zaf,0
capital,zcgds,alb,0
capital,zcgds,anuz,0
capital,zcgds,aut,0
capital,zcgds,bel,0
capital,zcgds,bgr,0
capital,zcgds,blr,0
capital,zcgds,bra,0
capital,zcgds,can_xna,0
capital,zcgds,cas,0
capital,zcgds,che,0
capital,zcgds,chn,0
capital,zcgds,cyp,0
capital,zcgds,cze,0
capital,zcgds,deu,0
capital,zcgds,dnk,0
capital,zcgds,esp,0
capital,zcgds,est,0
capital,zcgds,fin,0
capital,zcgds,fra,0
capital,zcgds,gbr,0
capital,zcgds,grc,0
capital,zcgds,hrv,0
capital,zcgds,hun,0
capital,zcgds,idn,0
capital,zcgds,ind,0
capital,zcgds,irl,0
capital,zcgds,ita,0
capital,zcgds,jpn,0
capital,zcgds,kor,0
capital,zcgds,lam_l,0
capital,zcgds,lam_m,0
capital,zcgds,ltu,0
capital,zcgds,lux,0
capital,zcgds,lva,0
capital,zcgds,mea_h,0
capital,zcgds,mea_m,0
capital,zcgds,mex,0
capital,zcgds,mlt,0
capital,zcgds,naf,0
capital,zcgds,nld,0
capital,zcgds,nor,0
capital,zcgds,oas_cpa,0
capital,zcgds,oas_l,0
capital,zcgds,oas_m,0
capital,zcgds,pak,0
capital,zcgds,pol,0
capital,zcgds,prt,0
capital,zcgds,rou,0
capital,zcgds,rus,0
capital,zcgds,ssa_l,0
capital,zcgds,ssa_m,0
capital,zcgds,svk,0
capital,zcgds,svn,0
capital,zcgds,swe,0
capital,zcgds,tur,0
capital,zcgds,twn,0
capital,zcgds,ukr,0
capital,zcgds,usa,0
capital,zcgds,xee,0
capital,zcgds,xef,0
capital,zcgds,xer,0
capital,zcgds,zaf,0
